0.000000
0.000000
0.000000
0.000000
0.000000
0.000000
0.000000
0.000000
0.000000
0.000000
0.000000
0.000000
0.001490
0.000000
0.001140
0.001660
0.000000
0.501350
0.000000
0.000000
0.000000
0.000000
0.000000
0.001210
0.000100
0.000000
0.000160
0.000050
0.000150
0.000000
0.003980
0.000090
0.000000
0.000000
0.000000
0.000170
0.000000
0.000030
0.000000
0.000000
0.000240
0.000000
0.000000
0.000130
0.000000
0.000000
0.000010
0.000010
0.000030
0.000010
0.000000
0.000040
0.000060
0.000000
0.000000
0.000270
0.000230
0.000000
0.000000
0.006630
0.000570
0.000260
0.000330
0.000000
0.000000
0.000000
0.000000
0.000000
0.000000
0.000000
0.000000
0.000000
0.000000
0.000000
0.000000
0.000000
0.000000
0.000000
0.000000
0.000000
0.000000
0.000000
0.000000
0.000000
0.000020
0.000000
0.000000
0.000000
0.000000
0.000000
0.000000
0.000000
0.000000
0.000000
0.000000
0.000000
0.000000
0.000000
0.000000
0.000000
0.000000
0.000000
0.000000
0.000000
0.000000
0.000000
0.000000
0.000000
0.000000
0.000000
0.000000
0.000000
0.000000
0.000000
0.000000
0.000000
0.000000
0.000000
0.000000
0.000000
0.000000
0.000000
0.000000
0.000000
0.000000
0.000000
0.000000
0.000000
0.000000
0.000000
0.000000
0.000000
0.000000
0.000000
0.000000
0.000000
0.000000
0.000000
0.000000
0.000000
0.000000
0.000000
0.000000
0.000000
0.000000
0.000000
0.000000
0.000000
0.000000
0.000000
0.000000
0.000000
0.000000
0.000000
0.000000
0.000000
0.000000
0.000000
0.000000
0.000000
0.000000
0.000000
0.000000
0.000000
0.000000
0.000000
0.000000
0.000000
0.000000
0.000000
0.000000
0.000000
0.000000
0.000000
0.000000
0.000000
0.000000
0.000000
0.000000
0.000000
0.000000
0.000000
0.000000
0.000000
0.000000
0.000000
0.000000
0.000000
0.000000
0.000000
0.000000
0.000000
0.000000
0.000000
0.000000
0.000000
0.000000
0.000000
0.000000
0.000000
0.000000
0.000000
0.000000
0.000000
0.000000
0.000000
0.000000
0.000000
0.000000
0.000000
0.000000
0.000000
0.000000
0.000000
0.000000
0.000000
0.000000
0.000000
0.000000
0.000000
0.000000
0.000000
0.000000
0.000000
0.000000
0.000000
0.000000
0.000000
0.000000
0.000000
0.000000
0.000000
0.000000
0.000000
0.000000
0.000000
0.000000
0.000000
0.000000
0.000000
0.000000
0.000000
0.000000
0.000000
0.000000
0.000000
0.000000
0.000000
0.000000
0.000000
0.000000
0.000000
0.000000
0.000060
0.000010
0.000010
0.000000
0.000000
0.000000
0.000000
0.000000
0.000010
0.000000
0.000000
0.000000
0.000000
0.000000
0.000000
0.000000
0.000000
0.000000
0.000000
0.000000
0.000000
0.000000
0.000000
0.000010
0.000000
0.000000
0.000000
0.000000
0.000000
0.000000
0.000000
0.000000
0.000000
0.000000
0.000000
0.000000
0.000000
0.000360
0.001620
0.022180
0.000000
0.000000
0.000360
0.000100
0.000740
0.000000
0.000000
0.000000
0.000050
0.000080
0.000000
0.000190
0.000010
0.000110
0.000010
0.000100
0.000240
0.000000
0.000000
0.000000
0.000000
0.000030
0.000040
0.000340
0.002450
0.000000
0.000000
0.000000
0.000000
0.000000
0.000000
0.000000
0.000000
0.000000
0.000000
0.000000
0.000000
0.000000
0.000000
0.000000
0.000000
0.544870
0.000000
0.000000
0.001930
0.000000
0.000180
0.001090
0.000000
0.000000
0.000000
0.000000
0.000000
0.000000
0.004190
0.000000
0.000000
0.000350
0.000030
0.000160
0.000000
0.000030
0.000000
0.000000
0.000300
0.000000
0.000000
0.000140
0.000000
0.000000
0.000000
0.000000
0.000000
0.000000
0.000000
0.000000
0.000000
0.000000
0.000000
0.000000
0.000000
0.000000
0.000000
0.006870
0.000000
0.000000
0.000000
0.000000
0.000180
0.000050
0.000000
0.000000
0.000000
0.000000
0.000000
0.000000
0.000000
0.000000
0.000000
0.000010
0.000000
0.000000
0.000000
0.000000
0.000000
0.000000
0.000000
0.000000
0.000020
0.000000
0.000000
0.000000
0.000000
0.000000
0.000000
0.000000
0.000000
0.000000
0.000000
0.000000
0.000000
0.000000
0.000000
0.000000
0.000000
0.000000
0.000000
0.000000
0.000000
0.000000
0.000000
0.000000
0.000000
0.000000
0.000000
0.000000
0.000000
0.000000
0.000000
0.000000
0.000000
0.000000
0.000000
0.000000
0.000000
0.000000
0.000000
0.000000
0.000000
0.000000
0.000000
0.000000
0.000000
0.000000
0.000000
0.000000
0.000000
0.000000
0.000000
0.000000
0.000000
0.000000
0.000000
0.000000
0.000000
0.000000
0.000000
0.000000
0.000000
0.000000
0.000000
0.000000
0.000000
0.000000
0.000000
0.000000
0.000000
0.000000
0.000000
0.000000
0.000000
0.000000
0.000000
0.000000
0.000000
0.000000
0.000000
0.000000
0.000000
0.000000
0.000000
0.000000
0.000000
0.000000
0.000000
0.000000
0.000000
0.000000
0.000000
0.000000
0.000000
0.000000
0.000000
0.000000
0.000000
0.000000
0.000000
0.000000
0.000000
0.000000
0.000000
0.000000
0.000000
0.000000
0.000000
0.000000
0.000000
0.000000
0.000000
0.000000
0.000000
0.000000
0.000000
0.000010
0.000000
0.000000
0.000000
0.000000
0.000000
0.000000
0.000000
0.000000
0.000000
0.000000
0.000000
0.000000
0.000000
0.000000
0.000000
0.000000
0.000000
0.000000
0.000000
0.000000
0.000000
0.000000
0.000000
0.000000
0.000000
0.000000
0.000000
0.000000
0.000000
0.000000
0.000000
0.000000
0.000000
0.000000
0.000000
0.000000
0.000000
0.000000
0.000000
0.000000
0.000000
0.000000
0.000000
0.000000
0.000000
0.000000
0.000000
0.000000
0.000000
0.000000
0.000000
0.000000
0.000000
0.000050
0.000000
0.000000
0.000000
0.000000
0.000000
0.000000
0.000030
0.000000
0.000000
0.000000
0.000010
0.000000
0.000000
0.000000
0.000000
0.000000
0.000000
0.000000
0.000000
0.000000
0.000000
0.000000
0.000010
0.000000
0.000000
0.000000
0.000000
0.000000
0.000000
0.000000
0.000000
0.000000
0.000000
0.000000
0.000000
0.000000
0.000000
0.000000
0.000000
0.000000
0.000000
0.000000
0.000000
0.000000
0.000000
0.000000
0.000090
0.000000
0.000000
0.000000
0.000000
0.000000
0.000000
0.000000
0.000000
0.000000
0.000000
0.017520
0.000320
0.000000
0.000000
0.000000
0.000000
0.000000
0.000000
0.078760
0.000000
0.000000
0.000000
0.000000
0.000000
0.000000
0.000000
0.000000
0.000000
0.000000
0.001930
0.000000
0.005700
0.532670
0.000000
0.002190
0.000000
0.000000
0.000000
0.000000
0.000000
0.000040
0.000440
0.000000
0.000130
0.000760
0.003280
0.000000
0.000070
0.000610
0.000000
0.000000
0.000000
0.000020
0.000000
0.000000
0.000320
0.000000
0.000010
0.000100
0.000000
0.000000
0.000020
0.000000
0.000020
0.000040
0.000010
0.000300
0.000000
0.000050
0.000430
0.000000
0.000000
0.000470
0.006210
0.000000
0.000000
0.000150
0.001840
0.000530
0.000440
0.000000
0.000000
0.000000
0.000000
0.000000
0.000000
0.000000
0.000000
0.000000
0.000000
0.000010
0.000000
0.000000
0.000000
0.000000
0.000000
0.000000
0.000000
0.000000
0.000000
0.000000
0.000000
0.000000
0.000000
0.000000
0.000000
0.000000
0.000000
0.000000
0.000000
0.000000
0.000000
0.000000
0.000000
0.000000
0.000000
0.000000
0.000000
0.000000
0.000000
0.000000
0.000000
0.000000
0.000000
0.000000
0.000000
0.000000
0.000000
0.000000
0.000000
0.000000
0.000000
0.000000
0.000000
0.000000
0.000000
0.000000
0.000000
0.000000
0.000000
0.000000
0.000000
0.000000
0.000000
0.000000
0.000000
0.000000
0.000000
0.000000
0.000000
0.000000
0.000000
0.000000
0.000000
0.000000
0.000000
0.000000
0.000000
0.000000
0.000000
0.000000
0.000000
0.000000
0.000000
0.000000
0.000000
0.000000
0.000000
0.000000
0.000000
0.000000
0.000000
0.000000
0.000000
0.000000
0.000000
0.000000
0.000000
0.000000
0.000000
0.000000
0.000000
0.000000
0.000000
0.000000
0.000000
0.000000
0.000000
0.000000
0.000000
0.000000
0.000000
0.000000
0.000000
0.000000
0.000000
0.000000
0.000000
0.000000
0.000000
0.000000
0.000000
0.000000
0.000000
0.000000
0.000000
0.000000
0.000000
0.000000
0.000000
0.000000
0.000010
0.000000
0.000000
0.000020
0.000000
0.000000
0.000000
0.000000
0.000000
0.000000
0.000000
0.000000
0.000000
0.000000
0.000000
0.000000
0.000000
0.000000
0.000000
0.000000
0.000000
0.000000
0.000000
0.000000
0.000000
0.000000
0.000000
0.000000
0.000000
0.000010
0.000000
0.000000
0.000000
0.000000
0.000000
0.000000
0.000000
0.000000
0.000000
0.000000
0.000000
0.000000
0.000000
0.000000
0.000000
0.000000
0.000000
0.000000
0.000000
0.000000
0.000000
0.000000
0.000000
0.000000
0.000000
0.000030
0.000000
0.000000
0.000000
0.000000
0.000010
0.000010
0.000000
0.000000
0.000030
0.000000
0.000000
0.000000
0.000020
0.000000
0.000000
0.000000
0.000000
0.000000
0.000000
0.000000
0.000000
0.000000
0.000000
0.000000
0.000000
0.000000
0.000000
0.000000
0.000000
0.000010
0.000000
0.000000
0.000000
0.000000
0.000000
0.000000
0.000000
0.000000
0.000000
0.000000
0.008330
0.041970
0.051910
0.000000
0.000000
0.000020
0.000010
0.000540
0.000000
0.000000
0.000000
0.000040
0.000640
0.000000
0.000040
0.000050
0.000030
0.000240
0.000090
0.020450
0.000000
0.000000
0.000000
0.000000
0.000030
0.000230
0.001490
0.120090
0.000000
0.000000
0.000000
0.000000
0.000000
0.000000
0.000000
0.000000
0.000000
0.000000
0.001980
0.000000
0.516360
0.003020
0.000000
0.001600
0.000000
0.000000
0.000000
0.000000
0.000000
0.000540
0.000050
0.000000
0.000980
0.002320
0.000330
0.000000
0.000610
0.000030
0.000000
0.000000
0.000000
0.000050
0.000000
0.000350
0.000020
0.000000
0.000080
0.000000
0.000000
0.000000
0.000010
0.000000
0.000030
0.000000
0.000310
0.000000
0.000000
0.000280
0.001070
0.000000
0.000000
0.006150
0.000430
0.000000
0.000000
0.001770
0.000600
0.000200
0.000400
0.000000
0.000000
0.000000
0.000000
0.000000
0.000000
0.000000
0.000000
0.000000
0.000010
0.000000
0.000000
0.000000
0.000000
0.000000
0.000010
0.000000
0.000000
0.000000
0.000000
0.000000
0.000000
0.000000
0.000000
0.000000
0.000000
0.000000
0.000000
0.000000
0.000000
0.000000
0.000000
0.000000
0.000000
0.000000
0.000000
0.000000
0.000000
0.000000
0.000000
0.000000
0.000000
0.000000
0.000000
0.000000
0.000000
0.000000
0.000000
0.000000
0.000000
0.000000
0.000000
0.000000
0.000000
0.000000
0.000000
0.000000
0.000000
0.000000
0.000000
0.000000
0.000000
0.000000
0.000000
0.000000
0.000000
0.000000
0.000000
0.000000
0.000000
0.000000
0.000000
0.000000
0.000000
0.000000
0.000000
0.000000
0.000000
0.000000
0.000000
0.000000
0.000000
0.000000
0.000000
0.000000
0.000000
0.000000
0.000000
0.000000
0.000000
0.000000
0.000000
0.000000
0.000000
0.000000
0.000000
0.000000
0.000000
0.000000
0.000000
0.000000
0.000000
0.000000
0.000000
0.000000
0.000000
0.000000
0.000000
0.000000
0.000000
0.000000
0.000000
0.000000
0.000000
0.000000
0.000000
0.000000
0.000000
0.000000
0.000000
0.000000
0.000000
0.000000
0.000000
0.000000
0.000000
0.000000
0.000000
0.000000
0.000000
0.000010
0.000000
0.000010
0.000020
0.000000
0.000000
0.000000
0.000000
0.000000
0.000000
0.000000
0.000000
0.000000
0.000000
0.000000
0.000000
0.000000
0.000000
0.000000
0.000000
0.000000
0.000000
0.000000
0.000000
0.000000
0.000000
0.000000
0.000000
0.000000
0.000010
0.000000
0.000000
0.000000
0.000000
0.000000
0.000000
0.000000
0.000000
0.000000
0.000000
0.000000
0.000000
0.000000
0.000000
0.000000
0.000000
0.000000
0.000000
0.000000
0.000000
0.000000
0.000000
0.000000
0.000000
0.000000
0.000030
0.000040
0.000000
0.000000
0.000000
0.000020
0.000010
0.000000
0.000000
0.000000
0.000000
0.000000
0.000000
0.000020
0.000000
0.000000
0.000000
0.000000
0.000000
0.000000
0.000000
0.000000
0.000000
0.000000
0.000000
0.000000
0.000000
0.000000
0.000000
0.000000
0.000000
0.000010
0.000000
0.000000
0.000000
0.000000
0.000000
0.000000
0.000000
0.000000
0.000000
0.000000
0.042700
0.050430
0.000580
0.000000
0.000000
0.000010
0.000520
0.000400
0.000000
0.000000
0.000000
0.000660
0.000010
0.000000
0.000080
0.000010
0.000320
0.000050
0.019570
0.000050
0.000000
0.000000
0.000000
0.000000
0.000070
0.000950
0.116700
0.000400
0.000000
0.000000
0.000000
0.000000
0.000000
0.000000
0.000000
0.000000
0.000000
0.000000
0.000000
0.000000
0.004130
0.000000
0.001910
0.000000
0.000000
0.000000
0.000000
0.000000
0.000000
0.000290
0.000000
0.000000
0.000360
0.000130
0.000000
0.000000
0.000040
0.000000
0.000000
0.000000
0.000040
0.000000
0.000000
0.000030
0.000000
0.000000
0.000000
0.000000
0.000010
0.000020
0.000000
0.000000
0.000290
0.000000
0.000000
0.000000
0.000810
0.000000
0.000000
0.000000
0.000000
0.000000
0.000000
0.000000
0.000000
0.000000
0.000220
0.000270
0.000000
0.000000
0.000000
0.000000
0.000000
0.000000
0.000000
0.000000
0.000010
0.000000
0.000000
0.000000
0.000000
0.000000
0.000000
0.000010
0.000000
0.000000
0.000000
0.000000
0.000000
0.000000
0.000000
0.000000
0.000000
0.000000
0.000000
0.000000
0.000000
0.000000
0.000000
0.000000
0.000000
0.000000
0.000000
0.000000
0.000000
0.000000
0.000000
0.000000
0.000000
0.000000
0.000000
0.000000
0.000000
0.000000
0.000000
0.000000
0.000000
0.000000
0.000000
0.000000
0.000000
0.000000
0.000000
0.000000
0.000000
0.000000
0.000000
0.000000
0.000000
0.000000
0.000000
0.000000
0.000000
0.000000
0.000000
0.000000
0.000000
0.000000
0.000000
0.000000
0.000000
0.000000
0.000000
0.000000
0.000000
0.000000
0.000000
0.000000
0.000000
0.000000
0.000000
0.000000
0.000000
0.000000
0.000000
0.000000
0.000000
0.000000
0.000000
0.000000
0.000000
0.000000
0.000000
0.000000
0.000000
0.000000
0.000000
0.000000
0.000000
0.000000
0.000000
0.000000
0.000000
0.000000
0.000000
0.000000
0.000000
0.000000
0.000000
0.000000
0.000000
0.000000
0.000000
0.000000
0.000000
0.000000
0.000000
0.000000
0.000000
0.000000
0.000000
0.000000
0.000000
0.000000
0.000000
0.000000
0.000000
0.000000
0.000000
0.000010
0.000010
0.000000
0.000000
0.000000
0.000000
0.000000
0.000000
0.000000
0.000000
0.000000
0.000000
0.000000
0.000000
0.000000
0.000000
0.000000
0.000000
0.000000
0.000000
0.000000
0.000000
0.000000
0.000000
0.000000
0.000000
0.000000
0.000000
0.000000
0.000000
0.000000
0.000000
0.000000
0.000000
0.000000
0.000000
0.000000
0.000000
0.000000
0.000000
0.000000
0.000000
0.000000
0.000000
0.000000
0.000000
0.000000
0.000000
0.000000
0.000000
0.000000
0.000000
0.000000
0.000010
0.000040
0.000000
0.000000
0.000000
0.000000
0.000000
0.000000
0.000000
0.000000
0.000000
0.000000
0.000000
0.000000
0.000000
0.000000
0.000000
0.000000
0.000000
0.000000
0.000000
0.000000
0.000000
0.000000
0.000000
0.000000
0.000000
0.000000
0.000000
0.000000
0.000000
0.000000
0.000080
0.000000
0.000000
0.000000
0.000000
0.000000
0.000000
0.000000
0.000000
0.000000
0.000000
0.000000
0.000000
0.000000
0.000000
0.000000
0.000540
0.000420
0.000000
0.000000
0.000000
0.000000
0.000000
0.000000
0.000000
0.000000
0.000300
0.000000
0.013460
0.000000
0.000000
0.000000
0.000000
0.000000
0.000000
0.001250
0.080110
0.000000
0.000000
0.000000
0.000000
0.000000
0.000000
0.000000
0.000000
0.000000
0.000000
0.000000
0.000000
0.000000
0.000000
0.000000
0.000000
0.000000
0.000000
0.000000
0.000000
0.000000
0.000000
0.000000
0.000000
0.000000
0.000000
0.000000
0.000000
0.000000
0.000000
0.000000
0.000000
0.000000
0.000000
0.000000
0.000000
0.000000
0.000000
0.000000
0.000000
0.000000
0.000000
0.000000
0.000000
0.000000
0.000000
0.000000
0.000000
0.000000
0.000000
0.000000
0.000000
0.000000
0.000000
0.000000
0.000000
0.000000
0.000000
0.000000
0.000000
0.000000
0.000000
0.000000
0.000000
0.000000
0.000000
0.000000
0.000000
0.000000
0.000000
0.000000
0.000000
0.000000
0.000000
0.000000
0.000000
0.000000
0.000000
0.000000
0.000000
0.000000
0.000000
0.000000
0.000000
0.000000
0.000000
0.000000
0.000000
0.000000
0.000000
0.000000
0.000000
0.000000
0.000000
0.000000
0.000000
0.000000
0.000000
0.000000
0.000000
0.000000
0.000000
0.000000
0.000000
0.000000
0.000000
0.000000
0.000000
0.000000
0.000000
0.000000
0.000000
0.000000
0.000000
0.000000
0.000000
0.000000
0.000000
0.000000
0.000000
0.000000
0.000000
0.000000
0.000000
0.000000
0.000000
0.000000
0.000000
0.000000
0.000000
0.000000
0.000000
0.000000
0.000000
0.000000
0.000000
0.000000
0.000000
0.000000
0.000000
0.000000
0.000000
0.000000
0.000000
0.000000
0.000000
0.000000
0.000000
0.000000
0.000000
0.000000
0.000000
0.000000
0.000000
0.000000
0.000000
0.000000
0.000000
0.000000
0.000000
0.000000
0.000000
0.000000
0.000000
0.000000
0.000000
0.000000
0.000000
0.000000
0.000000
0.000000
0.000000
0.000000
0.000000
0.000000
0.000000
0.000000
0.000000
0.000000
0.000000
0.000000
0.000000
0.000000
0.000000
0.000000
0.000000
0.000000
0.000000
0.000000
0.000000
0.000000
0.000000
0.000000
0.000000
0.000000
0.000000
0.000000
0.000000
0.000000
0.000000
0.000000
0.000000
0.000000
0.000000
0.000000
0.000000
0.000000
0.000000
0.000000
0.000000
0.000000
0.000000
0.000000
0.000000
0.000000
0.000000
0.000000
0.000000
0.000000
0.000000
0.000000
0.000000
0.000000
0.000000
0.000000
0.000000
0.000000
0.000000
0.000000
0.000000
0.000000
0.000000
0.000000
0.000000
0.000000
0.000000
0.000000
0.000000
0.000000
0.000000
0.000000
0.000000
0.000000
0.000000
0.000000
0.000000
0.000000
0.000000
0.000000
0.000000
0.000000
0.000000
0.000000
0.000000
0.000000
0.000000
0.000000
0.000000
0.000000
0.000000
0.000000
0.000000
0.000000
0.000000
0.000000
0.000000
0.000000
0.000000
0.000000
0.000000
0.000000
0.000000
0.000000
0.000000
0.000000
0.000000
0.000000
0.000000
0.000000
0.000000
0.000000
0.000000
0.000000
0.000000
0.000000
1.000000
0.000000
0.000000
0.000000
0.000000
0.000000
0.000000
0.000000
0.000000
0.000000
0.000000
0.000000
0.000000
0.000000
0.000000
0.000000
0.000000
0.000000
0.000000
0.000000
0.000000
0.000000
0.000000
0.000000
0.000000
0.000000
0.000000
0.000000
0.000000
0.000000
0.000000
0.000000
0.000000
0.000000
0.000000
0.000000
0.000000
0.000000
0.000000
0.000000
0.000000
0.000000
0.000000
0.000000
0.000000
0.000000
0.000000
0.000000
0.000000
0.000000
0.000000
0.000000
0.000000
0.000000
0.000000
0.000000
0.000000
0.000000
0.000000
0.000000
0.000000
0.000000
0.000000
0.000000
0.000000
0.000000
0.000000
0.000000
0.000000
0.000000
0.000000
0.000000
0.000000
0.000000
0.000000
0.000000
0.000000
0.000000
0.000000
0.000000
0.000000
0.000000
0.000000
0.000000
0.000000
0.000000
0.000000
0.000000
0.000000
0.000000
0.000000
0.000000
0.000000
0.000000
0.000000
0.000000
0.000000
0.000000
0.000000
0.000000
0.000000
0.000000
0.000000
0.000000
0.000000
0.000000
0.000000
0.000000
0.000000
0.000000
0.000000
0.000000
0.000000
0.000000
0.000000
0.000000
0.000000
0.000000
0.000000
0.000000
0.000000
0.000000
0.000000
0.000000
0.000000
0.000000
0.000000
0.000000
0.000000
0.000000
0.000000
0.000000
0.000000
0.000000
0.000000
0.000000
0.000000
0.000000
0.000000
0.000000
0.000000
0.000000
0.000000
0.000000
0.000000
0.000000
0.000000
0.000000
0.000000
0.000000
0.000000
0.000000
0.000000
0.000000
0.000000
0.000000
0.000000
0.000000
0.000000
0.000000
0.000000
0.000000
0.000000
0.000000
0.000000
0.000000
0.000000
0.000000
0.000000
0.000000
0.000000
0.000000
0.000000
0.000000
0.000000
0.000000
0.000000
0.000000
0.000000
0.000000
0.000000
0.000000
0.000000
0.000000
0.000000
0.000000
0.000000
0.000000
0.000000
0.000000
0.000000
0.000000
0.000000
0.000000
0.000000
0.000000
0.000000
0.000000
0.000000
0.000000
0.000000
0.000000
0.000000
0.000000
0.000000
0.000000
0.000000
0.000000
0.000000
0.000000
0.000000
0.000000
0.000000
0.000000
0.000000
0.000000
0.000000
0.000000
0.000000
0.000000
0.000000
0.000000
0.000000
0.000000
0.000000
0.000000
0.000000
0.000000
0.000000
0.000000
0.000000
0.000000
0.000000
0.000000
0.000000
0.000000
0.000000
0.000000
0.000000
0.000000
0.000000
0.000000
0.000000
0.000000
0.000000
0.000000
0.000000
0.000000
0.000000
0.000000
0.000000
0.000000
0.000000
0.000000
0.000000
0.000000
0.000000
0.000000
0.000000
0.000000
0.000000
0.000000
0.000000
0.000000
0.000000
0.000000
0.000000
0.000000
0.000000
0.000000
0.000000
0.000000
0.000000
0.000000
0.000000
0.000000
0.000000
0.000000
0.000000
0.000000
0.000000
0.000000
0.000000
0.000000
0.000000
0.000000
0.000000
0.000000
0.000000
0.000000
0.000000
0.000000
0.000000
0.000000
0.000000
0.000000
0.000000
0.000000
0.000000
0.000000
0.000000
0.000000
0.000000
0.000000
0.000000
0.000000
0.000000
0.000000
0.000000
0.000000
0.000000
0.000000
1.000000
0.000000
0.000000
0.000000
0.000000
0.000000
0.000000
0.000000
0.000000
0.000000
0.000000
0.000000
0.000000
0.000000
0.000000
0.000000
0.000000
0.000000
0.000000
0.000000
0.000000
0.000000
0.000000
0.000000
0.000000
0.000000
0.000000
0.000000
0.000000
0.000000
0.000000
0.000000
0.000000
0.000000
0.000000
0.000000
0.000000
0.000000
0.000000
0.000000
0.000000
0.000000
0.000000
0.000000
0.000000
0.000000
0.000000
0.000000
0.000000
0.000000
0.000000
0.000000
0.000000
0.000000
0.000000
0.000000
0.000000
0.000000
0.000000
0.000000
0.000000
0.000000
0.000000
0.000000
0.000000
0.000000
0.000000
0.000000
0.000000
0.000000
0.000000
0.000000
0.000000
0.000000
0.000000
0.000000
0.000000
0.000000
0.000000
0.000000
0.000000
0.000000
0.000000
0.000000
0.000000
0.000000
0.000000
0.000000
0.000000
0.000000
0.000000
0.000000
0.000000
0.000000
0.000000
0.000000
0.000000
0.000000
0.000000
0.000000
0.000000
0.000000
0.000000
0.000000
0.000000
0.000000
0.000000
0.000000
0.000000
0.000000
0.000000
0.000000
0.000000
0.000000
0.000000
0.000000
0.000000
0.000000
0.000000
0.000000
0.000000
0.000000
0.000000
0.000000
0.000000
0.000000
0.000000
0.000000
0.000000
0.000000
0.000000
0.000000
0.000000
0.000000
0.000000
0.000000
0.000000
0.000000
0.000000
0.000000
0.000000
0.000000
0.000000
0.000000
0.000000
0.000000
0.000000
0.000000
0.000000
0.000000
0.000000
0.000000
0.000000
0.000000
0.000000
0.000000
0.000000
0.000000
0.000000
0.000000
0.000000
0.000000
0.000000
0.000000
0.000000
0.000000
0.000000
0.000000
0.000000
0.000000
0.000000
0.000000
0.000000
0.000000
0.000000
0.000000
0.000000
0.000000
0.000000
0.000000
0.000000
0.000000
0.000000
0.000000
0.000000
0.000000
0.000000
0.000000
0.000000
0.000000
0.000000
0.000000
0.000000
0.000000
0.000000
0.000000
0.000000
0.000000
0.000000
0.000000
0.000000
0.000000
0.000000
0.000000
0.000000
0.000000
0.000000
0.000000
0.000000
0.000000
0.000000
0.000000
0.000000
0.000000
0.000000
0.000000
0.000000
0.000000
0.000000
0.000000
0.000000
0.000000
0.000000
0.000000
0.000000
0.000000
0.000000
0.000000
0.000000
0.000000
0.000000
0.000000
0.000000
0.000000
0.000000
0.000000
0.000000
0.000000
0.000000
0.000000
0.000000
0.000000
0.000000
0.000000
0.000000
0.000000
0.000000
0.000000
0.000000
0.000000
0.000000
0.000000
0.000000
0.000000
0.000000
0.000000
0.000000
0.000000
0.000000
0.000000
0.000000
0.000000
0.000000
0.000000
0.000000
0.000000
0.000000
0.000000
0.000000
0.000000
0.000000
0.000000
0.000000
0.000000
0.000000
0.000000
0.000000
0.000000
0.000000
0.000000
0.000000
0.000000
0.000000
0.000000
0.000000
0.000000
0.000000
0.000000
0.000000
0.000000
0.000000
0.000000
0.000000
0.000000
0.000000
0.000000
0.000000
0.000000
0.000000
0.000000
0.000000
0.000000
0.000000
0.000000
0.000000
0.000000
0.000000
0.000000
0.000000
0.000000
0.000000
1.000000
0.000000
0.000000
0.000000
0.000000
0.000000
0.000000
0.000000
0.000000
0.000000
0.000000
0.000000
0.000000
0.000000
0.000000
0.000000
0.000000
0.000000
0.000000
0.000000
0.000000
0.000000
0.000000
0.000000
0.000000
0.000000
0.000000
0.000000
0.000000
0.000000
0.000000
0.000000
0.000000
0.000000
0.000000
0.000000
0.000000
0.000000
0.000000
0.000000
0.000000
0.000000
0.000000
0.000000
0.000000
0.000000
0.000000
0.000000
0.000000
0.000000
0.000000
0.000000
0.000000
0.000000
0.000000
0.000000
0.000000
0.000000
0.000000
0.000000
0.000000
0.000000
0.000000
0.000000
0.000000
0.000000
0.000000
0.000000
0.000000
0.000000
0.000000
0.000000
0.000000
0.000000
0.000000
0.000000
0.000000
0.000000
0.000000
0.000000
0.000000
0.000000
0.000000
0.000000
0.000000
0.000000
0.000000
0.000000
0.000000
0.000000
0.000000
0.000000
0.000000
0.000000
0.000000
0.000000
0.000000
0.000000
0.000000
0.000000
0.000000
0.000000
0.000000
0.000000
0.000000
0.000000
0.000000
0.000000
0.000000
0.000000
0.000000
0.000000
0.000000
0.000000
0.000000
0.000000
0.000000
0.000000
0.000000
0.000000
0.000000
0.000000
0.000000
0.000000
0.000000
0.000000
0.000000
0.000000
0.000000
0.000000
0.000000
0.000000
0.000000
0.000000
0.000000
0.000000
0.000000
0.000000
0.000000
0.000000
0.000000
0.000000
0.000000
0.000000
0.000000
0.000000
0.000000
0.000000
0.000000
0.000000
0.000000
0.000000
0.000000
0.000000
0.000000
0.000000
0.000000
0.000000
0.000000
0.000000
0.000000
0.000000
0.000000
0.000000
0.000000
0.000000
0.000000
0.000000
0.000000
0.000000
0.000000
0.000000
0.000000
0.000000
0.000000
0.000000
0.000000
0.000000
0.000000
0.000000
0.000000
0.000000
0.000000
0.000000
0.000000
0.000000
0.000000
0.000000
0.000000
0.000000
0.000000
0.000000
0.000000
0.000000
0.000000
0.000000
0.000000
0.000000
0.000000
0.000000
0.000000
0.000000
0.000000
0.000000
0.000000
0.000000
0.000000
0.000000
0.000000
0.000000
0.000000
0.000000
0.000000
0.000000
0.000000
0.000000
0.000000
0.000000
0.000000
0.000000
0.000000
0.000000
0.000000
0.000000
0.000000
0.000000
0.000000
0.000000
0.000000
0.000000
0.000000
0.000000
0.000000
0.000000
0.000000
0.000000
0.000000
0.000000
0.000000
0.000000
0.000000
0.000000
0.000000
0.000000
0.000000
0.000000
0.000000
0.000000
0.000000
0.000000
0.000000
0.000000
0.000000
0.000000
0.000000
0.000000
0.000000
0.000000
0.000000
0.000000
0.000000
0.000000
0.000000
0.000000
0.000000
0.000000
0.000000
0.000000
0.000000
0.000000
0.000000
0.000000
0.000000
0.000000
0.000000
0.000000
0.000000
0.000000
0.000000
0.000000
0.000000
0.000000
0.000000
0.000000
0.000000
0.000000
0.000000
0.000000
0.000000
0.000000
0.000000
0.000000
0.000000
0.000000
0.000000
0.000000
0.000000
0.000000
0.000000
0.000000
0.000000
0.000000
0.000000
0.000000
0.000000
0.000000
0.000000
0.000000
0.000000
0.000000
1.000000
0.000000
0.000000
0.000000
0.000000
0.000000
0.000000
0.000000
0.000000
0.000000
0.000000
0.000000
0.000000
0.000000
0.000000
0.000000
0.000000
0.000000
0.000000
0.000000
0.000000
0.000000
0.000000
0.000000
0.000000
0.000000
0.000000
0.000000
0.000000
0.000000
0.000000
0.000000
0.000000
0.000000
0.000000
0.000000
0.000000
0.000000
0.000000
0.000000
0.000000
0.000000
0.000000
0.000000
0.000000
0.000000
0.000000
0.000000
0.000000
0.000000
0.000000
0.000000
0.000000
0.000000
0.000000
0.000000
0.000000
0.000000
0.000000
0.000000
0.000000
0.000000
0.000000
0.000000
0.000000
0.000000
0.000000
0.000000
0.000000
0.000000
0.000000
0.000000
0.000000
0.000000
0.000000
0.000000
0.000000
0.000000
0.000000
0.000000
0.000000
0.000000
0.000000
0.000000
0.000000
0.000000
0.000000
0.000000
0.000000
0.000000
0.000000
0.000000
0.000000
0.000000
0.000000
0.000000
0.000000
0.000000
0.000000
0.000000
0.000000
0.000000
0.000000
0.000000
0.000000
0.000000
0.000000
0.000000
0.000000
0.000000
0.000000
0.000000
0.000000
0.000000
0.000000
0.000000
0.000000
0.000000
0.000000
0.000000
0.000000
0.000000
0.000000
0.000000
0.000000
0.000000
0.000000
0.000000
0.000000
0.000000
0.000000
0.000000
0.000000
0.000000
0.000000
0.000000
0.000000
0.000000
0.000000
0.000000
0.000000
0.000000
0.000000
0.000000
0.000000
0.000000
0.000000
0.000000
0.000000
0.000000
0.000000
0.000000
0.000000
0.000000
0.000000
0.000000
0.000000
0.000000
0.000000
0.000000
0.000000
0.000000
0.000000
0.000000
0.000000
0.000000
0.000000
0.000000
0.000000
0.000000
0.000000
0.000000
0.000000
0.000000
0.000000
0.000000
0.000000
0.000000
0.000000
0.000000
0.000000
0.000000
0.000000
0.000000
0.000000
0.000000
0.000000
0.000000
0.000000
0.000000
0.000000
0.000000
0.000000
0.000000
0.000000
0.000000
0.000000
0.000000
0.000000
0.000000
0.000000
0.000000
0.000000
0.000000
0.000000
0.000000
0.000000
0.000000
0.000000
0.000000
0.000000
0.000000
0.000000
0.000000
0.000000
0.000000
0.000000
0.000000
0.000000
0.000000
0.000000
0.000000
0.000000
0.000000
0.000000
0.000000
0.000000
0.000000
0.000000
0.000000
0.000000
0.000000
0.000000
0.000000
0.000000
0.000000
0.000000
0.000000
0.000000
0.000000
0.000000
0.000000
0.000000
0.000000
0.000000
0.000000
0.000000
0.000000
0.000000
0.000000
0.000000
0.000000
0.000000
0.000000
0.000000
0.000000
0.000000
0.000000
0.000000
0.000000
0.000000
0.000000
0.000000
0.000000
0.000000
0.000000
0.000000
0.000000
0.000000
0.000000
0.000000
0.000000
0.000000
0.000000
0.000000
0.000000
0.000000
0.000000
0.000000
0.000000
0.000000
0.000000
0.000000
0.000000
0.000000
0.000000
0.000000
0.000000
0.000000
0.000000
0.000000
0.000000
0.000000
0.000000
0.000000
0.000000
0.000000
0.000000
0.000000
0.000000
0.000000
0.000000
0.000000
0.000000
0.000000
0.000000
0.000000
0.000000
0.000000
1.000000
0.000000
0.000000
0.000000
0.000000
0.000000
0.000000
0.000000
0.000000
0.000000
0.000000
0.000000
0.000000
0.000000
0.000000
0.000000
0.000000
0.000000
0.000000
0.000000
0.000000
0.000000
0.000000
0.000000
0.000000
0.000000
0.000000
0.000000
0.000000
0.000000
0.000000
0.000000
0.000000
0.000000
0.000000
0.000000
0.000000
0.000000
0.000000
0.000000
0.000000
0.000000
0.000000
0.000000
0.000000
0.000000
0.000000
0.000000
0.000000
0.000000
0.000000
0.000000
0.000000
0.000000
0.000000
0.000000
0.000000
0.000000
0.000000
0.000000
0.000000
0.000000
0.000000
0.000000
0.000000
0.000000
0.000000
0.000000
0.000000
0.000000
0.000000
0.000000
0.000000
0.000000
0.000000
0.000000
0.000000
0.000000
0.000000
0.000000
0.000000
0.000000
0.000000
0.000000
0.000000
0.000000
0.000000
0.000000
0.000000
0.000000
0.000000
0.000000
0.000000
0.000000
0.000000
0.000000
0.000000
0.000000
0.000000
0.000000
0.000000
0.000000
0.000000
0.000000
0.000000
0.000000
0.000000
0.000000
0.000000
0.000000
0.000000
0.000000
0.000000
0.000000
0.000000
0.000000
0.000000
0.000000
0.000000
0.000000
0.000000
0.000000
0.000000
0.000000
0.000000
0.000000
0.000000
0.000000
0.000000
0.000000
0.000000
0.000000
0.000000
0.000000
0.000000
0.000000
0.000000
0.000000
0.000000
0.000000
0.000000
0.000000
0.000000
0.000000
0.000000
0.000000
0.000000
0.000000
0.000000
0.000000
0.000000
0.000000
0.000000
0.000000
0.000000
0.000000
0.000000
0.000000
0.000000
0.000000
0.000000
0.000000
0.000000
0.000000
0.000000
0.000000
0.000000
0.000000
0.000000
0.000000
0.000000
0.000000
0.000000
0.000000
0.000000
0.000000
0.000000
0.000000
0.000000
0.000000
0.000000
0.000000
0.000000
0.000000
0.000000
0.000000
0.000000
0.000000
0.000000
0.000000
0.000000
0.000000
0.000000
0.000000
0.000000
0.000000
0.000000
0.000000
0.000000
0.000000
0.000000
0.000000
0.000000
0.000000
0.000000
0.000000
0.000000
0.000000
0.000000
0.000000
0.000000
0.000000
0.000000
0.000000
0.000000
0.000000
0.000000
0.000000
0.000000
0.000000
0.000000
0.000000
0.000000
0.000000
0.000000
0.000000
0.000000
0.000000
0.000000
0.000000
0.000000
0.000000
0.000000
0.000000
0.000000
0.000000
0.000000
0.000000
0.000000
0.000000
0.000000
0.000000
0.000000
0.000000
0.000000
0.000000
0.000000
0.000000
0.000000
0.000000
0.000000
0.000000
0.000000
0.000000
0.000000
0.000000
0.000000
0.000000
0.000000
0.000000
0.000000
0.000000
0.000000
0.000000
0.000000
0.000000
0.000000
0.000000
0.000000
0.000000
0.000000
0.000000
0.000000
0.000000
0.000000
0.000000
0.000000
0.000000
0.000000
0.000000
0.000000
0.000000
0.000000
0.000000
0.000000
0.000000
0.000000
0.000000
0.000000
0.000000
0.000000
0.000000
0.000000
0.000000
0.000000
0.000000
0.000000
0.000000
0.000000
0.000000
0.000000
0.000000
0.000000
0.000000
0.000000
0.000000
0.000000
0.000000
1.000000
0.000000
0.000000
0.000000
0.000000
0.000000
0.000000
0.000000
0.000000
0.000000
0.000000
0.000000
0.000000
0.000000
0.000000
0.000000
0.000000
0.000000
0.000000
0.000000
0.000000
0.000000
0.000000
0.000000
0.000000
0.000000
0.000000
0.000000
0.000000
0.000000
0.000000
0.000000
0.000000
0.000000
0.000000
0.000000
0.000000
0.000000
0.000000
0.000000
0.000000
0.000000
0.000000
0.000000
0.000000
0.000000
0.000000
0.000000
0.000000
0.000000
0.000000
0.000000
0.000000
0.000000
0.000000
0.000000
0.000000
0.000000
0.000000
0.000000
0.000000
0.000000
0.000000
0.000000
0.000000
0.000000
0.000000
0.000000
0.000000
0.000000
0.000000
0.000000
0.000000
0.000000
0.000000
0.000000
0.000000
0.000000
0.000000
0.000000
0.000000
0.000000
0.000000
0.000000
0.000000
0.000000
0.000000
0.000000
0.000000
0.000000
0.000000
0.000000
0.000000
0.000000
0.000000
0.000000
0.000000
0.000000
0.000000
0.000000
0.000000
0.000000
0.000000
0.000000
0.000000
0.000000
0.000000
0.000000
0.000000
0.000000
0.000000
0.000000
0.000000
0.000000
0.000000
0.000000
0.000000
0.000000
0.000000
0.000000
0.000000
0.000000
0.000000
0.000000
0.000000
0.000000
0.000000
0.000000
0.000000
0.000000
0.000000
0.000000
0.000000
0.000000
0.000000
0.000000
0.000000
0.000000
0.000000
0.000000
0.000000
0.000000
0.000000
0.000000
0.000000
0.000000
0.000000
0.000000
0.000000
0.000000
0.000000
0.000000
0.000000
0.000000
0.000000
0.000000
0.000000
0.000000
0.000000
0.000000
0.000000
0.000000
0.000000
0.000000
0.000000
0.000000
0.000000
0.000000
0.000000
0.000000
0.000000
0.000000
0.000000
0.000000
0.000000
0.000000
0.000000
0.000000
0.000000
0.000000
0.000000
0.000000
0.000000
0.000000
0.000000
0.000000
0.000000
0.000000
0.000000
0.000000
0.000000
0.000000
0.000000
0.000000
0.000000
0.000000
0.000000
0.000000
0.000000
0.000000
0.000000
0.000000
0.000000
0.000000
0.000000
0.000000
0.000000
0.000000
0.000000
0.000000
0.000000
0.000000
0.000000
0.000000
0.000000
0.000000
0.000000
0.000000
0.000000
0.000000
0.000000
0.000000
0.000000
0.000000
0.000000
0.000000
0.000000
0.000000
0.000000
0.000000
0.000000
0.000000
0.000000
0.000000
0.000000
0.000000
0.000000
0.000000
0.000000
0.000000
0.000000
0.000000
0.000000
0.000000
0.000000
0.000000
0.000000
0.000000
0.000000
0.000000
0.000000
0.000000
0.000000
0.000000
0.000000
0.000000
0.000000
0.000000
0.000000
0.000000
0.000000
0.000000
0.000000
0.000000
0.000000
0.000000
0.000000
0.000000
0.000000
0.000000
0.000000
0.000000
0.000000
0.000000
0.000000
0.000000
0.000000
0.000000
0.000000
0.000000
0.000000
0.000000
0.000000
0.000000
0.000000
0.000000
0.000000
0.000000
0.000000
0.000000
0.000000
0.000000
0.000000
0.000000
0.000000
0.000000
0.000000
0.000000
0.000000
0.000000
0.000000
0.000000
0.000000
0.000000
0.000000
0.000000
0.000000
1.000000
0.000000
0.000000
0.000000
0.000000
0.000000
0.000000
0.000000
0.000000
0.000000
0.000000
0.000000
0.000000
0.000000
0.000000
0.000000
0.000000
0.000000
0.000000
0.000000
0.000000
0.000000
0.000000
0.000000
0.000000
0.000000
0.000000
0.000000
0.000000
0.000000
0.000000
0.000000
0.000000
0.000000
0.000000
0.000000
0.000000
0.000000
0.000000
0.000000
0.000000
0.000000
0.000000
0.000000
0.000000
0.000000
0.000000
0.000000
0.000000
0.000000
0.000000
0.000000
0.000000
0.000000
0.000000
0.000000
0.000000
0.000000
0.000000
0.000000
0.000000
0.000000
0.000000
0.000000
0.000000
0.000000
0.000000
0.000000
0.000000
0.000000
0.000000
0.000000
0.000000
0.000000
0.000000
0.000000
0.000000
0.000000
0.000000
0.000000
0.000000
0.000000
0.000000
0.000000
0.000000
0.000000
0.000000
0.000000
0.000000
0.000000
0.000000
0.000000
0.000000
0.000000
0.000000
0.000000
0.000000
0.000000
0.000000
0.000000
0.000000
0.000000
0.000000
0.000000
0.000000
0.000000
0.000000
0.000000
0.000000
0.000000
0.000000
0.000000
0.000000
0.000000
0.000000
0.000000
0.000000
0.000000
0.000000
0.000000
0.000000
0.000000
0.000000
0.000000
0.000000
0.000000
0.000000
0.000000
0.000000
0.000000
0.000000
0.000000
0.000000
0.000000
0.000000
0.000000
0.000000
0.000000
0.000000
0.000000
0.000000
0.000000
0.000000
0.000000
0.000000
0.000000
0.000000
0.000000
0.000000
0.000000
0.000000
0.000000
0.000000
0.000000
0.000000
0.000000
0.000000
0.000000
0.000000
0.000000
0.000000
0.000000
0.000000
0.000000
0.000000
0.000000
0.000000
0.000000
0.000000
0.000000
0.000000
0.000000
0.000000
0.000000
0.000000
0.000000
0.000000
0.000000
0.000000
0.000000
0.000000
0.000000
0.000000
0.000000
0.000000
0.000000
0.000000
0.000000
0.000000
0.000000
0.000000
0.000000
0.000000
0.000000
0.000000
0.000000
0.000000
0.000000
0.000000
0.000000
0.000000
0.000000
0.000000
0.000000
0.000000
0.000000
0.000000
0.000000
0.000000
0.000000
0.000000
0.000000
0.000000
0.000000
0.000000
0.000000
0.000000
0.000000
0.000000
0.000000
0.000000
0.000000
0.000000
0.000000
0.000000
0.000000
0.000000
0.000000
0.000000
0.000000
0.000000
0.000000
0.000000
0.000000
0.000000
0.000000
0.000000
0.000000
0.000000
0.000000
0.000000
0.000000
0.000000
0.000000
0.000000
0.000000
0.000000
0.000000
0.000000
0.000000
0.000000
0.000000
0.000000
0.000000
0.000000
0.000000
0.000000
0.000000
0.000000
0.000000
0.000000
0.000000
0.000000
0.000000
0.000000
0.000000
0.000000
0.000000
0.000000
0.000000
0.000000
0.000000
0.000000
0.000000
0.000000
0.000000
0.000000
0.000000
0.000000
0.000000
0.000000
0.000000
0.000000
0.000000
0.000000
0.000000
0.000000
0.000000
0.000000
0.000000
0.000000
0.000000
0.000000
0.000000
0.000000
0.000000
0.000000
0.000000
0.000000
0.000000
0.000000
0.000000
0.000000
0.000000
0.000000
0.000000
1.000000
0.000000
0.000000
0.000000
0.000000
0.000000
0.000000
0.000000
0.000000
0.000000
0.000000
0.000000
0.000000
0.000000
0.000000
0.000000
0.000000
0.000000
0.000000
0.000000
0.000000
0.000000
0.000000
0.000000
0.000000
0.000000
0.000000
0.000000
0.000000
0.000000
0.000000
0.000000
0.000000
0.000000
0.000000
0.000000
0.000000
0.000000
0.000000
0.000000
0.000000
0.000000
0.000230
0.000000
0.000000
0.001360
0.000000
0.001510
0.000940
0.000000
0.000000
0.000000
0.000000
0.000000
0.000000
0.000530
0.000000
0.000000
0.000380
0.000120
0.000430
0.000000
0.002520
0.000000
0.000000
0.000110
0.000000
0.000000
0.000130
0.000000
0.000000
0.000000
0.000000
0.000000
0.000000
0.000000
0.000000
0.000000
0.000000
0.000000
0.000000
0.000000
0.000000
0.000000
0.000260
0.000000
0.000000
0.000000
0.000000
0.000410
0.000140
0.000330
0.000240
0.000000
0.000000
0.000250
0.000190
0.000000
0.000000
0.000000
0.000110
0.000000
0.000070
0.000000
0.000000
0.000000
0.000000
0.000570
0.000000
0.000490
0.000000
0.000000
0.000000
0.000000
0.000000
0.000000
0.000010
0.000000
0.000000
0.000000
0.000000
0.000000
0.000000
0.000000
0.000000
0.000000
0.000000
0.000000
0.000000
0.000030
0.000060
0.000000
0.000000
0.000000
0.000000
0.000000
0.000000
0.000000
0.000000
0.000000
0.000000
0.000000
0.000040
0.000000
0.000000
0.000000
0.000000
0.000000
0.000000
0.000000
0.000000
0.000000
0.000160
0.000000
0.000000
0.000000
0.000000
0.000000
0.000000
0.000000
0.000000
0.000000
0.000000
0.000000
0.000000
0.000000
0.000000
0.000000
0.000000
0.000000
0.000000
0.000000
0.000000
0.000000
0.000000
0.000000
0.000000
0.000000
0.000000
0.000000
0.000000
0.000000
0.000000
0.000000
0.000000
0.000000
0.000000
0.000000
0.000000
0.000000
0.000000
0.000000
0.000000
0.000000
0.000000
0.000010
0.000000
0.000000
0.000000
0.000000
0.000000
0.000000
0.000000
0.000000
0.000000
0.000000
0.000000
0.000000
0.000000
0.000000
0.000000
0.000000
0.000000
0.000000
0.000000
0.000000
0.000000
0.000000
0.000000
0.000000
0.000000
0.000000
0.000000
0.000000
0.000000
0.000000
0.000000
0.000000
0.000000
0.000030
0.000000
0.000000
0.000000
0.000020
0.000000
0.000000
0.000000
0.000000
0.000030
0.000000
0.000000
0.000000
0.000000
0.000000
0.000000
0.000000
0.000000
0.000000
0.000000
0.000000
0.000150
0.000040
0.000000
0.000000
0.000000
0.000000
0.000010
0.000000
0.000000
0.000000
0.000000
0.000000
0.000000
0.000010
0.000000
0.000000
0.000000
0.000080
0.000010
0.000000
0.000000
0.000000
0.000040
0.000000
0.000000
0.000000
0.000000
0.000000
0.000000
0.000000
0.000000
0.000000
0.000000
0.000000
0.000000
0.000050
0.000000
0.000000
0.000000
0.000030
0.000000
0.000000
0.000040
0.000000
0.000010
0.000000
0.000000
0.000020
0.000000
0.000000
0.000000
0.000080
0.000000
0.208150
0.000000
0.000000
0.000000
0.000000
0.000000
0.000000
0.000000
0.000000
0.000000
0.000000
0.000000
0.000000
0.000000
0.000000
0.000000
0.000000
0.000000
0.000000
0.000000
0.000000
0.000000
0.000050
0.000000
0.000000
0.000000
0.000000
0.000000
0.000000
0.000000
0.000000
0.000000
0.000000
0.000180
0.001020
0.000000
0.000000
0.000000
0.000000
0.000000
0.000000
0.000750
0.000000
0.000000
0.000000
0.000040
0.000000
0.000000
0.000000
0.000000
0.000000
0.000000
0.000200
0.000000
0.000000
0.000120
0.000280
0.000000
0.000000
0.000390
0.000000
0.000000
0.000000
0.003770
0.000000
0.000000
0.000100
0.000000
0.000250
0.000060
0.000000
0.000290
0.000010
0.000000
0.000000
0.000010
0.000000
0.000050
0.000000
0.000020
0.000000
0.000000
0.000000
0.000000
0.000000
0.000000
0.000000
0.000000
0.000000
0.000290
0.000440
0.000000
0.000000
0.000000
0.000000
0.000000
0.000000
0.000000
0.000000
0.000200
0.000000
0.000050
0.000000
0.000000
0.000000
0.000000
0.000070
0.000000
0.000000
0.000000
0.000000
0.000000
0.000000
0.000000
0.000000
0.000000
0.000000
0.000010
0.000000
0.000020
0.000000
0.000000
0.000000
0.000000
0.000000
0.000000
0.000000
0.000000
0.000000
0.000000
0.000000
0.000000
0.000000
0.000000
0.000000
0.000000
0.000000
0.000000
0.000000
0.000000
0.000000
0.000000
0.000000
0.000040
0.000000
0.000000
0.000000
0.000000
0.000000
0.000000
0.000000
0.000000
0.000000
0.000160
0.000000
0.000000
0.000000
0.000020
0.000000
0.000000
0.000000
0.000000
0.000000
0.000000
0.000000
0.000000
0.000000
0.000000
0.000000
0.000000
0.000000
0.000000
0.000000
0.000000
0.000000
0.000000
0.000000
0.000000
0.000030
0.000000
0.000000
0.000000
0.000000
0.000000
0.000000
0.000000
0.000000
0.000000
0.000000
0.000000
0.000000
0.000000
0.000000
0.000000
0.000000
0.000000
0.000000
0.000000
0.000000
0.000000
0.000000
0.000000
0.000000
0.000000
0.000000
0.000000
0.000000
0.000000
0.000000
0.000000
0.000000
0.000000
0.000000
0.000000
0.000000
0.000000
0.000000
0.000000
0.000000
0.000000
0.000000
0.000000
0.000000
0.000000
0.000000
0.000000
0.000000
0.000000
0.000000
0.000000
0.000020
0.000000
0.000000
0.000000
0.000030
0.000000
0.000000
0.000000
0.000000
0.000030
0.000000
0.000000
0.000000
0.000000
0.000000
0.000000
0.000000
0.000000
0.000000
0.000000
0.000000
0.000120
0.000000
0.000000
0.000000
0.000000
0.000000
0.000010
0.000000
0.000000
0.000000
0.000000
0.000000
0.000000
0.000000
0.000000
0.000000
0.000000
0.000090
0.000000
0.000000
0.000000
0.000000
0.000030
0.000000
0.000050
0.000000
0.000000
0.000000
0.000000
0.000000
0.000000
0.000000
0.000000
0.000000
0.000000
0.000040
0.000000
0.000000
0.000000
0.000030
0.000000
0.000000
0.000000
0.000000
0.000000
0.000000
0.000000
0.000000
0.000000
0.000000
0.000000
0.000000
0.000000
0.205400
0.000000
0.000000
0.001430
0.000000
0.000000
0.000000
0.000000
0.000000
0.000000
0.000000
0.000000
0.000000
0.000000
0.000000
0.000000
0.000000
0.000000
0.000000
0.000010
0.000010
0.000000
0.000000
0.000000
0.000000
0.000000
0.000000
0.000000
0.000000
0.000060
0.000000
0.000070
0.000000
0.000000
0.000000
0.000000
0.000000
0.000000
0.001930
0.000950
0.000000
0.000000
0.000000
0.000000
0.000000
0.000000
0.000000
0.001810
0.000000
0.008540
0.004870
0.000000
0.000000
0.000000
0.000000
0.000000
0.000000
0.000260
0.000000
0.000000
0.000940
0.000740
0.003850
0.000000
0.000030
0.000000
0.000000
0.000400
0.000000
0.000000
0.000310
0.000000
0.000000
0.000000
0.000000
0.000000
0.000000
0.000000
0.000000
0.000000
0.000000
0.000000
0.000000
0.000000
0.000000
0.000000
0.004350
0.000000
0.000000
0.000000
0.000000
0.000140
0.001010
0.000800
0.000770
0.000000
0.000000
0.000530
0.000400
0.000000
0.000000
0.000000
0.000040
0.000000
0.000830
0.000000
0.000000
0.000000
0.000000
0.002290
0.000000
0.000590
0.000000
0.000000
0.000000
0.000000
0.000000
0.000000
0.000030
0.000000
0.000000
0.000000
0.000000
0.000000
0.000000
0.000000
0.000000
0.000000
0.000000
0.000000
0.000000
0.000150
0.000010
0.000000
0.000000
0.000000
0.000000
0.000000
0.000000
0.000000
0.000000
0.000000
0.000040
0.000000
0.000000
0.000000
0.000000
0.000000
0.000000
0.000000
0.000000
0.000000
0.000160
0.000000
0.000000
0.000000
0.000040
0.000000
0.000000
0.000000
0.000000
0.000000
0.000000
0.000000
0.000000
0.000000
0.000000
0.000000
0.000010
0.000000
0.000000
0.000000
0.000000
0.000000
0.000000
0.000000
0.000000
0.000080
0.000000
0.000000
0.000000
0.000000
0.000000
0.000000
0.000000
0.000000
0.000000
0.000000
0.000000
0.000000
0.000000
0.000000
0.000000
0.000000
0.000000
0.000010
0.000000
0.000010
0.000000
0.000000
0.000000
0.000000
0.000000
0.000000
0.000000
0.000000
0.000000
0.000000
0.000000
0.000000
0.000000
0.000000
0.000000
0.000000
0.000000
0.000000
0.000000
0.000000
0.000000
0.000000
0.000000
0.000000
0.000000
0.000000
0.000000
0.000000
0.000010
0.000000
0.000000
0.000000
0.000000
0.000010
0.000220
0.000000
0.000000
0.000000
0.000000
0.000000
0.000000
0.000000
0.000000
0.000000
0.000000
0.000000
0.000000
0.000000
0.000000
0.000000
0.000460
0.000000
0.000000
0.000000
0.000010
0.000020
0.000000
0.000000
0.000000
0.000000
0.000000
0.000000
0.000000
0.000000
0.000000
0.000000
0.000000
0.000010
0.000180
0.000000
0.000000
0.000000
0.000020
0.000000
0.000000
0.000000
0.000070
0.000000
0.000000
0.000000
0.000000
0.000000
0.000010
0.000000
0.000000
0.000000
0.000000
0.000000
0.000000
0.000020
0.000000
0.000000
0.000000
0.000010
0.000000
0.000020
0.000030
0.000010
0.000030
0.000000
0.000000
0.000010
0.000000
0.000000
0.000000
0.203670
0.000000
0.004040
0.000000
0.000000
0.000000
0.000000
0.000000
0.000000
0.000000
0.000000
0.000000
0.000000
0.000000
0.000000
0.000000
0.000000
0.000000
0.000000
0.000000
0.000000
0.000000
0.000000
0.000000
0.003550
0.000000
0.000000
0.000000
0.000000
0.000000
0.000000
0.000000
0.000000
0.000000
0.000000
0.000530
0.018470
0.000000
0.000000
0.000000
0.000000
0.000000
0.000000
0.000140
0.000000
0.000000
0.000000
0.000120
0.008190
0.003510
0.000370
0.000000
0.000000
0.000130
0.000000
0.000000
0.000000
0.000190
0.000000
0.000000
0.000800
0.003220
0.000040
0.000000
0.000050
0.000000
0.000000
0.000010
0.000000
0.000000
0.000070
0.000000
0.000000
0.000060
0.000000
0.000000
0.000000
0.000000
0.000030
0.000000
0.000000
0.003500
0.000440
0.000000
0.000000
0.004800
0.000010
0.000000
0.000000
0.000000
0.000000
0.001010
0.000520
0.000750
0.000040
0.000030
0.000490
0.000320
0.000010
0.000000
0.000000
0.000000
0.000020
0.000750
0.000070
0.000080
0.000000
0.001000
0.001900
0.000070
0.000430
0.000060
0.000000
0.000000
0.000110
0.000000
0.000000
0.000000
0.000090
0.000000
0.000000
0.000020
0.000000
0.000000
0.000000
0.000000
0.000000
0.000130
0.000000
0.001440
0.000100
0.000000
0.000010
0.000000
0.000120
0.000000
0.000000
0.000000
0.000000
0.000000
0.000000
0.000040
0.000000
0.000000
0.000010
0.000000
0.000000
0.000000
0.000000
0.000000
0.000010
0.000070
0.000010
0.000000
0.000030
0.000050
0.000010
0.000000
0.000000
0.000000
0.000000
0.000000
0.000000
0.000000
0.000000
0.000050
0.000000
0.000010
0.000000
0.000000
0.000000
0.000010
0.000000
0.000000
0.000000
0.000000
0.000080
0.000000
0.000000
0.000000
0.000010
0.000000
0.000090
0.000000
0.000000
0.000000
0.000000
0.000000
0.000000
0.000010
0.000000
0.000000
0.000000
0.000240
0.000010
0.000000
0.000010
0.000000
0.000000
0.000000
0.000000
0.000000
0.000000
0.000000
0.000000
0.000020
0.000000
0.000000
0.000000
0.000000
0.000000
0.000000
0.000000
0.000000
0.000000
0.000000
0.000030
0.000000
0.000270
0.000000
0.001450
0.000000
0.000000
0.000000
0.000000
0.000000
0.000000
0.000000
0.000000
0.000070
0.000000
0.000470
0.000010
0.000020
0.000000
0.000000
0.000000
0.000110
0.000010
0.000000
0.000000
0.000000
0.000000
0.000000
0.000020
0.000000
0.000000
0.000750
0.000000
0.000010
0.000000
0.000000
0.000020
0.000010
0.000000
0.000000
0.000000
0.000000
0.000000
0.000000
0.000000
0.000000
0.000000
0.000000
0.000000
0.000330
0.000000
0.000000
0.000000
0.000010
0.000010
0.000000
0.000260
0.000000
0.000030
0.000000
0.000000
0.000000
0.000090
0.000010
0.000010
0.000000
0.000000
0.000000
0.000100
0.000010
0.000000
0.000120
0.000040
0.000000
0.000000
0.000000
0.000000
0.000020
0.000010
0.000030
0.000010
0.000000
0.000010
0.000020
0.000000
0.014950
0.133440
0.000180
0.000000
0.000500
0.000470
0.000000
0.000000
0.000000
0.000000
0.000000
0.000000
0.000000
0.000000
0.000000
0.000000
0.000000
0.000000
0.000000
0.000000
0.000090
0.000010
0.000000
0.000000
0.000000
0.003900
0.000020
0.000010
0.000000
0.000000
0.000070
0.000000
0.000000
0.000000
0.000000
0.000000
0.000000
0.018830
0.000150
0.000230
0.000130
0.000000
0.000000
0.000000
0.000000
0.000160
0.000000
0.000000
0.000000
0.000000
0.000000
0.000000
0.004300
0.000260
0.000000
0.033250
0.000050
0.000130
0.000000
0.004220
0.000500
0.000000
0.000000
0.000000
0.000230
0.000000
0.001030
0.000030
0.000000
0.000170
0.000120
0.000000
0.000140
0.000040
0.000000
0.000740
0.000000
0.000050
0.000040
0.000000
0.017490
0.004820
0.000000
0.000000
0.000270
0.004380
0.000000
0.000000
0.000190
0.000230
0.000030
0.000860
0.000000
0.000000
0.000000
0.000000
0.000000
0.000000
0.000000
0.000000
0.000000
0.000030
0.000020
0.000000
0.000000
0.000000
0.000000
0.002150
0.000000
0.000000
0.000000
0.000000
0.000000
0.000160
0.000120
0.000000
0.001510
0.000020
0.000300
0.000000
0.000140
0.000090
0.000000
0.000050
0.000010
0.000000
0.000000
0.000430
0.000000
0.004860
0.000000
0.000000
0.000000
0.000000
0.000270
0.000000
0.000000
0.000010
0.000000
0.000030
0.000000
0.000030
0.000000
0.000000
0.000000
0.000000
0.000010
0.000000
0.000000
0.000000
0.000100
0.000000
0.000000
0.000000
0.000120
0.000000
0.000000
0.000000
0.000000
0.000010
0.000010
0.000010
0.000060
0.000000
0.000010
0.000090
0.000000
0.000000
0.000000
0.000000
0.000000
0.000010
0.000000
0.000000
0.000010
0.000000
0.000080
0.000000
0.000000
0.000010
0.000030
0.000000
0.000230
0.000000
0.000000
0.000000
0.000020
0.000000
0.000000
0.000000
0.000000
0.000020
0.000000
0.000660
0.000000
0.000000
0.000000
0.000000
0.000000
0.000000
0.000020
0.000000
0.000000
0.000000
0.000000
0.000150
0.000000
0.000000
0.000000
0.000000
0.000000
0.000000
0.000000
0.000020
0.000000
0.000040
0.000000
0.000000
0.001150
0.000000
0.004410
0.000000
0.003550
0.000010
0.000000
0.000060
0.000020
0.000000
0.000000
0.000100
0.000000
0.000840
0.000000
0.000000
0.000000
0.000060
0.000000
0.000480
0.000000
0.000000
0.000000
0.000000
0.000050
0.000010
0.000050
0.000000
0.000000
0.000910
0.000000
0.000000
0.000000
0.000050
0.000000
0.000000
0.000000
0.000000
0.000000
0.000000
0.000020
0.000000
0.000000
0.000050
0.000000
0.000020
0.000000
0.000810
0.000000
0.000000
0.000110
0.000010
0.000000
0.000000
0.000830
0.000000
0.000100
0.000000
0.000000
0.000010
0.000320
0.000000
0.000000
0.000000
0.000050
0.000000
0.000200
0.000000
0.000000
0.000620
0.000000
0.000000
0.000330
0.000000
0.000000
0.000000
0.000000
0.000000
0.000000
0.000000
0.000000
0.000000
0.000000
0.029460
0.000000
0.000000
0.000000
0.000330
0.000000
0.000000
0.000170
0.000000
0.000000
0.000000
0.000000
0.000000
0.000000
0.000000
0.000000
0.000000
0.000000
0.000100
0.000030
0.000130
0.000000
0.000000
0.000110
0.000050
0.003910
0.000000
0.000000
0.000000
0.000060
0.000070
0.000000
0.000060
0.000030
0.000110
0.000110
0.001520
0.017860
0.000000
0.000000
0.000000
0.000000
0.000280
0.000010
0.000100
0.000100
0.000000
0.000000
0.000000
0.000000
0.000190
0.002650
0.000000
0.000000
0.035320
0.000000
0.000000
0.000000
0.004330
0.000000
0.000000
0.001840
0.000160
0.000200
0.000000
0.001030
0.000000
0.000000
0.000380
0.000000
0.000000
0.000170
0.000000
0.000000
0.000840
0.000000
0.000000
0.000000
0.000000
0.028340
0.000000
0.000000
0.000020
0.000350
0.000000
0.000000
0.000040
0.000140
0.000000
0.000000
0.000000
0.000000
0.000900
0.000320
0.000070
0.000060
0.000000
0.000030
0.000000
0.000000
0.000000
0.000000
0.000000
0.000810
0.000800
0.000360
0.002270
0.000000
0.000350
0.000050
0.000000
0.000000
0.000140
0.000000
0.000000
0.001320
0.000000
0.000000
0.000000
0.000250
0.000000
0.000000
0.000060
0.000000
0.000000
0.000000
0.000000
0.000000
0.004480
0.000000
0.000020
0.000000
0.000010
0.000250
0.000000
0.000010
0.000000
0.000000
0.000040
0.000000
0.000000
0.000000
0.000000
0.000000
0.000000
0.000000
0.000000
0.000010
0.000000
0.000080
0.000000
0.000010
0.000040
0.000120
0.000000
0.000140
0.000150
0.000010
0.000000
0.000000
0.000000
0.000000
0.000000
0.000010
0.000000
0.000000
0.000000
0.000010
0.000000
0.000010
0.000010
0.000000
0.000010
0.000000
0.000000
0.000000
0.000000
0.000010
0.000010
0.000000
0.000000
0.000230
0.000000
0.000000
0.000020
0.000020
0.000000
0.000000
0.000000
0.000030
0.000030
0.000000
0.000620
0.000000
0.000000
0.000000
0.000000
0.000010
0.000000
0.000020
0.000000
0.000000
0.000000
0.000050
0.000150
0.000000
0.000000
0.000000
0.000000
0.000000
0.000000
0.000000
0.000010
0.000000
0.000000
0.000000
0.000230
0.001210
0.000000
0.005180
0.000000
0.003560
0.000000
0.000000
0.000000
0.000000
0.000000
0.000340
0.000120
0.000000
0.000870
0.000000
0.000050
0.000000
0.000050
0.000000
0.000480
0.000000
0.000000
0.000000
0.000000
0.000060
0.000000
0.000000
0.000000
0.000000
0.000770
0.000000
0.000000
0.000000
0.000030
0.000000
0.000000
0.000020
0.000000
0.000000
0.000010
0.000020
0.000000
0.000000
0.000050
0.000000
0.000000
0.000000
0.000710
0.000000
0.000000
0.000100
0.000000
0.000000
0.000040
0.000650
0.000000
0.000080
0.000000
0.000020
0.000000
0.000000
0.000000
0.000040
0.000020
0.000050
0.000000
0.000000
0.000000
0.000070
0.000650
0.000000
0.000080
0.000260
0.000000
0.000000
0.000010
0.000000
0.000020
0.000040
0.000020
0.000010
0.000110
0.000270
0.021790
0.000000
0.001000
0.000260
0.000190
0.000000
0.000240
0.000210
0.000000
0.000000
0.000000
0.000000
0.000000
0.000000
0.000000
0.000000
0.000000
0.000000
0.000140
0.000000
0.000000
0.000000
0.000050
0.000200
0.000000
0.000000
0.000000
0.000030
0.000040
0.000070
0.000000
0.000000
0.000020
0.000000
0.000000
0.000000
0.000000
0.000000
0.000000
0.000470
0.000260
0.000090
0.000270
0.000000
0.000000
0.000000
0.000000
0.000040
0.000000
0.000000
0.000000
0.000000
0.000000
0.034560
0.000000
0.000000
0.001280
0.002300
0.000000
0.000000
0.004130
0.000000
0.000000
0.000000
0.000520
0.000000
0.000000
0.001110
0.000000
0.000140
0.000290
0.000000
0.000000
0.000710
0.000000
0.000000
0.000180
0.000000
0.031950
0.000000
0.000010
0.000000
0.000000
0.000000
0.000000
0.000000
0.000000
0.000000
0.000000
0.000000
0.004120
0.006840
0.000000
0.000000
0.000000
0.000000
0.000000
0.000000
0.000000
0.000000
0.000000
0.000000
0.001250
0.000000
0.000000
0.000000
0.000000
0.000330
0.000000
0.000000
0.000000
0.000000
0.000000
0.000000
0.000000
0.000000
0.000000
0.003830
0.000520
0.000000
0.000030
0.000050
0.000000
0.000000
0.000000
0.000040
0.000110
0.000000
0.000000
0.000000
0.000000
0.000000
0.000000
0.000000
0.000000
0.000000
0.000030
0.000060
0.000000
0.000000
0.000020
0.000000
0.000000
0.000000
0.000000
0.000000
0.000030
0.000000
0.000000
0.000000
0.000000
0.000000
0.000000
0.000000
0.000390
0.000000
0.000000
0.000000
0.000040
0.000100
0.000000
0.000000
0.000000
0.000000
0.000010
0.000000
0.000000
0.000000
0.000000
0.000000
0.000000
0.000000
0.000000
0.000000
0.000000
0.000030
0.000000
0.000000
0.000000
0.000000
0.000140
0.000000
0.000000
0.000000
0.000000
0.000000
0.000000
0.000010
0.000030
0.000000
0.000000
0.000400
0.000000
0.000000
0.000000
0.000000
0.000000
0.000000
0.000000
0.000000
0.000000
0.000000
0.000050
0.000000
0.000000
0.000000
0.000000
0.000000
0.000000
0.000000
0.000000
0.000000
0.000000
0.000000
0.000000
0.000000
0.000000
0.000000
0.005040
0.000000
0.003200
0.000000
0.000000
0.000100
0.000000
0.000000
0.001080
0.000000
0.000000
0.000770
0.000000
0.000090
0.000000
0.000000
0.000000
0.000450
0.000000
0.000000
0.000000
0.000000
0.000040
0.000000
0.000000
0.000000
0.000000
0.000000
0.000000
0.000000
0.000000
0.000000
0.000000
0.000000
0.000060
0.000000
0.000000
0.000000
0.000000
0.000000
0.000000
0.000000
0.000000
0.000000
0.000030
0.000000
0.000000
0.000000
0.000000
0.000000
0.000000
0.000080
0.000000
0.000000
0.000000
0.000000
0.000040
0.000000
0.000080
0.000010
0.000000
0.000000
0.000000
0.000000
0.000000
0.000220
0.000000
0.000000
0.000000
0.000160
0.000000
0.000000
0.000000
0.000080
0.000000
0.000000
0.000000
0.000000
0.000000
0.000000
0.000000
0.000000
0.000000
0.000000
0.000000
0.000000
0.000000
0.000130
0.000000
0.000000
0.000240
0.000000
0.000000
0.000000
0.000000
0.000000
0.000000
0.000000
0.000000
0.000000
0.000000
0.000000
0.000000
0.000000
0.000000
0.000000
0.000950
0.000310
0.000000
0.000000
0.000000
0.000000
0.000000
0.000000
0.000000
0.000000
0.001410
0.000000
0.040150
0.000000
0.000000
0.000000
0.000000
0.000000
0.000000
0.000040
0.000110
0.000000
0.000000
0.000000
0.000000
0.000000
0.000000
0.031870
0.000080
0.000000
0.001770
0.001020
0.014140
0.000000
0.004480
0.000020
0.000000
0.000000
0.000000
0.000130
0.000000
0.001380
0.000050
0.000000
0.000410
0.000160
0.000000
0.000530
0.000000
0.000000
0.000250
0.000000
0.033210
0.000010
0.000000
0.000040
0.000820
0.000000
0.000000
0.000070
0.000140
0.000000
0.000000
0.000020
0.003530
0.005250
0.333520
0.000000
0.000000
0.000000
0.000000
0.000000
0.000000
0.000000
0.000000
0.000030
0.001380
0.000240
0.000000
0.000000
0.000000
0.000000
0.000040
0.000000
0.000000
0.000000
0.000000
0.000000
0.000060
0.000160
0.000000
0.006390
0.000230
0.000680
0.000000
0.000030
0.000040
0.000000
0.000020
0.000030
0.000080
0.005110
0.001080
0.000000
0.000070
0.000000
0.000000
0.000000
0.000000
0.000040
0.000000
0.000030
0.000040
0.000000
0.000020
0.000000
0.000010
0.000000
0.000000
0.000010
0.000000
0.000000
0.000000
0.000000
0.000000
0.000050
0.000000
0.000000
0.000000
0.000160
0.000000
0.000000
0.000000
0.000070
0.000090
0.001900
0.000270
0.000090
0.000000
0.000000
0.000200
0.000000
0.000000
0.000000
0.000000
0.000000
0.000000
0.000000
0.000000
0.000040
0.000000
0.001050
0.000000
0.000000
0.000070
0.000010
0.000000
0.000060
0.000000
0.000000
0.000000
0.000010
0.000000
0.000040
0.000000
0.000000
0.000010
0.000000
0.000020
0.000000
0.000000
0.000000
0.000000
0.000000
0.000000
0.000050
0.000000
0.000030
0.000000
0.000000
0.000030
0.000000
0.000000
0.000000
0.000000
0.000000
0.000000
0.000000
0.000010
0.000010
0.008960
0.000000
0.000000
0.000120
0.000000
0.000030
0.000000
0.000120
0.000000
0.000010
0.001330
0.000000
0.000000
0.000000
0.000010
0.000000
0.000000
0.000000
0.000000
0.000000
0.000000
0.000000
0.000110
0.000000
0.000000
0.000010
0.000000
0.000010
0.000000
0.000880
0.000000
0.000000
0.000040
0.000000
0.000000
0.000000
0.000060
0.000000
0.000000
0.000000
0.000000
0.000000
0.000000
0.000010
0.000000
0.000000
0.000050
0.000000
0.001460
0.000000
0.000030
0.000000
0.000000
0.000070
0.000000
0.000000
0.000000
0.000150
0.000000
0.000020
0.000000
0.000000
0.000030
0.000750
0.000000
0.000000
0.000000
0.000240
0.000010
0.003370
0.000000
0.000000
0.000000
0.000000
0.000000
0.000080
0.000000
0.000000
0.000000
0.000000
0.000000
0.000000
0.000000
0.000000
0.000000
0.000000
0.003640
0.000000
0.000000
0.000000
0.000020
0.000000
0.000000
0.000050
0.000000
0.000000
0.000000
0.000000
0.000000
0.000000
0.000000
0.000000
0.000000
0.000000
0.000070
0.000120
0.000910
0.000000
0.000000
0.000300
0.000370
0.000400
0.000000
0.000000
0.000000
0.000040
0.000040
0.000000
0.001560
0.000050
0.043050
0.000080
0.003140
0.000120
0.000000
0.000000
0.000000
0.000000
0.000060
0.000130
0.000380
0.000120
0.000000
0.000000
0.000000
0.000000
0.000070
0.000000
0.000000
0.019890
0.000930
0.000000
0.000000
0.000700
0.000000
0.000000
0.000000
0.000070
0.000000
0.000000
0.000560
0.000000
0.000180
0.000090
0.000000
0.000000
0.000000
0.000000
0.000000
0.032310
0.000000
0.000100
0.000000
0.000820
0.000000
0.000000
0.000000
0.000000
0.000000
0.000000
0.000000
0.000000
0.000000
0.543240
0.001830
0.000000
0.000000
0.000000
0.000000
0.000000
0.000000
0.000000
0.000000
0.000840
0.000000
0.013910
0.000000
0.000000
0.000000
0.000000
0.000030
0.000000
0.000000
0.000000
0.000000
0.000000
0.000000
0.000000
0.000000
0.000000
0.000840
0.000040
0.000000
0.000040
0.000010
0.000000
0.000000
0.000000
0.007270
0.000630
0.000000
0.000000
0.000000
0.000000
0.000000
0.000000
0.000000
0.000000
0.000000
0.000030
0.000020
0.000000
0.000000
0.000000
0.000010
0.000000
0.000000
0.000000
0.000000
0.000000
0.000000
0.000000
0.000000
0.000000
0.000000
0.000000
0.000000
0.000070
0.000000
0.000000
0.000000
0.000110
0.001420
0.000000
0.000000
0.000000
0.000000
0.000190
0.000000
0.000000
0.000000
0.000000
0.000000
0.000000
0.000010
0.000000
0.000000
0.000000
0.001000
0.000000
0.000000
0.000000
0.000000
0.000000
0.000000
0.000000
0.000000
0.000000
0.000000
0.000000
0.000030
0.000740
0.000000
0.000000
0.000000
0.000000
0.000000
0.000000
0.000000
0.000000
0.000000
0.000000
0.000000
0.000000
0.000000
0.000020
0.000000
0.000000
0.000000
0.000000
0.000000
0.000000
0.000000
0.000000
0.000000
0.000000
0.000000
0.000000
0.000000
0.000000
0.000000
0.000270
0.000000
0.000030
0.000000
0.000000
0.000030
0.001280
0.000000
0.000010
0.000000
0.000000
0.000010
0.000000
0.000020
0.000000
0.000000
0.000000
0.000000
0.000000
0.000000
0.000000
0.000000
0.000050
0.000000
0.000000
0.000000
0.000000
0.000000
0.000000
0.000000
0.000000
0.000000
0.000000
0.000000
0.000010
0.000000
0.000000
0.000000
0.000000
0.000000
0.000000
0.000000
0.000000
0.000000
0.001440
0.000000
0.000000
0.000000
0.000000
0.000000
0.000000
0.000030
0.000000
0.000000
0.000000
0.000000
0.000060
0.000000
0.000040
0.000650
0.000000
0.000000
0.000000
0.000000
0.000000
0.002940
0.000000
0.000000
0.000000
0.000030
0.000000
0.000000
0.000000
0.000090
0.000000
0.000000
0.000000
0.000000
0.000000
0.000000
0.000000
0.000000
0.000000
0.000000
0.000000
0.000000
0.000000
0.000020
0.000000
0.000000
0.000340
0.000000
0.000000
0.000000
0.000000
0.000000
0.000000
0.000000
0.000000
0.000000
0.000000
0.000000
0.000000
0.000000
0.000000
0.000000
0.000410
0.000290
0.000000
0.000000
0.000000
0.000000
0.000000
0.000000
0.000000
0.000000
0.041950
0.000000
0.003310
0.000000
0.000000
0.000000
0.000000
0.000000
0.000000
0.000120
0.000380
0.000000
0.000000
0.000000
0.000000
0.000000
0.000000
0.000000
0.022580
0.001270
0.000380
0.000000
0.000810
0.012360
0.000000
0.000000
0.000000
0.000140
0.000000
0.000650
0.015510
0.000000
0.000020
0.000460
0.000000
0.000000
0.001030
0.000000
0.029470
0.000160
0.000130
0.000040
0.000000
0.000010
0.000040
0.000000
0.000000
0.000010
0.000140
0.000000
0.000000
0.000130
0.591750
0.001810
0.000080
0.000000
0.000000
0.000000
0.000000
0.000000
0.000000
0.000000
0.000000
0.000010
0.019590
0.001080
0.000000
0.000000
0.000000
0.000000
0.000000
0.000000
0.000000
0.000000
0.000000
0.000000
0.000090
0.037830
0.000000
0.000590
0.000050
0.000000
0.000000
0.000000
0.000040
0.000000
0.000000
0.009270
0.000050
0.000000
0.000000
0.000000
0.000010
0.000000
0.000000
0.000000
0.000000
0.000000
0.000000
0.000030
0.000000
0.000000
0.000000
0.000050
0.000000
0.000000
0.000000
0.000000
0.000000
0.000000
0.000000
0.000000
0.000000
0.000070
0.000000
0.000000
0.000000
0.000020
0.000000
0.000000
0.000000
0.000820
0.004020
0.000290
0.000170
0.000510
0.000000
0.000000
0.000000
0.000000
0.000000
0.000000
0.000000
0.000000
0.000000
0.000000
0.000000
0.000830
0.000520
0.000070
0.000000
0.000000
0.000000
0.000100
0.000000
0.000000
0.000000
0.000000
0.000000
0.000020
0.001040
0.000010
0.000000
0.000000
0.000010
0.000000
0.000010
0.000000
0.000000
0.000000
0.000000
0.000000
0.000000
0.000220
0.000000
0.000000
0.000000
0.000000
0.000020
0.000000
0.000000
0.000000
0.000000
0.000000
0.000000
0.000000
0.000010
0.025360
0.001190
0.000000
0.000000
0.000000
0.000000
0.000010
0.000000
0.000050
0.000920
0.000000
0.000040
0.000110
0.000000
0.000000
0.000000
0.000000
0.000020
0.000000
0.000000
0.000000
0.000010
0.000000
0.000030
0.000000
0.000000
0.000000
0.000000
0.000010
0.001820
0.000070
0.000000
0.000000
0.000000
0.000000
0.000000
0.000000
0.000000
0.000010
0.000000
0.000000
0.000000
0.000000
0.000000
0.000010
0.000000
0.000000
0.001380
0.000020
0.000020
0.000000
0.000020
0.000000
0.000000
0.000050
0.000580
0.000000
0.000000
0.000050
0.000000
0.000060
0.000000
0.000220
0.000170
0.000130
0.000000
0.000000
0.000000
0.001980
0.001980
0.000280
0.000000
0.000000
0.000010
0.000000
0.000000
0.000120
0.000080
0.000000
0.000000
0.000000
0.000000
0.000000
0.000000
0.000000
0.000000
0.000000
0.000430
0.000000
0.000000
0.000000
0.000000
0.000000
0.000000
0.000410
0.000000
0.000000
0.000000
0.000000
0.000000
0.000000
0.000000
0.000000
0.000000
0.000000
0.000130
0.002820
0.003270
0.000000
0.000000
0.000110
0.000020
0.000080
0.000000
0.000000
0.000000
0.000180
0.006340
0.000000
0.037550
0.000380
0.003240
0.000060
0.000060
0.000150
0.000000
0.000000
0.000000
0.000000
0.000300
0.000100
0.000220
0.001050
0.000000
0.000000
0.000000
0.000000
0.001460
0.000350
0.000190
0.000000
0.015630
0.000050
0.000000
0.000000
0.000000
0.002360
0.000000
0.021330
0.000070
0.000000
0.001040
0.000010
0.000000
0.008380
0.000250
0.000000
0.000320
0.000060
0.000020
0.000000
0.000000
0.000000
0.000000
0.000000
0.000000
0.000090
0.000010
0.000000
0.000000
0.589490
0.001720
0.000040
0.000020
0.000000
0.000000
0.000000
0.000000
0.000000
0.000000
0.000000
0.000000
0.019640
0.001250
0.000020
0.000000
0.000000
0.000000
0.000000
0.000020
0.000000
0.000000
0.000000
0.000000
0.000000
0.040350
0.000080
0.000000
0.000050
0.000000
0.000000
0.000000
0.000050
0.000000
0.000000
0.009330
0.000020
0.000000
0.000000
0.000000
0.000000
0.000000
0.000000
0.000000
0.000000
0.000000
0.000300
0.000000
0.000010
0.000000
0.000000
0.000060
0.000000
0.000000
0.000000
0.000000
0.000000
0.000000
0.000030
0.000000
0.000000
0.000000
0.004180
0.000000
0.000000
0.000000
0.000230
0.000000
0.000000
0.000000
0.006540
0.000110
0.000200
0.000500
0.000000
0.000000
0.000000
0.000000
0.000000
0.000000
0.000000
0.000000
0.000000
0.000020
0.000000
0.000000
0.001310
0.000000
0.000000
0.000000
0.000000
0.000110
0.000010
0.000000
0.000090
0.000000
0.000000
0.000000
0.001230
0.000000
0.000000
0.000000
0.000000
0.000010
0.000000
0.000020
0.000000
0.000000
0.000000
0.000000
0.000000
0.000000
0.000120
0.000000
0.000000
0.000000
0.000000
0.000980
0.000000
0.000000
0.000000
0.000000
0.000000
0.000000
0.000000
0.026470
0.000680
0.000030
0.000000
0.000000
0.000000
0.000000
0.000000
0.000000
0.000910
0.000000
0.000010
0.000110
0.000000
0.000000
0.000000
0.000000
0.000000
0.000000
0.000000
0.000000
0.000000
0.000020
0.000000
0.000090
0.000000
0.000000
0.000000
0.000000
0.001880
0.000060
0.000000
0.000000
0.000000
0.000000
0.000000
0.000000
0.000000
0.000010
0.000000
0.000000
0.000000
0.000000
0.000000
0.000000
0.000000
0.000000
0.000000
0.000040
0.000010
0.000010
0.000000
0.000000
0.000000
0.000000
0.000700
0.000000
0.000000
0.000000
0.000950
0.000000
0.000000
0.000000
0.000280
0.000080
0.000050
0.000000
0.000000
0.000000
0.003600
0.000050
0.000030
0.000000
0.000000
0.000000
0.000000
0.000000
0.000090
0.000000
0.000000
0.000000
0.000000
0.000000
0.000000
0.000000
0.000000
0.000000
0.000000
0.013040
0.000000
0.000000
0.000000
0.000170
0.000000
0.000000
0.000940
0.000000
0.000000
0.000000
0.000000
0.000000
0.000000
0.000000
0.000000
0.000000
0.000000
0.002880
0.003380
0.000260
0.000000
0.000000
0.000050
0.000110
0.000120
0.000000
0.000000
0.000000
0.008890
0.007320
0.000000
0.001220
0.001800
0.000080
0.000030
0.000140
0.000000
0.000000
0.000000
0.000000
0.000000
0.000130
0.000170
0.001040
0.000050
0.000000
0.000000
0.000000
0.000000
0.000000
0.000000
0.014690
0.000000
0.000000
0.000100
0.001250
0.002760
0.000000
0.020320
0.000000
0.000000
0.001310
0.000000
0.000000
0.011710
0.000000
0.000000
0.000000
0.000000
0.000000
0.000000
0.000000
0.000000
0.000000
0.000000
0.000000
0.000000
0.000000
0.000000
0.000000
0.583900
0.000000
0.000000
0.000000
0.000000
0.000020
0.000090
0.000040
0.000080
0.000000
0.000000
0.001830
0.020190
0.000000
0.000000
0.000000
0.000060
0.000000
0.000090
0.000000
0.000000
0.000000
0.000000
0.000050
0.000000
0.040120
0.000000
0.000000
0.000000
0.000000
0.000000
0.000000
0.000050
0.000000
0.000000
0.009310
0.000000
0.000000
0.000000
0.000000
0.000000
0.000000
0.000000
0.000000
0.000000
0.000000
0.000290
0.000000
0.000000
0.000000
0.000000
0.000060
0.000000
0.000000
0.000000
0.000000
0.000000
0.000000
0.000020
0.000000
0.000000
0.000000
0.004300
0.000000
0.000000
0.000000
0.000230
0.000000
0.000720
0.000000
0.010310
0.000000
0.000000
0.000000
0.000000
0.000000
0.000000
0.000000
0.000000
0.000000
0.000000
0.000000
0.000040
0.000000
0.000000
0.000350
0.001670
0.000000
0.000000
0.000000
0.000000
0.000120
0.000000
0.000000
0.000100
0.000000
0.000000
0.000000
0.001240
0.000000
0.000000
0.000000
0.000000
0.000000
0.000000
0.000030
0.000000
0.000000
0.000000
0.000020
0.000000
0.000550
0.000000
0.000000
0.000000
0.000000
0.000000
0.001010
0.000000
0.000000
0.000000
0.000000
0.000040
0.000000
0.000000
0.026970
0.000000
0.000000
0.000000
0.000000
0.000000
0.000000
0.000000
0.000000
0.000000
0.000000
0.000000
0.000000
0.000000
0.000000
0.000000
0.000000
0.000000
0.000000
0.000000
0.000000
0.000110
0.000000
0.000000
0.000100
0.000000
0.000000
0.000000
0.000000
0.001840
0.000000
0.000000
0.000000
0.000000
0.000000
0.000000
0.000000
0.000010
0.000000
0.000000
0.000000
0.000010
0.000100
0.000000
0.000000
0.000000
0.000000
0.000690
0.000000
0.000000
0.000000
0.000000
0.000000
0.000000
0.000010
0.000720
0.000000
0.000000
0.000030
0.000940
0.000000
0.000000
0.000000
0.000360
0.000000
0.000000
0.000000
0.000000
0.000000
0.004550
0.000000
0.000000
0.000000
0.000000
0.000000
0.000000
0.000140
0.000000
0.000000
0.000000
0.000030
0.000000
0.000180
0.000380
0.000410
0.002900
0.000000
0.000000
0.013270
0.000000
0.000000
0.000000
0.000200
0.000000
0.001930
0.000000
0.000000
0.000000
0.000000
0.000000
0.000000
0.000000
0.000000
0.000000
0.000000
0.000000
0.000000
0.000000
0.000000
0.000000
0.000000
0.000000
0.000000
0.000000
0.000000
0.000000
0.009960
0.000000
0.000000
0.000000
0.000000
0.000000
0.000000
0.000000
0.000000
0.000000
0.000000
0.000020
0.000300
0.000000
0.000000
0.000000
0.000000
0.000000
0.000000
0.000070
0.000000
0.000000
0.000000
0.000000
0.000170
0.000000
0.000000
0.001170
0.001120
0.000270
0.000000
0.018510
0.000000
0.000000
0.000060
0.000000
0.000000
0.000500
0.000000
0.000000
0.000470
0.000000
0.000000
0.000000
0.000000
0.000020
0.000000
0.000000
0.000000
0.000040
0.000000
0.000000
0.371180
0.000090
0.000000
0.000000
0.000000
0.000000
0.000070
0.000020
0.000090
0.000000
0.000130
0.002450
0.013800
0.000230
0.000000
0.000000
0.000000
0.000030
0.000080
0.000000
0.000000
0.000000
0.000100
0.000030
0.000040
0.021820
0.000040
0.000000
0.000000
0.000010
0.000000
0.000000
0.000000
0.000030
0.000000
0.000000
0.000000
0.000000
0.000000
0.000000
0.000000
0.000000
0.000000
0.000000
0.000000
0.000000
0.000100
0.000000
0.000000
0.000000
0.000000
0.000000
0.000000
0.000000
0.000000
0.000000
0.000000
0.000000
0.000000
0.000000
0.000000
0.000700
0.003140
0.000010
0.000000
0.000020
0.000140
0.000000
0.000000
0.006130
0.007050
0.000050
0.000000
0.000000
0.000000
0.000000
0.000000
0.000000
0.000000
0.000000
0.000000
0.000000
0.000040
0.000000
0.000020
0.000000
0.001520
0.000030
0.000000
0.000000
0.000000
0.000070
0.000000
0.000000
0.000000
0.000000
0.000000
0.000000
0.000830
0.000000
0.000000
0.000000
0.000000
0.000000
0.000010
0.000000
0.000000
0.000000
0.000000
0.000020
0.000000
0.000570
0.000030
0.000000
0.000000
0.000000
0.000000
0.000990
0.000000
0.000000
0.000000
0.000010
0.000040
0.000010
0.000220
0.025260
0.000010
0.000000
0.000000
0.000000
0.000000
0.000000
0.000000
0.000080
0.000000
0.000250
0.000000
0.000000
0.000000
0.000000
0.000000
0.000000
0.000000
0.000000
0.000010
0.000000
0.000090
0.000000
0.000010
0.000000
0.000000
0.000000
0.000000
0.000030
0.000000
0.000030
0.000000
0.000000
0.000000
0.000000
0.000000
0.000000
0.000010
0.000010
0.000010
0.000000
0.000000
0.000080
0.000000
0.000000
0.000000
0.000010
0.000000
0.000040
0.000080
0.000000
0.000000
0.000000
0.000000
0.000000
0.000440
0.000000
0.000000
0.000000
0.000620
0.000000
0.000000
0.000030
0.000000
0.000010
0.000000
0.000000
0.000000
0.000000
0.003640
0.000010
0.000000
0.000000
0.000000
0.000000
0.000000
0.000000
0.000020
0.000000
0.000000
0.000000
0.000000
0.000120
0.000190
0.000290
0.002250
0.000010
0.000040
0.008370
0.000010
0.000000
0.000000
0.000130
0.000000
0.000000
0.011400
0.000320
0.000000
0.000000
0.000000
0.000000
0.000000
0.000000
0.000000
0.000000
0.000000
0.000020
0.000880
0.000000
0.000000
0.000000
0.000060
0.000040
0.000000
0.000000
0.000000
0.008160
0.000730
0.003750
0.000000
0.000000
0.000840
0.000000
0.000000
0.000000
0.000000
0.000000
0.000000
0.000250
0.000040
0.000060
0.000180
0.000000
0.000000
0.000000
0.000000
0.000000
0.000000
0.000000
0.000000
0.000000
0.000000
0.001150
0.000000
0.000000
0.000000
0.061100
0.000000
0.000000
0.000220
0.000000
0.009890
0.000930
0.000000
0.007900
0.000440
0.000000
0.000000
0.000010
0.000000
0.000040
0.000000
0.000010
0.000000
0.000000
0.000000
0.000000
0.000000
0.000000
0.000000
0.000000
0.000000
0.000050
0.000110
0.000000
0.000000
0.000000
0.000000
0.000000
0.000000
0.000000
0.000000
0.003050
0.000000
0.000010
0.000000
0.000000
0.000000
0.000000
0.000150
0.000000
0.000000
0.000000
0.000000
0.000000
0.000000
0.000000
0.000000
0.000000
0.000020
0.000040
0.000000
0.007740
0.000020
0.000000
0.000000
0.000000
0.000000
0.000000
0.000000
0.000000
0.000000
0.000000
0.000000
0.000000
0.000000
0.000000
0.000000
0.000020
0.000000
0.000000
0.000000
0.000000
0.000000
0.000000
0.000000
0.000010
0.000000
0.001590
0.000000
0.000000
0.000000
0.000000
0.000000
0.000000
0.000000
0.020580
0.000000
0.000000
0.000000
0.002060
0.000000
0.000000
0.000000
0.000000
0.000000
0.000000
0.000000
0.000000
0.000000
0.000000
0.000000
0.000000
0.001060
0.000000
0.000000
0.000000
0.000000
0.000000
0.000000
0.000000
0.000080
0.000000
0.000000
0.000000
0.000000
0.000000
0.000000
0.000000
0.000000
0.000000
0.000000
0.000000
0.000000
0.000000
0.000000
0.000000
0.000000
0.000000
0.000000
0.000000
0.000000
0.000000
0.000000
0.000780
0.000000
0.000000
0.000000
0.000000
0.000000
0.000000
0.000000
0.000000
0.000000
0.000000
0.000000
0.000000
0.000000
0.000000
0.000000
0.000070
0.000000
0.000280
0.000000
0.000000
0.000000
0.000000
0.000000
0.000000
0.000000
0.000000
0.000010
0.000000
0.000060
0.000000
0.000000
0.000000
0.000010
0.000000
0.000000
0.000000
0.000000
0.000070
0.000000
0.000000
0.000000
0.000000
0.000000
0.000000
0.000000
0.000000
0.000000
0.000000
0.000000
0.000070
0.000000
0.000000
0.000000
0.000000
0.000000
0.000100
0.000000
0.000000
0.000000
0.000010
0.000000
0.000000
0.000000
0.000000
0.000000
0.000000
0.000420
0.000000
0.000000
0.000000
0.000000
0.000020
0.000000
0.003460
0.000130
0.000000
0.000000
0.000000
0.000000
0.000000
0.000010
0.000000
0.000000
0.000000
0.000010
0.000000
0.000000
0.000000
0.000000
0.000000
0.000000
0.000000
0.000000
0.000000
0.000000
0.000000
0.000000
0.000000
0.000000
0.000000
0.000000
0.000000
0.030120
0.000000
0.000000
0.000060
0.000000
0.000000
0.000000
0.000000
0.000000
0.000000
0.000000
0.000000
0.000000
0.000000
0.000000
0.000000
0.000000
0.000000
0.000000
0.000220
0.000290
0.000000
0.000000
0.000000
0.000000
0.000000
0.000000
0.000000
0.000000
0.000030
0.000000
0.000000
0.000000
0.000000
0.000000
0.000000
0.000000
0.000000
0.000130
0.000060
0.000000
0.000000
0.000000
0.000000
0.000000
0.000000
0.000000
0.000000
0.001890
0.032170
0.070130
0.000000
0.000670
0.000000
0.000000
0.009960
0.000000
0.000000
0.009370
0.000000
0.000000
0.000000
0.000000
0.000000
0.000000
0.000000
0.000000
0.000000
0.000000
0.000000
0.000000
0.000000
0.000000
0.000000
0.000140
0.000000
0.000000
0.000000
0.000000
0.000190
0.000380
0.002030
0.007180
0.000000
0.000000
0.020050
0.005960
0.000000
0.000000
0.000000
0.000010
0.000000
0.000980
0.000000
0.000000
0.000000
0.000000
0.014840
0.000000
0.000030
0.000000
0.000000
0.000000
0.000000
0.000000
0.000000
0.007640
0.000000
0.000000
0.000000
0.000000
0.000000
0.000000
0.000000
0.000000
0.000000
0.000000
0.000000
0.000000
0.000520
0.000000
0.000000
0.000000
0.000000
0.000000
0.000000
0.000000
0.000000
0.000000
0.000030
0.000010
0.000000
0.001590
0.000000
0.000000
0.000000
0.000290
0.000000
0.000000
0.000000
0.024020
0.000000
0.000020
0.000000
0.003510
0.000000
0.000000
0.000000
0.000000
0.000000
0.000000
0.000000
0.000000
0.000000
0.000000
0.000000
0.001790
0.000000
0.000000
0.000020
0.000000
0.000000
0.000000
0.000000
0.000000
0.000090
0.000000
0.000000
0.000000
0.000000
0.000000
0.000000
0.000180
0.000000
0.000000
0.000000
0.000000
0.000000
0.000000
0.000000
0.000000
0.000000
0.000000
0.001550
0.000000
0.000110
0.000000
0.000000
0.000000
0.000000
0.000000
0.000010
0.000000
0.000000
0.000000
0.000000
0.021540
0.000000
0.000000
0.000040
0.000000
0.000000
0.000000
0.000000
0.000000
0.000000
0.000000
0.000000
0.000000
0.000000
0.000000
0.000000
0.000000
0.000000
0.000020
0.000000
0.000000
0.000000
0.000000
0.000040
0.000010
0.000000
0.000000
0.000010
0.000000
0.000000
0.000000
0.000000
0.000090
0.000000
0.000000
0.000000
0.000000
0.000000
0.000000
0.000000
0.000150
0.000000
0.000000
0.000000
0.000010
0.000100
0.000000
0.000000
0.000000
0.000000
0.000210
0.000000
0.000000
0.000000
0.000000
0.000000
0.000000
0.000020
0.000070
0.000000
0.000000
0.000030
0.000060
0.000000
0.000000
0.000000
0.004290
0.000000
0.000000
0.000000
0.000000
0.000000
0.000950
0.000000
0.000000
0.000000
0.000000
0.000000
0.000000
0.000050
0.000000
0.000000
0.000000
0.000160
0.000000
0.001670
0.000560
0.000720
0.004280
0.000000
0.000000
0.000110
0.000000
0.000000
0.000000
0.034680
0.000000
0.000020
0.000000
0.000000
0.000000
0.000000
0.000000
0.000000
0.000000
0.000000
0.000000
0.000000
0.000000
0.000000
0.000000
0.000000
0.000000
0.000000
0.000000
0.000000
0.000000
0.000000
0.000000
0.019850
0.000000
0.000000
0.000000
0.000000
0.000000
0.000000
0.000000
0.000000
0.000000
0.000000
0.000130
0.000820
0.000000
0.000000
0.000000
0.000000
0.000000
0.000000
0.000020
0.000000
0.000000
0.000000
0.000000
0.030560
0.043570
0.001070
0.000000
0.000490
0.000000
0.000000
0.000480
0.000000
0.000000
0.000100
0.000000
0.000000
0.000010
0.000000
0.000000
0.000000
0.000000
0.000040
0.000000
0.000000
0.002480
0.266470
0.000000
0.000000
0.000220
0.000030
0.000000
0.000000
0.000000
0.000000
0.000380
0.001660
0.006450
0.001060
0.007860
0.020370
0.005460
0.000030
0.000000
0.000000
0.000000
0.000010
0.000940
0.000000
0.000050
0.000000
0.000070
0.013890
0.000110
0.000040
0.000020
0.000000
0.000000
0.000010
0.000000
0.000000
0.000000
0.000000
0.000000
0.000000
0.000000
0.000000
0.000000
0.000000
0.000000
0.000000
0.000000
0.000000
0.000000
0.000560
0.000000
0.000000
0.000000
0.000000
0.000000
0.000000
0.000000
0.000000
0.000000
0.000000
0.000000
0.000000
0.000000
0.000060
0.000000
0.000080
0.000410
0.000010
0.000000
0.000010
0.024340
0.000000
0.000000
0.000000
0.003720
0.000000
0.000000
0.000000
0.000000
0.000000
0.000000
0.000000
0.000000
0.000000
0.000000
0.001170
0.001490
0.000020
0.000010
0.000000
0.000000
0.000000
0.000000
0.000000
0.000000
0.000040
0.000010
0.000000
0.000000
0.000030
0.000000
0.000010
0.000270
0.000000
0.000000
0.000000
0.000000
0.000000
0.000000
0.000000
0.000000
0.000000
0.000000
0.001650
0.000000
0.000090
0.000000
0.000000
0.000000
0.000000
0.000000
0.000010
0.000000
0.000000
0.000000
0.008650
0.015280
0.000020
0.000010
0.000050
0.000000
0.000000
0.000000
0.000000
0.000000
0.000140
0.000000
0.000080
0.000000
0.000010
0.000000
0.000000
0.000000
0.000000
0.000000
0.000000
0.000010
0.000000
0.000000
0.000000
0.000010
0.000010
0.000000
0.000000
0.000000
0.000000
0.000000
0.001320
0.000000
0.000000
0.000000
0.000000
0.000000
0.000000
0.000050
0.000000
0.000070
0.000180
0.000000
0.000000
0.000000
0.000090
0.000020
0.000050
0.000110
0.000240
0.000000
0.000000
0.000040
0.000000
0.000000
0.000000
0.000010
0.000000
0.000040
0.000050
0.000000
0.000000
0.000070
0.000010
0.000000
0.000010
0.000000
0.000030
0.000000
0.000000
0.000000
0.000020
0.001090
0.000020
0.000000
0.000000
0.000000
0.000010
0.000040
0.000000
0.000000
0.000020
0.000000
0.000000
0.000000
0.001590
0.000310
0.000620
0.003720
0.000050
0.000070
0.000190
0.000040
0.000000
0.000120
0.046880
0.000000
0.000000
0.000000
0.000180
0.000000
0.000000
0.000000
0.000000
0.000000
0.000000
0.000000
0.000000
0.000000
0.000000
0.000000
0.000000
0.000000
0.000000
0.000020
0.000430
0.000000
0.000000
0.000000
0.014930
0.004040
0.000670
0.000000
0.000000
0.000180
0.000000
0.000000
0.000000
0.000000
0.000000
0.000000
0.000740
0.000210
0.000150
0.000230
0.000000
0.000000
0.000000
0.000000
0.000010
0.000000
0.000000
0.000000
0.019480
0.002760
0.000190
0.000000
0.002080
0.000000
0.000000
0.000220
0.000000
0.000000
0.000090
0.000000
0.000000
0.000000
0.000000
0.000000
0.000000
0.000000
0.000440
0.000000
0.000000
0.417080
0.001940
0.000000
0.000000
0.000600
0.000000
0.000000
0.000000
0.000000
0.000000
0.001480
0.001100
0.001860
0.011190
0.018350
0.004320
0.000060
0.000000
0.000000
0.000000
0.000000
0.000840
0.000000
0.000050
0.000220
0.000000
0.011580
0.000210
0.000050
0.000010
0.000000
0.000000
0.000000
0.000140
0.000000
0.000000
0.000000
0.000090
0.000000
0.000000
0.000010
0.000000
0.000000
0.000000
0.000000
0.000000
0.000020
0.000000
0.000610
0.000020
0.000000
0.000000
0.000000
0.000110
0.000000
0.000000
0.000000
0.000000
0.000000
0.000000
0.000000
0.000000
0.000000
0.003720
0.000000
0.000270
0.000010
0.000010
0.000000
0.024430
0.000000
0.000010
0.000000
0.003710
0.000010
0.000000
0.000000
0.000000
0.000000
0.000000
0.000000
0.000010
0.000000
0.000000
0.001800
0.001040
0.000010
0.000010
0.000000
0.000000
0.000000
0.000000
0.000000
0.000000
0.000000
0.000010
0.000000
0.000000
0.000000
0.000010
0.000000
0.000260
0.000010
0.000000
0.000000
0.000000
0.000000
0.000000
0.000000
0.000000
0.000000
0.000000
0.001640
0.000000
0.000090
0.000000
0.000000
0.000000
0.000000
0.000010
0.000000
0.000000
0.000000
0.000000
0.015690
0.008660
0.000030
0.000010
0.000070
0.000000
0.000000
0.000000
0.000000
0.000000
0.000140
0.000100
0.000000
0.000250
0.000000
0.000000
0.000000
0.000000
0.000000
0.000000
0.000000
0.000010
0.000010
0.000000
0.000010
0.000000
0.000030
0.000000
0.000000
0.000000
0.000010
0.000000
0.001660
0.000020
0.000000
0.000000
0.000000
0.000000
0.000000
0.000060
0.000020
0.000000
0.000630
0.000000
0.000010
0.000000
0.000000
0.000010
0.000030
0.000160
0.000240
0.000040
0.000000
0.000030
0.000010
0.000000
0.000000
0.000000
0.000000
0.000000
0.000060
0.000000
0.000000
0.000000
0.000030
0.000000
0.000000
0.005880
0.000000
0.000050
0.000000
0.000000
0.000000
0.001190
0.000050
0.000000
0.000000
0.000000
0.000000
0.000090
0.000030
0.000000
0.000040
0.000020
0.000000
0.000000
0.001370
0.000220
0.000530
0.002970
0.000060
0.000080
0.000170
0.000040
0.000020
0.000000
0.054740
0.000060
0.000000
0.000000
0.000260
0.000010
0.000000
0.000000
0.000000
0.000000
0.000000
0.000000
0.000000
0.000000
0.000000
0.000000
0.000000
0.000000
0.000000
0.000000
0.000310
0.001720
0.000000
0.000000
0.000000
0.010170
0.000380
0.000200
0.000000
0.000000
0.000540
0.000000
0.000000
0.000000
0.000000
0.000000
0.000000
0.000270
0.000080
0.000280
0.000050
0.000000
0.000000
0.000000
0.000000
0.000010
0.000000
0.000000
0.000000
0.000000
0.000000
0.002920
0.000000
0.029700
0.000200
0.000000
0.003610
0.000130
0.000000
0.000050
0.000000
0.000000
0.000010
0.000000
0.000120
0.000280
0.000000
0.001000
0.437090
0.000000
0.000000
0.001020
0.001230
0.000000
0.000000
0.023440
0.000180
0.000000
0.000610
0.000000
0.000000
0.000000
0.000000
0.000000
0.000000
0.000000
0.000000
0.000040
0.000010
0.000550
0.000000
0.000000
0.000000
0.000000
0.005470
0.000000
0.000000
0.000000
0.000000
0.000000
0.000180
0.000100
0.000000
0.003560
0.000060
0.000110
0.000000
0.000130
0.000010
0.000000
0.000010
0.000000
0.000000
0.000000
0.000010
0.000000
0.000600
0.000000
0.000000
0.000000
0.000000
0.000230
0.000000
0.000000
0.000000
0.000000
0.000050
0.000000
0.000000
0.000000
0.000000
0.008010
0.000000
0.000180
0.000000
0.000000
0.000000
0.024560
0.000000
0.000000
0.000000
0.003660
0.000000
0.000000
0.000000
0.000040
0.000010
0.000000
0.000010
0.000010
0.000000
0.000040
0.002440
0.000000
0.000000
0.000000
0.000000
0.000000
0.000000
0.000000
0.000000
0.000110
0.000000
0.000010
0.000000
0.000000
0.000410
0.000030
0.000000
0.000240
0.000000
0.000000
0.000000
0.000090
0.000010
0.000000
0.000000
0.000000
0.000000
0.000000
0.001670
0.000000
0.000000
0.000000
0.000000
0.000000
0.000000
0.000030
0.000000
0.000000
0.000000
0.000000
0.022250
0.000000
0.000000
0.000000
0.000000
0.000000
0.000000
0.000000
0.000290
0.000000
0.000070
0.000000
0.000000
0.000270
0.000000
0.000000
0.000000
0.000000
0.000000
0.000000
0.000000
0.000000
0.000000
0.000000
0.000010
0.000000
0.000040
0.000000
0.000000
0.000000
0.000010
0.000000
0.001800
0.000000
0.000000
0.000010
0.000000
0.000010
0.000000
0.000070
0.000000
0.000000
0.000850
0.000000
0.000000
0.000000
0.000050
0.000010
0.000000
0.000000
0.000000
0.000000
0.000000
0.000020
0.000000
0.000000
0.000030
0.000000
0.000000
0.000000
0.000070
0.000000
0.000000
0.000460
0.000000
0.000000
0.000000
0.006720
0.000000
0.000040
0.000000
0.000260
0.000010
0.001150
0.000000
0.000000
0.000000
0.001770
0.000000
0.000070
0.000000
0.000000
0.000040
0.000000
0.000000
0.000100
0.000660
0.000000
0.000000
0.000000
0.000000
0.000000
0.000000
0.000000
0.000000
0.000000
0.060070
0.000000
0.000000
0.000000
0.000290
0.000000
0.000000
0.000000
0.000000
0.000000
0.000000
0.000000
0.000000
0.000000
0.000000
0.000000
0.000000
0.000000
0.000000
0.000010
0.000240
0.000000
0.000000
0.003880
0.001160
0.014500
0.000000
0.000000
0.000000
0.000480
0.000490
0.000000
0.000030
0.000020
0.000110
0.000050
0.000190
0.000330
0.000000
0.000000
0.000000
0.000000
0.000010
0.000000
0.000000
0.000020
0.000000
0.000000
0.000000
0.000000
0.003050
0.000000
0.027850
0.000000
0.000000
0.004550
0.000000
0.000000
0.000090
0.000000
0.000000
0.000000
0.000000
0.000000
0.000000
0.000000
0.000000
0.000000
0.000000
0.000000
0.000000
0.000000
0.000000
0.000000
0.026060
0.000000
0.000000
0.000000
0.000000
0.000630
0.070580
0.004250
0.000570
0.000000
0.000000
0.000000
0.000050
0.000000
0.000000
0.000000
0.000070
0.000000
0.002600
0.000000
0.000000
0.000000
0.000000
0.000070
0.000000
0.000170
0.000000
0.000000
0.000000
0.000000
0.000000
0.000000
0.000120
0.000000
0.000000
0.000010
0.000000
0.000000
0.000000
0.000000
0.000000
0.000000
0.000000
0.000000
0.000000
0.000010
0.000210
0.000000
0.000000
0.000000
0.000000
0.000050
0.000000
0.000000
0.000000
0.000000
0.009120
0.000000
0.000140
0.000000
0.000000
0.000000
0.024190
0.000000
0.000000
0.000000
0.003590
0.000000
0.000010
0.000000
0.000090
0.000000
0.000000
0.000000
0.000000
0.000000
0.000000
0.000000
0.000000
0.000000
0.000000
0.000000
0.000020
0.000000
0.000000
0.000010
0.000150
0.000000
0.000000
0.000000
0.000000
0.000710
0.000000
0.000000
0.000200
0.000000
0.000000
0.000000
0.000090
0.000000
0.000000
0.000000
0.000000
0.000000
0.000000
0.001620
0.000000
0.000000
0.000000
0.000000
0.000000
0.000030
0.000000
0.000000
0.000000
0.000000
0.000000
0.022090
0.000000
0.000000
0.000000
0.000000
0.000210
0.000000
0.000000
0.000310
0.000000
0.000000
0.000000
0.000000
0.000000
0.000000
0.000000
0.000000
0.000000
0.000000
0.000000
0.000000
0.000000
0.000000
0.000000
0.000000
0.000000
0.000000
0.000000
0.000020
0.000020
0.000000
0.000000
0.001760
0.000000
0.000000
0.000000
0.000000
0.000010
0.000000
0.000000
0.000000
0.000000
0.000000
0.000000
0.000000
0.000180
0.000000
0.000000
0.000000
0.000030
0.001480
0.000000
0.000000
0.000000
0.000000
0.000020
0.000000
0.000000
0.000000
0.000000
0.000000
0.000000
0.000020
0.000470
0.000000
0.000000
0.000010
0.006670
0.000000
0.000000
0.000000
0.000330
0.000000
0.000000
0.000000
0.000000
0.000000
0.001940
0.000000
0.000000
0.000000
0.000000
0.000000
0.000000
0.000360
0.000000
0.000000
0.000000
0.000280
0.000000
0.000640
0.000300
0.000190
0.000080
0.000000
0.000000
0.059670
0.000000
0.000000
0.000000
0.000300
0.000000
0.000000
0.000000
0.000000
0.000000
0.000000
0.000000
0.000000
0.000000
0.000000
0.000000
0.000000
0.000000
0.000000
0.000000
0.000000
0.000000
0.000000
0.000000
0.000000
0.000000
0.000000
0.000000
0.002660
0.000000
0.000000
0.000000
0.000000
0.000000
0.000000
0.000000
0.000000
0.000000
0.000000
0.000060
0.000500
0.000000
0.000000
0.000000
0.000000
0.000000
0.000000
0.000010
0.000000
0.000000
0.000000
0.000000
0.000180
0.000000
0.000000
0.000380
0.000000
0.000000
0.000050
0.000000
0.000000
0.000080
0.000000
0.000000
0.000000
0.000000
0.101170
0.000000
0.000000
0.001180
0.000220
0.000000
0.000000
0.030300
0.000030
0.000000
0.000000
0.000000
0.000000
0.077260
0.002870
0.000420
0.000000
0.000020
0.000000
0.000050
0.000000
0.000000
0.000000
0.000000
0.000380
0.001510
0.000060
0.000020
0.000000
0.000010
0.000080
0.000000
0.000080
0.000010
0.000000
0.000000
0.000640
0.000000
0.000000
0.000000
0.000450
0.000000
0.000000
0.000000
0.000000
0.000000
0.000000
0.000000
0.000000
0.000040
0.000000
0.000000
0.000010
0.000100
0.000010
0.000000
0.000060
0.000000
0.000000
0.000020
0.000000
0.000000
0.000000
0.009390
0.000000
0.000000
0.000010
0.000000
0.000140
0.018860
0.000010
0.000000
0.000020
0.001410
0.000000
0.000000
0.000010
0.000050
0.000000
0.000000
0.000000
0.000000
0.000000
0.000000
0.004960
0.000000
0.000000
0.000040
0.000010
0.000030
0.000010
0.000000
0.000000
0.000100
0.000020
0.000000
0.000000
0.000000
0.000850
0.000000
0.000000
0.000000
0.000000
0.000000
0.000000
0.000080
0.000010
0.000000
0.000000
0.000000
0.000190
0.000060
0.000000
0.000000
0.000000
0.000000
0.000000
0.000000
0.000020
0.000000
0.000000
0.000000
0.000260
0.000000
0.016000
0.000000
0.000000
0.000000
0.000010
0.000190
0.000000
0.000010
0.000320
0.000000
0.000000
0.000000
0.000000
0.004480
0.000020
0.000000
0.000010
0.000000
0.000000
0.000000
0.000000
0.000000
0.000000
0.000000
0.000010
0.000000
0.000000
0.000000
0.000000
0.000010
0.000000
0.000000
0.000000
0.000000
0.000000
0.000020
0.000000
0.000000
0.000010
0.000000
0.000000
0.000000
0.002910
0.000020
0.000000
0.000120
0.000000
0.000000
0.000000
0.000000
0.001530
0.000010
0.000000
0.000020
0.000000
0.000000
0.000000
0.000010
0.000000
0.000000
0.000000
0.000150
0.000000
0.000420
0.000000
0.000000
0.000000
0.004900
0.000000
0.000000
0.000190
0.000000
0.000060
0.000000
0.000000
0.000000
0.001620
0.001290
0.000060
0.000000
0.000000
0.000000
0.000450
0.000020
0.000000
0.000030
0.000020
0.000000
0.000000
0.000260
0.000520
0.000200
0.000080
0.000080
0.000050
0.000140
0.037940
0.000020
0.000000
0.000070
0.000250
0.000010
0.000000
0.000000
0.000000
0.000000
0.000000
0.000000
0.000000
0.000000
0.000000
0.000000
0.000000
0.000000
0.000000
0.000000
0.000000
0.000000
0.000000
0.029470
0.001090
0.000000
0.000000
0.000000
0.002690
0.000000
0.000020
0.000000
0.000000
0.000180
0.000000
0.000000
0.000000
0.000000
0.000000
0.000000
0.000470
0.000020
0.000000
0.000000
0.000000
0.000000
0.000000
0.000000
0.000020
0.000000
0.000000
0.000000
0.000000
0.004750
0.001630
0.000000
0.000040
0.000170
0.000000
0.000010
0.000140
0.000000
0.000810
0.002910
0.410820
0.069400
0.000000
0.000310
0.001690
0.000000
0.000000
0.000050
0.032740
0.000000
0.000000
0.000040
0.001380
0.010330
0.088220
0.000000
0.000000
0.000000
0.000000
0.000000
0.000000
0.000000
0.000000
0.000000
0.000070
0.000580
0.000000
0.000000
0.000000
0.000000
0.000010
0.000000
0.000000
0.000000
0.000000
0.000000
0.000000
0.000730
0.000000
0.000130
0.000040
0.001860
0.000000
0.000010
0.000000
0.000000
0.000000
0.000050
0.000450
0.000030
0.000060
0.000000
0.000010
0.000000
0.000000
0.000000
0.000000
0.000020
0.000000
0.000000
0.000080
0.000000
0.000010
0.000040
0.010170
0.000000
0.000000
0.000020
0.000000
0.000150
0.000000
0.000000
0.000000
0.000040
0.000000
0.000000
0.000000
0.000040
0.000000
0.000000
0.000000
0.000010
0.000030
0.000180
0.000160
0.008310
0.000000
0.000010
0.000050
0.000000
0.000000
0.000000
0.000000
0.000000
0.000070
0.000000
0.000000
0.000020
0.000000
0.000940
0.000000
0.000000
0.000010
0.000000
0.000000
0.000010
0.000000
0.000000
0.000000
0.000000
0.000030
0.000430
0.000000
0.000000
0.000000
0.000000
0.000000
0.000000
0.000000
0.000000
0.000000
0.000000
0.000000
0.000490
0.000000
0.009480
0.000000
0.000000
0.000020
0.000000
0.000000
0.000000
0.000000
0.000000
0.000000
0.000000
0.000000
0.000010
0.009610
0.000000
0.000000
0.000010
0.000000
0.000000
0.000000
0.000000
0.000000
0.000000
0.000000
0.000010
0.000000
0.000000
0.000000
0.000000
0.000010
0.000000
0.000000
0.000000
0.000010
0.000000
0.000030
0.000000
0.000000
0.000020
0.000000
0.000010
0.000030
0.006390
0.000000
0.000000
0.000110
0.000000
0.000000
0.000000
0.000000
0.001620
0.000000
0.000000
0.000000
0.000000
0.000000
0.000000
0.000000
0.000000
0.000000
0.000010
0.000210
0.000000
0.000300
0.000000
0.000000
0.000040
0.004210
0.000000
0.000000
0.000260
0.000000
0.000090
0.000000
0.000340
0.000250
0.004350
0.000000
0.000000
0.000000
0.000010
0.000020
0.001170
0.000000
0.000000
0.000060
0.000000
0.000000
0.000130
0.000360
0.000000
0.000000
0.000000
0.000000
0.000000
0.000000
0.000000
0.000000
0.000000
0.000130
0.000000
0.000000
0.000000
0.000010
0.000000
0.000000
0.000030
0.000000
0.000000
0.000000
0.000000
0.000000
0.000000
0.000000
0.000000
0.000000
0.000000
0.000000
0.000160
0.037410
0.000000
0.000000
0.000040
0.000030
0.002600
0.000000
0.000000
0.000000
0.000000
0.000210
0.000000
0.000020
0.000000
0.000660
0.000000
0.000020
0.000180
0.000000
0.000000
0.000000
0.000000
0.000000
0.000000
0.000020
0.000020
0.000000
0.000000
0.000000
0.000000
0.001750
0.000280
0.000000
0.000160
0.000090
0.000000
0.000130
0.000670
0.000000
0.004390
0.421020
0.072350
0.008920
0.000000
0.001180
0.003200
0.000000
0.000000
0.030210
0.008990
0.000000
0.000000
0.001280
0.013700
0.092760
0.001210
0.000000
0.000000
0.000000
0.000000
0.000000
0.000000
0.000000
0.000000
0.000050
0.000570
0.000380
0.000000
0.000000
0.000000
0.000000
0.000030
0.000000
0.000000
0.000000
0.000000
0.000000
0.000660
0.001140
0.000000
0.000060
0.001990
0.000020
0.000000
0.000000
0.000000
0.000000
0.000050
0.000750
0.000030
0.000030
0.000000
0.000000
0.000000
0.000000
0.000000
0.000000
0.000000
0.000070
0.000000
0.000100
0.000320
0.000000
0.000050
0.010230
0.000000
0.000000
0.000000
0.000050
0.000000
0.000230
0.000000
0.000000
0.000000
0.000040
0.000000
0.000000
0.000000
0.000010
0.000000
0.000000
0.000000
0.000040
0.000160
0.000210
0.008510
0.000120
0.000000
0.000030
0.000130
0.000000
0.000000
0.000000
0.000000
0.000000
0.000010
0.000000
0.000000
0.000010
0.000870
0.000050
0.000000
0.000000
0.000000
0.000010
0.000000
0.000000
0.000000
0.000000
0.000000
0.000040
0.000480
0.000070
0.000000
0.000000
0.000000
0.000000
0.000000
0.000000
0.000000
0.000000
0.000000
0.000000
0.000000
0.002050
0.000000
0.000130
0.000000
0.000000
0.000010
0.000000
0.000000
0.000000
0.000000
0.000000
0.000000
0.000000
0.000010
0.009770
0.000350
0.000000
0.000000
0.000000
0.000000
0.000000
0.000000
0.000000
0.000000
0.000000
0.000010
0.000000
0.000000
0.000000
0.000000
0.000000
0.000000
0.000000
0.000000
0.000000
0.000010
0.000000
0.000000
0.000000
0.000000
0.000000
0.000000
0.000030
0.006550
0.000160
0.000000
0.000000
0.000000
0.000000
0.000000
0.000000
0.001700
0.000390
0.000000
0.000000
0.000000
0.000000
0.000000
0.000000
0.000000
0.000000
0.000010
0.000200
0.000020
0.000000
0.000020
0.000000
0.000000
0.003700
0.000070
0.000000
0.000000
0.000040
0.000000
0.000120
0.000000
0.000290
0.003710
0.000480
0.000000
0.000000
0.000000
0.000050
0.001060
0.000180
0.000000
0.000000
0.000000
0.000000
0.000000
0.000390
0.000600
0.000000
0.000000
0.000000
0.000000
0.000000
0.000000
0.000000
0.000000
0.000000
0.000030
0.000000
0.000000
0.000000
0.000000
0.000000
0.000000
0.000020
0.000000
0.000000
0.000000
0.000000
0.000000
0.000000
0.000000
0.000000
0.000000
0.000000
0.000150
0.037950
0.000300
0.000000
0.000000
0.000020
0.002420
0.000030
0.000000
0.000000
0.000000
0.000210
0.000180
0.000000
0.000000
0.000750
0.000010
0.000020
0.000150
0.000010
0.000000
0.000000
0.000000
0.000000
0.000000
0.000020
0.000020
0.000010
0.000000
0.000000
0.000000
0.000000
0.000070
0.000000
0.000100
0.000070
0.000000
0.000950
0.000260
0.000000
0.463660
0.027150
0.010300
0.000060
0.000000
0.003960
0.001940
0.000000
0.000000
0.009940
0.000740
0.000000
0.000000
0.011890
0.095030
0.001390
0.000050
0.000000
0.000000
0.000000
0.000000
0.000000
0.000000
0.000000
0.000000
0.000320
0.000380
0.000000
0.000000
0.000000
0.000000
0.000000
0.000030
0.000000
0.000000
0.000000
0.000000
0.000000
0.001200
0.000100
0.000000
0.002170
0.000000
0.000000
0.000000
0.000010
0.000000
0.000000
0.000760
0.000040
0.000010
0.000000
0.000000
0.000000
0.000030
0.000000
0.000000
0.000000
0.000000
0.000100
0.000000
0.000380
0.000000
0.000000
0.010280
0.000000
0.000000
0.000000
0.000000
0.000020
0.000000
0.003170
0.000000
0.000000
0.000000
0.000050
0.000000
0.000000
0.000000
0.000000
0.000000
0.000000
0.000000
0.000110
0.000150
0.008420
0.000140
0.000000
0.000000
0.000120
0.000010
0.000000
0.000000
0.000000
0.000000
0.000000
0.000030
0.000000
0.000000
0.000870
0.000030
0.000050
0.000000
0.000000
0.000000
0.000000
0.000000
0.000050
0.000000
0.000000
0.000000
0.000460
0.000090
0.000150
0.000000
0.000000
0.000010
0.000000
0.000000
0.000000
0.000000
0.000000
0.000000
0.000000
0.000000
0.004090
0.000000
0.001560
0.000000
0.000000
0.000050
0.000000
0.000000
0.000000
0.000000
0.000000
0.000000
0.000000
0.009610
0.000350
0.000030
0.000000
0.000000
0.000000
0.000000
0.000000
0.000000
0.000030
0.000000
0.000000
0.000000
0.000000
0.000000
0.000000
0.000000
0.000000
0.000020
0.000000
0.000000
0.000000
0.000020
0.000000
0.000080
0.000000
0.000000
0.000010
0.000000
0.006390
0.000150
0.000010
0.000000
0.000000
0.000010
0.000000
0.000000
0.000000
0.000720
0.000000
0.000000
0.000000
0.000000
0.000000
0.000000
0.000000
0.000000
0.000000
0.000190
0.000000
0.000020
0.000000
0.001010
0.000000
0.000000
0.000170
0.000020
0.000000
0.000000
0.000100
0.000000
0.012250
0.000000
0.002410
0.000190
0.000040
0.000000
0.000000
0.000000
0.001040
0.000170
0.000350
0.000000
0.000000
0.000010
0.000000
0.000000
0.000670
0.000000
0.000000
0.000000
0.000000
0.000000
0.000000
0.000000
0.000000
0.000000
0.000000
0.000070
0.000000
0.000000
0.000000
0.000020
0.000000
0.000000
0.000060
0.000000
0.000000
0.000000
0.000000
0.000000
0.000000
0.000000
0.000000
0.000000
0.000000
0.037550
0.000280
0.000000
0.000000
0.000000
0.002290
0.000020
0.000000
0.000000
0.000000
0.000000
0.000200
0.000010
0.000000
0.000850
0.000000
0.000020
0.000010
0.000010
0.000000
0.000000
0.000000
0.000000
0.000000
0.000020
0.000020
0.000010
0.000000
0.000000
0.000000
0.000000
0.000000
0.000070
0.000000
0.000000
0.002150
0.000000
0.000000
0.426980
0.000000
0.000000
0.000000
0.000000
0.003970
0.000000
0.000000
0.016940
0.008480
0.000000
0.000000
0.012660
0.008120
0.000000
0.000000
0.000000
0.000000
0.000010
0.000000
0.000000
0.000000
0.000000
0.000000
0.000000
0.000250
0.000000
0.000000
0.000000
0.000000
0.000010
0.000030
0.000020
0.000000
0.000020
0.000000
0.000020
0.000060
0.001140
0.000000
0.000000
0.002090
0.000000
0.000000
0.000000
0.000010
0.000000
0.000000
0.000730
0.000000
0.000000
0.000000
0.000000
0.000000
0.000030
0.000000
0.000000
0.000000
0.000010
0.000090
0.000000
0.000520
0.000000
0.000000
0.009620
0.000000
0.000000
0.000000
0.000050
0.000020
0.000000
0.004600
0.000000
0.000100
0.000010
0.000030
0.000000
0.000540
0.000030
0.000000
0.000000
0.000280
0.000010
0.000070
0.000000
0.000000
0.000000
0.000000
0.000000
0.000110
0.000000
0.000000
0.000000
0.000000
0.000000
0.000010
0.000030
0.000000
0.000020
0.000490
0.000000
0.000000
0.000000
0.000020
0.000000
0.000000
0.000000
0.000050
0.000000
0.000130
0.000000
0.000310
0.000000
0.000000
0.000000
0.000000
0.000010
0.000000
0.000000
0.000000
0.000110
0.000000
0.000040
0.000030
0.000180
0.003330
0.000000
0.002060
0.000000
0.000010
0.000050
0.000000
0.002310
0.000040
0.000000
0.000010
0.000010
0.000060
0.007710
0.000000
0.000000
0.000000
0.000000
0.000000
0.000000
0.000000
0.000000
0.000030
0.000000
0.000000
0.000000
0.000000
0.000000
0.000000
0.000000
0.000000
0.000010
0.000000
0.000000
0.000000
0.000020
0.000000
0.000070
0.000000
0.000250
0.000010
0.000000
0.005440
0.000000
0.000000
0.000000
0.000000
0.000010
0.000000
0.000000
0.000010
0.000690
0.000000
0.000000
0.000020
0.000000
0.000000
0.000000
0.000010
0.000000
0.000020
0.000160
0.000000
0.000000
0.000000
0.000940
0.000000
0.000510
0.000180
0.000000
0.000000
0.000000
0.000070
0.000000
0.014780
0.000000
0.001080
0.000000
0.000000
0.000000
0.000050
0.000010
0.000750
0.000000
0.000000
0.000000
0.000040
0.000020
0.000000
0.000050
0.000560
0.000000
0.000000
0.000030
0.000010
0.000250
0.000400
0.000180
0.000310
0.000050
0.000020
0.000080
0.000000
0.003090
0.000040
0.000030
0.000000
0.005740
0.000220
0.000000
0.000000
0.000000
0.000000
0.000000
0.000000
0.000000
0.000000
0.000000
0.000000
0.027310
0.000000
0.000000
0.000000
0.000310
0.001710
0.000000
0.000000
0.000000
0.000040
0.000000
0.000190
0.000000
0.000000
0.000810
0.000000
0.000000
0.000000
0.000000
0.000000
0.000000
0.000000
0.000000
0.000000
0.000020
0.000000
0.000000
0.000000
0.000000
0.000000
0.000000
0.000000
0.000000
0.000020
0.003240
0.000000
0.077220
0.347540
0.000000
0.012300
0.000210
0.000730
0.002680
0.000000
0.000250
0.017910
0.000000
0.000000
0.000990
0.022780
0.000000
0.000000
0.113630
0.000060
0.000000
0.000000
0.000000
0.000000
0.000000
0.000000
0.000000
0.000000
0.000000
0.000000
0.000070
0.000000
0.000000
0.000000
0.000000
0.000000
0.000000
0.000050
0.000000
0.000000
0.000000
0.000000
0.000000
0.002390
0.001270
0.000000
0.000000
0.000000
0.000000
0.000000
0.000240
0.000430
0.000000
0.000090
0.000000
0.000000
0.000000
0.000000
0.000000
0.000000
0.000000
0.000000
0.000000
0.000000
0.000520
0.000000
0.000080
0.006910
0.000000
0.000280
0.000000
0.000010
0.000000
0.000000
0.005330
0.000000
0.000100
0.000000
0.000000
0.000000
0.000720
0.000000
0.000000
0.000000
0.000680
0.000000
0.000000
0.000000
0.007420
0.000020
0.000030
0.000020
0.000060
0.000000
0.000000
0.000000
0.000000
0.000000
0.000000
0.000000
0.000000
0.000030
0.000000
0.000000
0.000390
0.000000
0.000000
0.000000
0.000000
0.000130
0.000000
0.000000
0.000210
0.000000
0.000000
0.000000
0.001200
0.000000
0.000000
0.000000
0.000000
0.000000
0.000000
0.000140
0.000000
0.000000
0.000000
0.000000
0.000000
0.000000
0.002210
0.000000
0.000010
0.000000
0.000000
0.004760
0.000000
0.000000
0.000000
0.000000
0.000000
0.000000
0.000000
0.000510
0.000020
0.000000
0.000000
0.000000
0.000000
0.000000
0.000010
0.000000
0.000000
0.000000
0.000000
0.000000
0.000000
0.000000
0.000000
0.000000
0.000000
0.000000
0.000000
0.000000
0.000000
0.000040
0.000000
0.000450
0.000000
0.000000
0.002310
0.000000
0.000180
0.000020
0.000000
0.000000
0.000000
0.000000
0.000000
0.000000
0.000000
0.000140
0.000020
0.000000
0.000000
0.000000
0.000000
0.000000
0.000010
0.000000
0.000000
0.000040
0.000000
0.000870
0.000000
0.000330
0.000000
0.000000
0.000480
0.000000
0.000000
0.000000
0.016280
0.000000
0.000620
0.000000
0.000160
0.000000
0.000080
0.000000
0.000000
0.000000
0.000920
0.000000
0.000040
0.000000
0.000000
0.000050
0.000000
0.000000
0.000110
0.000040
0.000000
0.000000
0.000000
0.000000
0.000000
0.000000
0.000000
0.000000
0.000000
0.005060
0.000000
0.000000
0.000000
0.021080
0.000000
0.000000
0.000830
0.000000
0.000000
0.000000
0.000000
0.000000
0.000000
0.000000
0.000000
0.000000
0.000000
0.000060
0.000080
0.000440
0.000000
0.000000
0.000010
0.000000
0.000040
0.000000
0.000000
0.000000
0.000070
0.000760
0.000000
0.000000
0.000000
0.000000
0.000000
0.000000
0.000000
0.000000
0.000000
0.000000
0.000000
0.000000
0.000000
0.000000
0.000000
0.000000
0.000000
0.000000
0.000000
0.000000
0.140310
0.000000
0.000000
0.000000
0.000000
0.000000
0.000000
0.000000
0.000000
0.000000
0.000000
0.000000
0.000000
0.000000
0.000000
0.000000
0.119560
0.000000
0.000000
0.000000
0.000000
0.000010
0.000000
0.000000
0.000030
0.000000
0.000000
0.000070
0.000090
0.000000
0.000000
0.000000
0.000010
0.000000
0.000210
0.000000
0.000000
0.000000
0.000000
0.000800
0.000000
0.003090
0.000000
0.000000
0.000000
0.000000
0.000000
0.000000
0.000450
0.000000
0.000000
0.000090
0.000000
0.000000
0.000000
0.000000
0.000000
0.000000
0.000000
0.000000
0.000000
0.000000
0.000490
0.000000
0.000000
0.000000
0.000000
0.000310
0.000000
0.000000
0.000000
0.000070
0.005480
0.000000
0.000140
0.000000
0.000000
0.000000
0.000720
0.000000
0.000000
0.000000
0.000730
0.000000
0.000150
0.000000
0.007760
0.000000
0.000000
0.000000
0.000000
0.000000
0.000000
0.000000
0.000000
0.000000
0.000000
0.000000
0.000080
0.000000
0.000000
0.000020
0.000410
0.000000
0.000000
0.000000
0.000000
0.000240
0.000000
0.000000
0.000200
0.000000
0.000000
0.000000
0.001270
0.000000
0.000000
0.000000
0.000000
0.000000
0.000000
0.000140
0.000000
0.000000
0.000000
0.002970
0.000000
0.004360
0.000000
0.000000
0.000000
0.000000
0.000000
0.004850
0.000000
0.000000
0.000000
0.000000
0.002630
0.000000
0.000000
0.000640
0.000000
0.000000
0.000000
0.000000
0.000000
0.000000
0.000000
0.000000
0.000000
0.000000
0.000000
0.000000
0.000000
0.000000
0.000000
0.000000
0.000000
0.000000
0.000000
0.000000
0.000100
0.000000
0.000000
0.000450
0.000000
0.000000
0.000000
0.000000
0.000200
0.000000
0.000000
0.000000
0.000000
0.000000
0.000000
0.000000
0.003150
0.000000
0.000000
0.000000
0.000000
0.000010
0.000000
0.000000
0.000000
0.000000
0.000030
0.000000
0.000000
0.000000
0.000000
0.000000
0.000000
0.000080
0.000610
0.000000
0.000000
0.000030
0.015930
0.000000
0.000000
0.000000
0.000240
0.000000
0.000000
0.000000
0.000000
0.000000
0.000990
0.000000
0.000000
0.000000
0.000000
0.000000
0.000000
0.000070
0.000000
0.000000
0.000000
0.001590
0.000000
0.000590
0.000410
0.000160
0.000400
0.000000
0.000000
0.005040
0.000000
0.000000
0.000000
0.022150
0.000000
0.001760
0.000000
0.000000
0.000000
0.000000
0.000000
0.000000
0.000000
0.000000
0.000000
0.000000
0.000000
0.000000
0.000000
0.000000
0.000000
0.000000
0.000000
0.000000
0.000000
0.000000
0.000000
0.001030
0.000000
0.000000
0.000000
0.000000
0.000000
0.000000
0.000000
0.000000
0.000000
0.000000
0.000000
0.000000
0.000000
0.000000
0.000000
0.000000
0.000000
0.000000
0.000000
0.000000
0.000000
0.000000
0.002750
0.000000
0.000000
0.001590
0.000000
0.000000
0.000000
0.000000
0.003470
0.000000
0.000000
0.007590
0.000400
0.000000
0.000000
0.130720
0.000060
0.000000
0.000000
0.000000
0.000000
0.000000
0.000000
0.000020
0.000000
0.000020
0.000050
0.000050
0.000000
0.000000
0.000000
0.000000
0.000000
0.000140
0.000020
0.000000
0.000000
0.000050
0.000640
0.000040
0.002190
0.000040
0.000000
0.000000
0.000040
0.000000
0.000000
0.000000
0.000050
0.000000
0.000000
0.000010
0.000000
0.000000
0.000000
0.000000
0.000000
0.000000
0.000000
0.000000
0.000000
0.000190
0.000000
0.000000
0.000450
0.000000
0.000000
0.000010
0.000000
0.000000
0.000000
0.004440
0.000010
0.000000
0.000000
0.000000
0.000000
0.000510
0.000000
0.000000
0.000250
0.000320
0.000010
0.000000
0.000130
0.003680
0.000060
0.000000
0.000000
0.000000
0.000000
0.000000
0.000000
0.000000
0.000000
0.000040
0.000000
0.000070
0.000000
0.000000
0.000000
0.000370
0.000000
0.000000
0.000000
0.000000
0.000210
0.000000
0.000000
0.000000
0.000000
0.000000
0.000050
0.000920
0.000000
0.000000
0.000000
0.000000
0.000000
0.000020
0.000000
0.000010
0.000000
0.000210
0.001440
0.000050
0.003130
0.000080
0.000040
0.000000
0.000080
0.000000
0.004530
0.000000
0.000000
0.001050
0.000010
0.002040
0.000190
0.000010
0.000570
0.000000
0.000000
0.000000
0.000000
0.000000
0.000000
0.000000
0.000010
0.000000
0.000000
0.000000
0.000000
0.000000
0.000000
0.000000
0.000010
0.000000
0.000000
0.000000
0.000000
0.000100
0.000010
0.000030
0.000000
0.000030
0.000000
0.000820
0.000080
0.000000
0.000640
0.000000
0.000000
0.000000
0.000000
0.000000
0.000000
0.003270
0.000000
0.000000
0.000000
0.000000
0.000010
0.000000
0.000010
0.000000
0.000010
0.000000
0.000040
0.000000
0.000000
0.000000
0.000000
0.000090
0.000000
0.000570
0.000000
0.000000
0.000000
0.003590
0.000010
0.000000
0.000410
0.000000
0.000030
0.000000
0.000000
0.000000
0.000160
0.000710
0.000000
0.000000
0.000000
0.000000
0.000050
0.000000
0.000000
0.000690
0.000000
0.000000
0.000000
0.000020
0.000390
0.000300
0.000110
0.000270
0.000000
0.000020
0.003340
0.000020
0.000000
0.003970
0.014220
0.000190
0.000000
0.000900
0.000350
0.000000
0.000000
0.000000
0.000000
0.000000
0.000000
0.000000
0.000000
0.000000
0.000000
0.000140
0.000000
0.000000
0.000000
0.000240
0.000010
0.000000
0.000000
0.000000
0.001070
0.000000
0.000010
0.000000
0.000000
0.000020
0.000000
0.000000
0.000000
0.000000
0.000000
0.000000
0.000000
0.000000
0.000000
0.000000
0.000000
0.000000
0.000000
0.000000
0.000010
0.000000
0.000000
0.000000
0.001270
0.002670
0.000000
0.013900
0.000320
0.016670
0.001700
0.000000
0.003630
0.010860
0.000000
0.000000
0.190970
0.077410
0.000000
0.000000
0.000260
0.000000
0.000000
0.000000
0.000000
0.000000
0.000000
0.000000
0.000000
0.000000
0.000000
0.000000
0.000000
0.000010
0.000000
0.000000
0.000000
0.000000
0.000000
0.000040
0.000000
0.000000
0.000000
0.000000
0.000000
0.000300
0.000080
0.000000
0.000320
0.000030
0.000060
0.000000
0.000020
0.000010
0.000000
0.000000
0.000000
0.000000
0.000000
0.000000
0.000000
0.000000
0.000000
0.000000
0.000000
0.000000
0.000160
0.000000
0.000030
0.000000
0.000000
0.000080
0.000010
0.000640
0.000000
0.000000
0.000010
0.000000
0.000010
0.000000
0.000000
0.000000
0.000390
0.000000
0.000000
0.000000
0.000130
0.000000
0.000000
0.000000
0.000000
0.000010
0.000010
0.000000
0.000000
0.000000
0.000000
0.000070
0.000000
0.000000
0.000000
0.000000
0.000000
0.000300
0.000000
0.000000
0.000000
0.000000
0.000100
0.000000
0.000000
0.000000
0.000000
0.000000
0.000100
0.000000
0.000000
0.000000
0.000060
0.000000
0.000000
0.000000
0.000000
0.000020
0.000000
0.000410
0.000000
0.000000
0.000000
0.000000
0.000000
0.000000
0.000170
0.000000
0.003880
0.000000
0.000000
0.001740
0.000000
0.000000
0.000000
0.000000
0.000000
0.000000
0.000000
0.000000
0.000000
0.000010
0.000000
0.000000
0.000010
0.000000
0.000000
0.000000
0.000000
0.000000
0.000000
0.000000
0.000010
0.000000
0.000000
0.000000
0.000000
0.000080
0.000000
0.000000
0.000000
0.000030
0.000000
0.000870
0.000000
0.000000
0.001550
0.000000
0.000020
0.000000
0.000000
0.000000
0.000000
0.003330
0.000000
0.000000
0.000000
0.000000
0.000010
0.000000
0.000000
0.000000
0.000000
0.000000
0.000040
0.000000
0.000000
0.000990
0.000000
0.000120
0.000000
0.000340
0.000000
0.000000
0.000510
0.000320
0.000000
0.000000
0.000450
0.000000
0.000050
0.000000
0.000010
0.000020
0.000250
0.000000
0.000000
0.000000
0.000030
0.000000
0.000040
0.000000
0.000000
0.001220
0.000000
0.000000
0.002930
0.000010
0.000000
0.000000
0.000000
0.000000
0.000000
0.000000
0.000000
0.000000
0.000000
0.007980
0.000000
0.000000
0.000000
0.001070
0.000000
0.000000
0.001070
0.000000
0.000000
0.000000
0.000000
0.000000
0.000000
0.000000
0.000000
0.000000
0.000000
0.001470
0.000070
0.000260
0.000000
0.000000
0.000230
0.000000
0.000960
0.000000
0.000000
0.000000
0.000050
0.000020
0.000000
0.000000
0.000000
0.000000
0.000000
0.000000
0.000000
0.000000
0.000000
0.000000
0.000000
0.000010
0.000000
0.000000
0.000020
0.000000
0.000000
0.000000
0.000000
0.000000
0.012880
0.000000
0.000000
0.000000
0.000000
0.004390
0.000000
0.000000
0.000480
0.264600
0.000000
0.000000
0.000250
0.000290
0.000000
0.000000
0.000000
0.000000
0.000000
0.000000
0.000000
0.000000
0.000000
0.000000
0.000000
0.000000
0.000000
0.000000
0.000000
0.000000
0.000020
0.000000
0.000030
0.000000
0.000030
0.000850
0.000060
0.000060
0.000250
0.000000
0.000000
0.000280
0.000000
0.000000
0.000000
0.000010
0.000000
0.000000
0.000000
0.000000
0.000000
0.000000
0.000000
0.000000
0.000000
0.000000
0.000000
0.000000
0.000000
0.000130
0.000000
0.000030
0.000000
0.000000
0.000080
0.000000
0.000000
0.000000
0.000000
0.000010
0.000000
0.000000
0.000000
0.000000
0.000040
0.000370
0.000000
0.000010
0.000900
0.000050
0.000000
0.000000
0.000020
0.000000
0.000000
0.000000
0.000000
0.000000
0.000000
0.000000
0.000000
0.000000
0.000010
0.000030
0.000000
0.000010
0.000260
0.000000
0.000000
0.000000
0.000000
0.000000
0.000000
0.000000
0.000000
0.000000
0.000000
0.000070
0.000000
0.000000
0.000190
0.000050
0.000000
0.000000
0.000000
0.000000
0.000030
0.000000
0.000180
0.000000
0.000000
0.000800
0.000020
0.000010
0.000010
0.000180
0.000000
0.002130
0.000000
0.000000
0.001710
0.000000
0.000030
0.005820
0.000050
0.000020
0.000000
0.000000
0.000000
0.000000
0.000000
0.000000
0.000000
0.000020
0.000000
0.000000
0.000000
0.000000
0.000000
0.000000
0.000000
0.000000
0.000000
0.000000
0.000010
0.000000
0.000060
0.000000
0.000000
0.000030
0.000050
0.000000
0.000460
0.000000
0.000010
0.002070
0.000000
0.000020
0.000000
0.000000
0.000000
0.000000
0.003270
0.000000
0.000000
0.000020
0.000000
0.000000
0.000000
0.000000
0.000000
0.000010
0.000000
0.000050
0.000000
0.000000
0.001010
0.000000
0.000000
0.000000
0.000220
0.000000
0.000000
0.000530
0.000000
0.000000
0.000000
0.000050
0.000000
0.000030
0.000000
0.000000
0.000000
0.000000
0.000000
0.000000
0.000180
0.000030
0.000000
0.000000
0.000000
0.000010
0.001380
0.000000
0.000010
0.002990
0.000000
0.000000
0.000000
0.000010
0.000010
0.000000
0.000010
0.000130
0.000190
0.000130
0.007410
0.000000
0.000190
0.012700
0.000330
0.000000
0.000020
0.001160
0.000000
0.000000
0.000000
0.000000
0.000000
0.000000
0.000000
0.000000
0.000000
0.000000
0.001550
0.000000
0.000000
0.000000
0.000030
0.000610
0.000000
0.000000
0.000000
0.000000
0.000010
0.000050
0.000000
0.000000
0.000000
0.000000
0.000000
0.000000
0.000000
0.000000
0.000000
0.000000
0.000000
0.000010
0.000010
0.000000
0.000000
0.000000
0.000000
0.000000
0.000000
0.000000
0.000000
0.000190
0.000000
0.000000
0.000000
0.000000
0.003280
0.000000
0.000000
0.273440
0.002180
0.000000
0.000000
0.001220
0.000010
0.000000
0.000000
0.000000
0.000000
0.000000
0.000000
0.000000
0.000000
0.000000
0.000000
0.000000
0.000000
0.000000
0.000000
0.000000
0.000020
0.000000
0.000010
0.000000
0.000000
0.000880
0.000040
0.000060
0.000220
0.000020
0.000000
0.000000
0.000760
0.000000
0.000000
0.000000
0.000000
0.000000
0.000000
0.000000
0.000000
0.000000
0.000000
0.000000
0.000000
0.000000
0.000000
0.000000
0.000000
0.000050
0.000000
0.000000
0.000020
0.000000
0.000000
0.000000
0.000000
0.000000
0.000000
0.000010
0.000000
0.000000
0.000010
0.000000
0.000040
0.000190
0.000000
0.000000
0.001130
0.000040
0.000010
0.000000
0.000030
0.000000
0.000010
0.000000
0.000000
0.000000
0.000000
0.000000
0.000070
0.000000
0.000000
0.000030
0.000000
0.000010
0.000190
0.000000
0.000000
0.000000
0.000000
0.000000
0.000000
0.000000
0.000040
0.000010
0.000000
0.000000
0.000000
0.000000
0.000310
0.000030
0.000010
0.000000
0.000000
0.000000
0.000030
0.000010
0.000000
0.000430
0.000000
0.000930
0.000010
0.000020
0.000020
0.000090
0.000010
0.000000
0.002530
0.000000
0.001350
0.000000
0.000000
0.006490
0.000070
0.000000
0.000000
0.000000
0.000000
0.000000
0.000000
0.000000
0.000000
0.000020
0.000000
0.000000
0.000010
0.000000
0.000000
0.000000
0.000000
0.000000
0.000000
0.000000
0.000010
0.000000
0.000000
0.000000
0.000000
0.000040
0.000040
0.000010
0.000000
0.000240
0.000000
0.002150
0.000000
0.000000
0.000000
0.000000
0.000000
0.000000
0.003170
0.000000
0.000000
0.000050
0.000000
0.000000
0.000000
0.000000
0.000000
0.000010
0.000000
0.000040
0.000000
0.000000
0.001020
0.000000
0.000000
0.000000
0.000000
0.000040
0.000000
0.000530
0.000010
0.000000
0.000000
0.000040
0.000000
0.000000
0.000080
0.000000
0.000000
0.000000
0.000000
0.000000
0.000250
0.000010
0.000000
0.000000
0.000000
0.000000
0.001440
0.000000
0.000000
0.002980
0.000000
0.000000
0.000000
0.000000
0.000010
0.000010
0.000010
0.000090
0.000200
0.000240
0.005970
0.000240
0.000000
0.023650
0.000140
0.000030
0.000000
0.000620
0.000140
0.000000
0.000000
0.000000
0.000000
0.000000
0.000000
0.000000
0.000000
0.000000
0.001140
0.000050
0.000000
0.000000
0.000000
0.000720
0.000010
0.000000
0.000000
0.000000
0.000020
0.000040
0.000000
0.000000
0.000000
0.000000
0.000000
0.000000
0.000000
0.000000
0.000000
0.000000
0.000000
0.000000
0.000000
0.000000
0.000000
0.000000
0.000000
0.000000
0.000020
0.000000
0.000000
0.000000
0.001570
0.000280
0.009730
0.001980
0.000000
0.001200
0.278470
0.000000
0.000000
0.006900
0.001440
0.000000
0.000000
0.000010
0.000000
0.000000
0.000000
0.000000
0.000000
0.000000
0.000000
0.000000
0.000000
0.000000
0.000000
0.000000
0.000000
0.000010
0.000000
0.000000
0.000000
0.000000
0.000840
0.000000
0.000000
0.000000
0.000000
0.000000
0.000530
0.001070
0.000000
0.001180
0.000020
0.000000
0.000000
0.000000
0.000000
0.000000
0.000000
0.000000
0.000000
0.000000
0.000000
0.000000
0.000000
0.000000
0.000000
0.000000
0.000000
0.000020
0.000000
0.000010
0.000000
0.000000
0.000040
0.000000
0.000000
0.000000
0.000000
0.000010
0.000000
0.000030
0.000000
0.000000
0.000000
0.001230
0.000000
0.000000
0.000000
0.000010
0.000000
0.000000
0.000000
0.000000
0.000010
0.000010
0.000030
0.000060
0.000000
0.000000
0.000050
0.000000
0.000000
0.000000
0.000000
0.000000
0.000000
0.000000
0.000000
0.000060
0.000000
0.000030
0.000000
0.000000
0.000000
0.000010
0.000000
0.000350
0.000000
0.000000
0.000000
0.000050
0.000010
0.000020
0.000000
0.000000
0.000650
0.000000
0.000920
0.000000
0.000000
0.000000
0.000000
0.000000
0.000000
0.004720
0.000000
0.001140
0.000000
0.000000
0.006760
0.000000
0.000000
0.000000
0.000000
0.000000
0.000000
0.000000
0.000010
0.000000
0.000030
0.000000
0.000000
0.000010
0.000000
0.000000
0.000000
0.000000
0.000000
0.000000
0.000000
0.000000
0.000000
0.000000
0.000010
0.000000
0.000040
0.000000
0.000000
0.000000
0.000350
0.000000
0.002180
0.000000
0.000000
0.000000
0.000000
0.000040
0.000010
0.002870
0.000000
0.000000
0.000050
0.000000
0.000000
0.000000
0.000000
0.000000
0.000000
0.000000
0.000000
0.000000
0.000000
0.000980
0.000000
0.000000
0.000220
0.000000
0.000060
0.000000
0.000510
0.000000
0.000000
0.000090
0.000010
0.000000
0.000000
0.000090
0.000000
0.000000
0.000000
0.000010
0.000000
0.000260
0.000000
0.000000
0.000000
0.000100
0.000000
0.001440
0.000000
0.000000
0.002970
0.000000
0.000000
0.000100
0.000000
0.000000
0.000000
0.000000
0.000000
0.000000
0.000000
0.000000
0.000000
0.000000
0.028110
0.000000
0.000000
0.000000
0.000340
0.000000
0.000000
0.002650
0.000000
0.000000
0.000000
0.000000
0.000000
0.000000
0.000000
0.000000
0.000000
0.000000
0.000410
0.000080
0.000580
0.000000
0.000000
0.000080
0.000000
0.000010
0.000000
0.000000
0.000000
0.000010
0.000000
0.000000
0.000000
0.000000
0.000000
0.000000
0.000000
0.000000
0.000000
0.000000
0.000000
0.000000
0.000030
0.000000
0.000020
0.000040
0.000000
0.000000
0.000000
0.000000
0.000000
0.000000
0.000000
0.003450
0.000000
0.000000
0.000760
0.007190
0.000000
0.000000
0.000020
0.000010
0.000000
0.000000
0.000000
0.000000
0.000000
0.000010
0.000000
0.000010
0.000000
0.000050
0.000010
0.000000
0.000000
0.000000
0.000000
0.000000
0.000030
0.000020
0.000770
0.000000
0.000040
0.000320
0.000010
0.000010
0.000290
0.000000
0.000000
0.000680
0.000000
0.000000
0.000000
0.000000
0.000000
0.000000
0.000000
0.000000
0.000000
0.000000
0.000000
0.000000
0.000000
0.000000
0.000000
0.000000
0.000000
0.000000
0.000000
0.000010
0.000000
0.000000
0.000030
0.000000
0.000000
0.000000
0.000000
0.000010
0.000000
0.000020
0.000000
0.000020
0.001860
0.000820
0.000000
0.000000
0.000020
0.000010
0.000000
0.000000
0.000050
0.000000
0.000000
0.000000
0.000000
0.000000
0.000000
0.000000
0.000000
0.000000
0.000000
0.000050
0.000020
0.000010
0.000000
0.000000
0.000000
0.000050
0.000000
0.000000
0.000000
0.000000
0.000000
0.000000
0.000000
0.000270
0.000000
0.000000
0.000000
0.000030
0.000000
0.000000
0.000000
0.000020
0.000720
0.000000
0.000610
0.000000
0.000000
0.000000
0.000010
0.000000
0.000020
0.003880
0.000000
0.000830
0.000000
0.000020
0.006490
0.000000
0.000000
0.000010
0.000010
0.000000
0.000000
0.000000
0.000000
0.000000
0.000000
0.000000
0.000000
0.000010
0.000000
0.000000
0.000000
0.000000
0.000000
0.000000
0.000000
0.000000
0.000000
0.000000
0.000010
0.000000
0.000040
0.000000
0.000000
0.000030
0.000380
0.000000
0.001690
0.000000
0.000000
0.000000
0.000000
0.000020
0.000000
0.000000
0.000000
0.000000
0.000040
0.000000
0.000000
0.000000
0.000000
0.000000
0.000000
0.000000
0.000000
0.000000
0.000000
0.000940
0.000000
0.000000
0.000210
0.000000
0.000000
0.000000
0.000420
0.000000
0.000000
0.000080
0.000000
0.000000
0.000000
0.000050
0.000000
0.000000
0.000000
0.000000
0.000000
0.000000
0.000000
0.000000
0.000000
0.000100
0.000000
0.000000
0.000000
0.000000
0.002930
0.000000
0.000000
0.000090
0.000000
0.000000
0.000000
0.000010
0.000000
0.000050
0.000130
0.000700
0.000590
0.001040
0.024470
0.000000
0.000010
0.000030
0.000230
0.000000
0.000010
0.003260
0.000000
0.000000
0.000000
0.000000
0.000000
0.000000
0.000000
0.000000
0.000000
0.000000
0.000620
0.000000
0.000000
0.000000
0.000030
0.000100
0.000000
0.000000
0.000000
0.000010
0.000000
0.000010
0.000000
0.000000
0.000000
0.000000
0.000000
0.000000
0.000000
0.000000
0.000000
0.000000
0.000000
0.000000
0.000030
0.000000
0.000000
0.000000
0.000000
0.000000
0.000000
0.000000
0.000000
0.000000
0.000000
0.049720
0.000000
0.000000
0.006240
0.000230
0.000000
0.000000
0.000030
0.000000
0.000000
0.000000
0.000000
0.000000
0.000010
0.000000
0.000010
0.000000
0.000050
0.000040
0.000000
0.000000
0.000000
0.000000
0.000000
0.000040
0.000010
0.000330
0.000030
0.000000
0.000340
0.000010
0.000010
0.000280
0.000090
0.000000
0.000000
0.000030
0.000000
0.000000
0.000000
0.000000
0.000000
0.000000
0.000000
0.000000
0.000000
0.000000
0.000000
0.000000
0.000000
0.000000
0.000010
0.000000
0.000000
0.000000
0.000000
0.000000
0.000000
0.000000
0.000000
0.000000
0.000000
0.000000
0.000010
0.000000
0.000000
0.000080
0.000000
0.002540
0.000520
0.000010
0.000000
0.000020
0.000020
0.000000
0.000000
0.000060
0.000000
0.000000
0.000000
0.000000
0.000000
0.000000
0.000000
0.000020
0.000000
0.000000
0.000040
0.000010
0.000010
0.000000
0.000000
0.000000
0.000050
0.000000
0.000000
0.000000
0.000000
0.000000
0.000000
0.000000
0.000000
0.000000
0.000000
0.000000
0.000030
0.000010
0.000000
0.000000
0.000000
0.000840
0.000010
0.000000
0.000010
0.000000
0.000000
0.000000
0.000000
0.000030
0.001080
0.000160
0.000000
0.000090
0.000000
0.005760
0.000010
0.000000
0.000010
0.000000
0.000000
0.000000
0.000000
0.000010
0.000000
0.000000
0.000000
0.000000
0.000010
0.000000
0.000000
0.000000
0.000000
0.000000
0.000000
0.000000
0.000000
0.000000
0.000000
0.000010
0.000000
0.000000
0.000000
0.000000
0.000040
0.000270
0.000050
0.000000
0.000050
0.000000
0.000000
0.000000
0.000000
0.000030
0.000000
0.000000
0.000000
0.000020
0.000000
0.000000
0.000000
0.000000
0.000000
0.000000
0.000000
0.000000
0.000000
0.000000
0.000770
0.000010
0.000000
0.000120
0.000000
0.000000
0.000000
0.000000
0.000010
0.000000
0.000080
0.000000
0.000000
0.000000
0.000050
0.000000
0.000000
0.000000
0.000000
0.000010
0.000000
0.000000
0.000000
0.000000
0.000090
0.000010
0.000000
0.000000
0.000000
0.002260
0.000000
0.000000
0.000070
0.000000
0.000000
0.000000
0.000010
0.000010
0.000000
0.000110
0.000660
0.000470
0.001420
0.019980
0.000030
0.000000
0.000020
0.000140
0.000000
0.000000
0.002680
0.000170
0.000000
0.000000
0.000000
0.000000
0.000000
0.000000
0.000000
0.000000
0.000000
0.000410
0.000060
0.000000
0.000000
0.000000
0.000080
0.000020
0.000000
0.000000
0.000000
0.000000
0.000010
0.000000
0.000000
0.000000
0.000000
0.000000
0.000000
0.000000
0.000000
0.000000
0.000000
0.000000
0.000000
0.000020
0.000000
0.000000
0.000000
0.000000
0.000000
0.000000
0.000000
0.000000
0.000000
0.033560
0.000000
0.001590
0.000000
0.000000
0.000000
0.000000
0.000000
0.000000
0.000000
0.000000
0.000000
0.000000
0.000000
0.000000
0.000000
0.000000
0.000000
0.000000
0.000000
0.000000
0.000000
0.000020
0.000000
0.000050
0.000000
0.000000
0.000000
0.000000
0.000330
0.000000
0.000000
0.000000
0.000000
0.000000
0.000000
0.000000
0.000000
0.000000
0.000000
0.000000
0.000000
0.000000
0.000010
0.000000
0.000000
0.000000
0.000000
0.000000
0.000000
0.000000
0.000000
0.000000
0.000000
0.000000
0.000000
0.000000
0.000000
0.000010
0.000000
0.000000
0.000000
0.000000
0.000000
0.000000
0.000000
0.000210
0.000000
0.002790
0.000000
0.000000
0.000000
0.000000
0.000000
0.000000
0.000000
0.000110
0.000000
0.000000
0.000000
0.000860
0.000010
0.000000
0.000000
0.000000
0.000000
0.000000
0.000000
0.000000
0.000000
0.000000
0.000000
0.000000
0.000040
0.000000
0.000000
0.000000
0.000000
0.000000
0.000000
0.000000
0.000340
0.000010
0.000000
0.000000
0.000000
0.000000
0.000000
0.000000
0.000030
0.000740
0.000000
0.000000
0.000010
0.000000
0.000000
0.000000
0.000000
0.000000
0.000000
0.000000
0.000000
0.000000
0.000000
0.005130
0.000000
0.000000
0.000000
0.000000
0.000000
0.000000
0.000000
0.000000
0.000000
0.000000
0.000000
0.000000
0.000000
0.000000
0.000000
0.000000
0.000000
0.000000
0.000000
0.000000
0.000000
0.000000
0.000000
0.000000
0.000000
0.000000
0.000020
0.000000
0.000020
0.000000
0.000000
0.000000
0.000080
0.000000
0.000000
0.000000
0.000000
0.000010
0.000000
0.000000
0.000000
0.000000
0.000000
0.000000
0.000000
0.000000
0.000000
0.000000
0.000000
0.000000
0.000000
0.000000
0.000000
0.000000
0.000000
0.000100
0.000000
0.000000
0.000000
0.000020
0.000000
0.000000
0.000000
0.000000
0.000000
0.000000
0.000030
0.000000
0.000000
0.000000
0.000000
0.000010
0.000000
0.000100
0.000030
0.000000
0.000000
0.000000
0.000000
0.000000
0.000150
0.000000
0.000000
0.000000
0.000040
0.000000
0.000000
0.000000
0.000010
0.000000
0.000000
0.000000
0.000000
0.000000
0.000000
0.000000
0.000000
0.000000
0.000000
0.000000
0.000000
0.000000
0.002710
0.000000
0.000000
0.000290
0.000000
0.000000
0.000000
0.000000
0.000000
0.000000
0.000000
0.000000
0.000000
0.000000
0.000000
0.000000
0.000000
0.000000
0.000000
0.000000
0.000000
0.000000
0.000000
0.000000
0.000000
0.000000
0.000000
0.000000
0.000000
0.000000
0.000000
0.000000
0.000000
0.000000
0.000000
0.000000
0.000000
0.000000
0.000030
0.000000
0.000000
0.000000
0.000000
0.000000
0.000000
0.000000
0.000000
0.000000
0.000000
0.000000
0.000000
0.000000
0.000000
0.000000
0.000020
0.000000
0.000000
0.000000
0.000000
0.000000
0.000000
0.000060
0.000170
0.000000
0.000000
0.000060
0.000040
0.000000
0.000000
0.000000
0.000120
0.000000
0.001090
0.000000
0.000000
0.000000
0.000000
0.000650
0.000000
0.011780
0.000000
0.000000
0.000000
0.000000
0.000000
0.000000
0.000000
0.000000
0.000000
0.000000
0.000000
0.000000
0.000000
0.000000
0.000000
0.000000
0.000000
0.000000
0.000000
0.000000
0.000000
0.000000
0.000000
0.000000
0.000000
0.000000
0.000000
0.000000
0.000000
0.000020
0.000200
0.000000
0.002790
0.000000
0.000000
0.000000
0.000040
0.000000
0.000000
0.000000
0.000130
0.000000
0.000020
0.000000
0.001210
0.000000
0.000000
0.000000
0.000000
0.000000
0.000000
0.000000
0.000000
0.000000
0.000000
0.000000
0.000010
0.000000
0.000000
0.000000
0.000010
0.000000
0.000000
0.000000
0.000000
0.000480
0.000000
0.000000
0.000000
0.000000
0.000000
0.000000
0.000150
0.000000
0.000000
0.000000
0.000000
0.000000
0.000000
0.000010
0.000000
0.000000
0.000000
0.000690
0.000000
0.010580
0.000000
0.000000
0.000000
0.000000
0.000000
0.000030
0.000000
0.000000
0.000000
0.000000
0.000020
0.000000
0.000000
0.000010
0.000000
0.000000
0.000000
0.000000
0.000000
0.000000
0.000000
0.000000
0.000000
0.000000
0.000000
0.000000
0.000000
0.000000
0.000020
0.000000
0.000000
0.000000
0.000000
0.000080
0.000950
0.000000
0.000000
0.000030
0.000000
0.000000
0.000000
0.000000
0.000060
0.000000
0.000000
0.000000
0.000000
0.000000
0.000000
0.000000
0.000000
0.000000
0.000000
0.000000
0.000040
0.000200
0.000000
0.000000
0.000000
0.000000
0.000040
0.000000
0.000000
0.000000
0.000000
0.000000
0.000000
0.000010
0.000010
0.000000
0.000000
0.000000
0.000000
0.000000
0.000000
0.000000
0.000140
0.000000
0.000000
0.000000
0.000000
0.000000
0.001680
0.000000
0.000000
0.000000
0.000000
0.000000
0.000000
0.000000
0.000000
0.000000
0.000000
0.000000
0.000000
0.004750
0.000380
0.009170
0.022060
0.000000
0.000000
0.000170
0.000000
0.000000
0.000000
0.002630
0.000000
0.000030
0.000000
0.000000
0.000000
0.000000
0.000000
0.000000
0.000000
0.000000
0.000000
0.000000
0.000000
0.000000
0.000000
0.000000
0.000000
0.000000
0.000000
0.000000
0.000000
0.000000
0.000000
0.000000
0.000000
0.000000
0.000000
0.000000
0.000000
0.000000
0.000000
0.000000
0.000000
0.000000
0.000000
0.000010
0.000000
0.000000
0.000000
0.000000
0.000000
0.000000
0.000020
0.000000
0.000000
0.000000
0.000000
0.000000
0.000040
0.000040
0.000000
0.000000
0.000030
0.000000
0.000000
0.000000
0.000000
0.000000
0.000000
0.000070
0.000190
0.000010
0.000040
0.000040
0.000020
0.000040
0.000000
0.000000
0.000000
0.000000
0.001130
0.000000
0.000300
0.000000
0.000020
0.000670
0.000030
0.013550
0.000010
0.000000
0.000000
0.000000
0.000000
0.000000
0.000000
0.000000
0.000000
0.000000
0.000000
0.000000
0.000000
0.000000
0.000000
0.000000
0.000000
0.000000
0.000000
0.000000
0.000000
0.000000
0.000000
0.000000
0.000000
0.000000
0.000000
0.000000
0.000000
0.000000
0.000100
0.000380
0.000000
0.000010
0.000000
0.000070
0.000090
0.000000
0.000000
0.000000
0.000090
0.000000
0.000000
0.000000
0.001160
0.000000
0.000000
0.000000
0.000000
0.000000
0.000000
0.000000
0.000000
0.000000
0.000000
0.000000
0.000010
0.000000
0.000010
0.000000
0.000010
0.000010
0.000000
0.000000
0.000000
0.000290
0.000000
0.000000
0.000000
0.000000
0.000000
0.000000
0.000110
0.000000
0.000000
0.000000
0.000000
0.000000
0.000010
0.000000
0.000000
0.000000
0.000010
0.000300
0.000000
0.011010
0.000010
0.000630
0.000000
0.000080
0.000000
0.000020
0.000000
0.000000
0.000000
0.000000
0.000000
0.000000
0.000010
0.000010
0.000000
0.000000
0.000000
0.000000
0.000000
0.000000
0.000000
0.000000
0.000000
0.000000
0.000000
0.000000
0.000000
0.000000
0.000000
0.000000
0.000030
0.000000
0.000000
0.000000
0.000840
0.000110
0.000510
0.000000
0.000000
0.000000
0.000010
0.000000
0.000000
0.000030
0.000000
0.000000
0.000000
0.000000
0.000000
0.000000
0.000000
0.000000
0.000030
0.000000
0.000000
0.000100
0.000010
0.000220
0.000010
0.000000
0.000000
0.000000
0.000400
0.000000
0.000000
0.000000
0.000020
0.000000
0.000000
0.000000
0.000000
0.000000
0.000000
0.000000
0.000000
0.000000
0.000000
0.000000
0.000000
0.000000
0.000000
0.000130
0.001260
0.000040
0.000000
0.000000
0.000000
0.000000
0.000010
0.000000
0.000000
0.000000
0.000000
0.000000
0.000000
0.004770
0.000230
0.009100
0.021710
0.000450
0.001070
0.000100
0.000010
0.000000
0.000070
0.001900
0.000000
0.000000
0.000000
0.000050
0.000000
0.000000
0.000000
0.000000
0.000000
0.000000
0.000000
0.000000
0.000000
0.000000
0.000000
0.000000
0.000000
0.000000
0.000000
0.000000
0.000000
0.000000
0.000000
0.000000
0.000000
0.000000
0.000000
0.000000
0.000000
0.000000
0.000000
0.000000
0.000000
0.000000
0.000000
0.000010
0.000000
0.000050
0.000000
0.000000
0.000000
0.000000
0.000000
0.000010
0.000000
0.000000
0.000000
0.000000
0.000000
0.000000
0.000000
0.000000
0.000000
0.000070
0.000000
0.000000
0.000000
0.000000
0.000070
0.000190
0.000030
0.000070
0.000000
0.000000
0.000090
0.000160
0.000000
0.000000
0.000000
0.001080
0.000000
0.000440
0.000000
0.000000
0.000000
0.000000
0.013780
0.000000
0.000080
0.000000
0.000000
0.000000
0.000000
0.000000
0.000000
0.000000
0.000000
0.000000
0.000000
0.000000
0.000000
0.000000
0.000000
0.000000
0.000000
0.000000
0.000000
0.000000
0.000000
0.000010
0.000000
0.000000
0.000000
0.000000
0.000000
0.000000
0.000000
0.000000
0.000510
0.001360
0.000000
0.000470
0.000000
0.000000
0.000000
0.000050
0.000000
0.000000
0.000000
0.000050
0.000000
0.001180
0.000000
0.000140
0.000000
0.000000
0.000000
0.000000
0.000000
0.000000
0.000000
0.000000
0.000000
0.000000
0.000000
0.000020
0.000000
0.000000
0.000010
0.000130
0.000000
0.000000
0.000000
0.000000
0.000080
0.000000
0.000000
0.000010
0.000000
0.000000
0.000000
0.000620
0.000000
0.000000
0.000000
0.000000
0.000000
0.000000
0.000020
0.000000
0.000000
0.000000
0.011080
0.000000
0.000890
0.000000
0.000000
0.000000
0.000000
0.000000
0.000090
0.000000
0.000000
0.000000
0.000000
0.000020
0.000000
0.000000
0.000010
0.000000
0.000000
0.000000
0.000000
0.000000
0.000000
0.000000
0.000000
0.000000
0.000000
0.000000
0.000000
0.000000
0.000000
0.000030
0.000000
0.000000
0.000000
0.000000
0.000210
0.000610
0.000000
0.000000
0.000020
0.000000
0.000000
0.000000
0.000000
0.000070
0.000000
0.000000
0.000000
0.000000
0.000000
0.000000
0.000000
0.000040
0.000000
0.000000
0.000000
0.000030
0.000270
0.000000
0.000000
0.000000
0.000000
0.000460
0.000000
0.000000
0.000000
0.000000
0.000000
0.000000
0.000000
0.000000
0.000000
0.000000
0.000000
0.000000
0.000000
0.000000
0.000000
0.000130
0.000000
0.000000
0.000000
0.000000
0.000000
0.001960
0.000000
0.000000
0.000000
0.000000
0.000000
0.000000
0.000010
0.000000
0.000000
0.000000
0.004790
0.000000
0.009060
0.021470
0.001170
0.001290
0.000000
0.000000
0.000770
0.000000
0.000000
0.000000
0.000060
0.000000
0.000050
0.000000
0.000000
0.000000
0.000000
0.000000
0.000000
0.000000
0.000000
0.000000
0.000000
0.000000
0.000000
0.000000
0.000000
0.000000
0.000000
0.000000
0.000000
0.000000
0.000000
0.000000
0.000000
0.000000
0.000000
0.000000
0.000000
0.000000
0.000000
0.000000
0.000000
0.000000
0.000000
0.000000
0.000060
0.000000
0.000000
0.000000
0.000000
0.000000
0.000000
0.000020
0.000000
0.000000
0.000000
0.000070
0.000510
0.000000
0.000000
0.000240
0.000020
0.000000
0.000000
0.000000
0.000000
0.000160
0.000020
0.000080
0.000000
0.000010
0.000090
0.000170
0.000000
0.000000
0.000000
0.000000
0.000010
0.000330
0.000010
0.000010
0.000000
0.009290
0.007690
0.000040
0.000060
0.000000
0.000000
0.000000
0.000000
0.000000
0.000000
0.000000
0.000000
0.000000
0.000000
0.000000
0.000000
0.000000
0.000000
0.000000
0.000000
0.000000
0.000000
0.000000
0.000000
0.000010
0.000000
0.000000
0.000020
0.000000
0.000000
0.000000
0.000000
0.000000
0.000000
0.001130
0.000000
0.000000
0.003180
0.000000
0.000510
0.000120
0.000000
0.000000
0.000000
0.000020
0.000030
0.000000
0.000010
0.000050
0.000000
0.000000
0.000000
0.000000
0.000000
0.000000
0.000010
0.000000
0.000000
0.000000
0.000000
0.000020
0.000000
0.000000
0.000000
0.000180
0.000010
0.000000
0.000000
0.000000
0.000060
0.000000
0.000000
0.000000
0.000010
0.000000
0.000000
0.000420
0.000000
0.000000
0.000000
0.000000
0.000000
0.000010
0.000000
0.000000
0.000000
0.000010
0.003590
0.000000
0.000470
0.000020
0.000010
0.000000
0.000060
0.000000
0.000130
0.000000
0.000000
0.000010
0.000000
0.000020
0.000000
0.000000
0.000010
0.000000
0.000000
0.000000
0.000000
0.000000
0.000000
0.000000
0.000000
0.000000
0.000000
0.000000
0.000000
0.000000
0.000000
0.000000
0.000000
0.000000
0.000000
0.001180
0.000000
0.000430
0.000000
0.000000
0.000000
0.000040
0.000000
0.000000
0.000010
0.000000
0.000000
0.000000
0.000000
0.000000
0.000000
0.000000
0.000000
0.000030
0.000000
0.000000
0.000000
0.000000
0.000240
0.000000
0.000000
0.000000
0.000000
0.000000
0.000030
0.000020
0.000000
0.000000
0.000000
0.000000
0.000000
0.000000
0.000000
0.000000
0.000000
0.000000
0.000000
0.000000
0.000040
0.000000
0.000380
0.000000
0.000000
0.000000
0.000180
0.001830
0.000100
0.000000
0.000000
0.000000
0.000000
0.000000
0.000000
0.000030
0.000000
0.000000
0.000000
0.000090
0.005640
0.012810
0.001070
0.000990
0.000030
0.000040
0.000580
0.000000
0.000000
0.000020
0.000030
0.000000
0.000000
0.000000
0.000000
0.000000
0.000000
0.000000
0.000000
0.000000
0.000000
0.000000
0.000000
0.000000
0.000000
0.000000
0.000000
0.000000
0.000000
0.000000
0.000000
0.000000
0.000000
0.000000
0.000000
0.000000
0.000000
0.000000
0.000000
0.000000
0.000000
0.000000
0.000000
0.000000
0.000000
0.000000
0.000040
0.000000
0.000000
0.000010
0.000000
0.000000
0.000000
0.000000
0.000010
0.000000
0.000000
0.000000
0.000000
0.000000
0.000000
0.000000
0.000000
0.000000
0.000000
0.000050
0.000160
0.000000
0.000000
0.000000
0.000000
0.000000
0.000000
0.000000
0.000000
0.000110
0.000000
0.000050
0.000000
0.000000
0.000000
0.000000
0.016060
0.000000
0.000000
0.000000
0.000000
0.000000
0.000000
0.000000
0.000000
0.000000
0.000000
0.000000
0.000000
0.000000
0.000000
0.000000
0.000000
0.000000
0.000000
0.000000
0.000000
0.000000
0.000000
0.000000
0.000000
0.000000
0.000000
0.000000
0.000000
0.000050
0.000010
0.000000
0.000000
0.000130
0.000670
0.000000
0.000000
0.012300
0.000000
0.000550
0.000000
0.000000
0.000000
0.000000
0.000000
0.000000
0.000000
0.000130
0.000000
0.000000
0.000000
0.000050
0.000070
0.000000
0.000000
0.000000
0.000000
0.000000
0.000000
0.000000
0.000000
0.000000
0.000000
0.000000
0.000260
0.000000
0.000000
0.000000
0.000000
0.000000
0.000000
0.000000
0.000010
0.000010
0.000000
0.000000
0.000000
0.000000
0.000000
0.000000
0.000000
0.000000
0.000000
0.000000
0.000020
0.000000
0.000000
0.000000
0.000000
0.000000
0.000000
0.000000
0.000000
0.000000
0.000000
0.000130
0.000000
0.000000
0.000000
0.000000
0.000000
0.000000
0.000000
0.000000
0.000000
0.000000
0.000000
0.000000
0.000000
0.000000
0.000000
0.000000
0.000000
0.000000
0.000000
0.000000
0.000000
0.000000
0.000000
0.000000
0.000000
0.000000
0.001450
0.000000
0.000270
0.000000
0.000000
0.000000
0.000150
0.000000
0.000000
0.000000
0.000000
0.000010
0.000000
0.000000
0.000000
0.000000
0.000000
0.000000
0.000000
0.000000
0.000000
0.000000
0.000000
0.000120
0.000000
0.000000
0.000000
0.000000
0.000000
0.000110
0.000000
0.000000
0.000000
0.000000
0.000000
0.000000
0.000000
0.000000
0.000000
0.000000
0.000000
0.000000
0.000000
0.000000
0.000000
0.001310
0.000000
0.003360
0.003020
0.000000
0.000000
0.000000
0.000000
0.000000
0.000000
0.000000
0.000000
0.000000
0.000060
0.000000
0.000000
0.000000
0.000460
0.000000
0.000000
0.000000
0.000000
0.000000
0.000000
0.000000
0.000000
0.000000
0.000000
0.000000
0.000000
0.000000
0.000000
0.000000
0.000000
0.000200
0.000000
0.000000
0.000000
0.000000
0.000000
0.000000
0.000000
0.000000
0.000000
0.000000
0.000000
0.000000
0.000000
0.000000
0.000000
0.000000
0.000000
0.000000
0.000000
0.000000
0.000000
0.000000
0.000000
0.000000
0.000000
0.000000
0.000000
0.000000
0.000000
0.000000
0.000000
0.000000
0.000000
0.000000
0.000080
0.000080
0.000000
0.000000
0.000000
0.000000
0.000000
0.000000
0.000000
0.000000
0.000130
0.000020
0.000000
0.000000
0.000000
0.000000
0.000000
0.000130
0.000010
0.000060
0.000350
0.000030
0.000020
0.000210
0.000000
0.000000
0.000000
0.000000
0.001520
0.000020
0.016950
0.000000
0.000180
0.000090
0.000010
0.000200
0.000010
0.000000
0.000000
0.000000
0.000000
0.000000
0.000000
0.000000
0.000000
0.000000
0.000000
0.000000
0.000000
0.000000
0.000000
0.000000
0.000000
0.000000
0.000010
0.000000
0.000000
0.000000
0.000000
0.000060
0.000000
0.000000
0.000010
0.000000
0.000000
0.000000
0.000020
0.013070
0.000000
0.000370
0.000000
0.000070
0.000040
0.000000
0.000000
0.000000
0.000010
0.000100
0.000000
0.000000
0.000920
0.000040
0.000000
0.000000
0.000000
0.000000
0.000000
0.000000
0.000000
0.000000
0.000000
0.000000
0.000000
0.000000
0.000280
0.000000
0.000000
0.000020
0.000000
0.000000
0.000000
0.000010
0.000000
0.000000
0.000000
0.000000
0.000000
0.000060
0.000030
0.000010
0.000000
0.000000
0.000000
0.000000
0.000020
0.000000
0.000000
0.000000
0.000030
0.000030
0.000010
0.000810
0.000000
0.000370
0.000000
0.000080
0.000000
0.000020
0.000000
0.000000
0.000000
0.000000
0.000000
0.000000
0.000020
0.000000
0.000000
0.000000
0.000000
0.000000
0.000000
0.000000
0.000000
0.000000
0.000000
0.000000
0.000000
0.000000
0.000000
0.000000
0.000000
0.000000
0.001490
0.000000
0.000200
0.000000
0.000000
0.000010
0.000160
0.000000
0.000000
0.000000
0.000010
0.000020
0.000000
0.000000
0.000000
0.000000
0.000000
0.000000
0.000000
0.000000
0.000000
0.000000
0.000070
0.000000
0.000000
0.000000
0.000010
0.000060
0.000030
0.000100
0.000000
0.000000
0.000880
0.000000
0.000000
0.000000
0.000000
0.000000
0.000000
0.000010
0.000000
0.000000
0.000000
0.000070
0.000000
0.001360
0.000000
0.003210
0.000000
0.000000
0.000000
0.000060
0.000040
0.000010
0.000000
0.000000
0.000000
0.000000
0.000050
0.000000
0.000000
0.003460
0.000000
0.000000
0.000260
0.009250
0.000050
0.000330
0.000400
0.000300
0.001740
0.000130
0.000030
0.000000
0.000010
0.000010
0.000000
0.000000
0.000000
0.000280
0.000000
0.000000
0.000000
0.000000
0.000000
0.000000
0.000000
0.000000
0.000000
0.000000
0.000000
0.000000
0.000000
0.000000
0.000000
0.000000
0.000000
0.000000
0.000000
0.000000
0.000000
0.000000
0.000000
0.000000
0.000000
0.000000
0.000000
0.000000
0.000000
0.000000
0.000000
0.000000
0.000010
0.000110
0.000120
0.000000
0.000000
0.000000
0.000000
0.000150
0.000000
0.000000
0.000000
0.000000
0.000000
0.000060
0.000000
0.000000
0.000000
0.000000
0.000280
0.000010
0.000040
0.000390
0.000000
0.000000
0.000230
0.000290
0.000000
0.000000
0.000000
0.001840
0.000000
0.016670
0.000000
0.000000
0.000000
0.000000
0.000240
0.000000
0.000000
0.000000
0.000000
0.000000
0.000000
0.000000
0.000000
0.000010
0.000000
0.000000
0.000020
0.000000
0.000000
0.000000
0.000000
0.000000
0.000000
0.000000
0.000000
0.000000
0.000000
0.000000
0.000000
0.000000
0.000000
0.000000
0.001340
0.000000
0.000000
0.000000
0.014970
0.000060
0.000000
0.000530
0.000000
0.000000
0.000000
0.000000
0.000000
0.000000
0.000000
0.000530
0.000000
0.001070
0.000000
0.000340
0.000000
0.000000
0.000000
0.000000
0.000000
0.000000
0.000000
0.000000
0.000000
0.000000
0.000000
0.000280
0.000000
0.000000
0.000030
0.000000
0.000000
0.000000
0.000000
0.000000
0.000100
0.000000
0.000000
0.000600
0.000000
0.000000
0.000000
0.000020
0.000000
0.000000
0.000000
0.000000
0.000000
0.000000
0.000230
0.000000
0.000000
0.000000
0.001000
0.000000
0.000420
0.000000
0.000000
0.000000
0.000000
0.000000
0.000000
0.000000
0.000000
0.000000
0.000000
0.000020
0.000000
0.000000
0.000000
0.000000
0.000000
0.000000
0.000000
0.000000
0.000000
0.000000
0.000000
0.000000
0.000000
0.000000
0.000000
0.000000
0.000000
0.001540
0.000000
0.000000
0.000000
0.000000
0.000030
0.000140
0.000000
0.000000
0.000150
0.000000
0.000000
0.000000
0.000000
0.000010
0.000000
0.000000
0.000000
0.000000
0.000000
0.000000
0.000000
0.000100
0.000000
0.000000
0.000000
0.000010
0.000050
0.000000
0.000000
0.000000
0.000000
0.001030
0.000000
0.000000
0.000000
0.000000
0.000000
0.000000
0.000010
0.000000
0.000000
0.000000
0.000180
0.000050
0.000000
0.000000
0.000000
0.010670
0.000000
0.000000
0.000000
0.000000
0.000000
0.000030
0.000000
0.000000
0.000000
0.000000
0.000000
0.000000
0.005540
0.000000
0.000000
0.000000
0.012040
0.000000
0.000560
0.000720
0.000680
0.002040
0.000000
0.000000
0.000310
0.000000
0.000000
0.000000
0.000020
0.000000
0.000290
0.000000
0.000000
0.000000
0.000000
0.000000
0.000000
0.000000
0.000000
0.000000
0.000000
0.000000
0.000000
0.000000
0.000000
0.000000
0.000000
0.000000
0.000000
0.000000
0.000000
0.000000
0.000000
0.000000
0.000000
0.000000
0.000000
0.000000
0.000000
0.000000
0.000000
0.000000
0.000000
0.000040
0.000100
0.000000
0.000000
0.000000
0.000000
0.000000
0.000000
0.001180
0.000000
0.000000
0.000000
0.000000
0.000000
0.000000
0.000000
0.000000
0.000280
0.000000
0.000000
0.000000
0.000000
0.000000
0.000000
0.000000
0.000000
0.000040
0.000000
0.001650
0.000000
0.000000
0.000000
0.000000
0.000190
0.000000
0.000000
0.000000
0.000000
0.000000
0.000000
0.000000
0.000000
0.000000
0.000000
0.000010
0.000000
0.000000
0.000020
0.000000
0.000000
0.000000
0.000000
0.000000
0.000000
0.000000
0.000000
0.000000
0.000000
0.000000
0.000000
0.000000
0.000000
0.000010
0.001480
0.000000
0.000000
0.000040
0.014340
0.000000
0.000000
0.000300
0.000000
0.000040
0.000000
0.000000
0.000000
0.000000
0.000000
0.000000
0.000000
0.000630
0.000000
0.000000
0.000000
0.000010
0.000500
0.000000
0.000000
0.000000
0.000000
0.000000
0.000000
0.000000
0.000000
0.000000
0.000000
0.000000
0.000030
0.000000
0.000000
0.000000
0.000010
0.000000
0.000000
0.000000
0.000000
0.000660
0.000000
0.000000
0.000000
0.000000
0.000000
0.000000
0.000000
0.000020
0.000000
0.000000
0.000210
0.000000
0.000000
0.000000
0.000000
0.000000
0.000000
0.000000
0.000000
0.000000
0.000000
0.000000
0.000000
0.000000
0.000000
0.000000
0.000000
0.000000
0.000000
0.000000
0.000000
0.000000
0.000000
0.000000
0.000000
0.000000
0.000000
0.000000
0.000000
0.000000
0.000000
0.000000
0.000000
0.000000
0.000000
0.000490
0.000000
0.000000
0.000020
0.000000
0.000030
0.000000
0.000000
0.000000
0.000190
0.000000
0.000000
0.000000
0.000000
0.000000
0.000000
0.000000
0.000000
0.000000
0.000000
0.000000
0.000000
0.000000
0.000000
0.000000
0.000000
0.000020
0.000000
0.000000
0.000000
0.000000
0.000000
0.000760
0.000000
0.000000
0.000000
0.000000
0.000000
0.000000
0.000000
0.000000
0.000000
0.000000
0.000170
0.000000
0.000000
0.000000
0.000000
0.007630
0.000000
0.000160
0.000110
0.000000
0.000000
0.000000
0.000000
0.000000
0.000000
0.000000
0.000000
0.000000
0.003600
0.000000
0.000000
0.000000
0.007600
0.000000
0.000000
0.000000
0.000000
0.000000
0.000000
0.000000
0.000000
0.000000
0.000000
0.000000
0.000000
0.000000
0.000190
0.000000
0.000000
0.000010
0.000000
0.000000
0.000000
0.000000
0.000000
0.000000
0.000000
0.000000
0.000000
0.000000
0.000000
0.000000
0.000000
0.000000
0.000000
0.000000
0.000000
0.000000
0.000000
0.000000
0.000000
0.000000
0.000000
0.000000
0.000000
0.000000
0.000000
0.000000
0.000000
0.000000
0.000000
0.000000
0.000000
0.000000
0.000150
0.001100
0.000000
0.000000
0.000000
0.000000
0.000000
0.000000
0.000000
0.000000
0.000000
0.000240
0.000010
0.000000
0.000000
0.000000
0.000000
0.000000
0.000000
0.000000
0.000000
0.003040
0.000000
0.000040
0.000000
0.000000
0.000000
0.000000
0.000070
0.000000
0.000000
0.000000
0.000000
0.000000
0.000000
0.000000
0.000000
0.000000
0.000020
0.000000
0.000000
0.000020
0.000000
0.000000
0.000000
0.000000
0.000000
0.000000
0.000000
0.000000
0.000000
0.000000
0.000000
0.000000
0.000000
0.000000
0.000000
0.001250
0.000240
0.000000
0.000000
0.013790
0.000010
0.000000
0.000000
0.002770
0.000000
0.000030
0.000000
0.000000
0.000000
0.000000
0.000000
0.000000
0.000000
0.000290
0.000000
0.000000
0.000000
0.000890
0.000010
0.000000
0.000000
0.000000
0.000000
0.000000
0.000000
0.000000
0.000000
0.000000
0.000000
0.000000
0.000000
0.000000
0.000000
0.000000
0.000000
0.000000
0.000000
0.000000
0.000700
0.000010
0.000000
0.000000
0.000000
0.000000
0.000000
0.000000
0.000020
0.000000
0.000000
0.000000
0.000010
0.000000
0.000000
0.000000
0.000000
0.000000
0.000000
0.000000
0.000000
0.000000
0.000000
0.000000
0.000000
0.000000
0.000000
0.000000
0.000000
0.000000
0.000000
0.000000
0.000000
0.000000
0.000000
0.000000
0.000000
0.000000
0.000000
0.000000
0.000000
0.000000
0.000000
0.000000
0.000000
0.000020
0.000000
0.000040
0.000000
0.000000
0.000020
0.000000
0.000000
0.000000
0.000000
0.000000
0.000010
0.000000
0.000000
0.000000
0.000000
0.000000
0.000000
0.000000
0.000000
0.000000
0.000000
0.000000
0.000000
0.000000
0.000000
0.000000
0.000000
0.000000
0.000000
0.000000
0.000000
0.000000
0.000000
0.000010
0.000000
0.000000
0.000000
0.000000
0.000000
0.000000
0.000000
0.000000
0.000000
0.000000
0.000030
0.000000
0.000000
0.000000
0.000000
0.001060
0.000000
0.000110
0.000020
0.000000
0.000000
0.000000
0.000000
0.000000
0.000020
0.000000
0.000000
0.000000
0.000200
0.000000
0.000000
0.000000
0.000260
0.000000
0.000000
0.000000
0.000000
0.000000
0.000000
0.000000
0.000000
0.000000
0.000000
0.000000
0.000000
0.000000
0.000060
0.000000
0.000000
0.000030
0.000000
0.000000
0.000000
0.000000
0.000000
0.000000
0.000000
0.000000
0.000000
0.000000
0.000000
0.000000
0.000000
0.000000
0.000000
0.000000
0.000000
0.000000
0.000000
0.000000
0.000000
0.000000
0.000000
0.000000
0.000000
0.000000
0.000000
0.000000
0.000000
0.000000
0.000000
0.000000
0.000000
0.000000
0.001140
0.000550
0.000000
0.000000
0.000000
0.000000
0.000000
0.000000
0.000000
0.000000
0.000000
0.000000
0.000050
0.000910
0.000280
0.000190
0.000000
0.000000
0.000060
0.003740
0.000000
0.000000
0.000000
0.000720
0.000000
0.001450
0.000000
0.000000
0.000000
0.000000
0.000000
0.000000
0.000010
0.000000
0.000000
0.000000
0.000000
0.000000
0.000000
0.000020
0.000000
0.000000
0.000000
0.000000
0.000000
0.000000
0.000000
0.000000
0.000000
0.000000
0.000000
0.000000
0.000000
0.000000
0.000000
0.000000
0.000000
0.000000
0.001160
0.000000
0.000000
0.000000
0.000030
0.003460
0.000000
0.000030
0.000000
0.000000
0.000000
0.000010
0.000000
0.000000
0.000000
0.000440
0.000000
0.000060
0.000000
0.001000
0.000000
0.000000
0.000000
0.000000
0.000000
0.000000
0.000000
0.000000
0.000000
0.000000
0.000000
0.000000
0.000000
0.000000
0.000000
0.000470
0.000000
0.000000
0.000000
0.000000
0.000680
0.000000
0.000000
0.000000
0.000000
0.000000
0.000000
0.000000
0.000000
0.000000
0.000000
0.000000
0.000000
0.000000
0.000010
0.000000
0.000000
0.000000
0.000050
0.000000
0.000030
0.000000
0.000000
0.000000
0.000000
0.000000
0.000010
0.000000
0.000000
0.000000
0.000000
0.000000
0.000000
0.000000
0.000000
0.000000
0.000000
0.000000
0.000000
0.000000
0.000000
0.000000
0.000000
0.000000
0.000000
0.000000
0.000000
0.000000
0.000000
0.000020
0.000000
0.000000
0.000000
0.000000
0.000000
0.000440
0.000000
0.000000
0.000000
0.000000
0.000000
0.000000
0.000000
0.000010
0.000000
0.000000
0.000000
0.000000
0.000000
0.000000
0.000000
0.000000
0.000000
0.000000
0.000000
0.000000
0.002540
0.000000
0.000000
0.000000
0.000000
0.000000
0.000000
0.000000
0.000000
0.000000
0.000000
0.000000
0.000020
0.000360
0.000000
0.000000
0.000060
0.053180
0.000000
0.000000
0.000000
0.000050
0.000000
0.000000
0.000000
0.000000
0.000000
0.000000
0.000000
0.000000
0.000000
0.000000
0.000000
0.000000
0.000240
0.000000
0.000000
0.000000
0.000050
0.000000
0.000190
0.001300
0.001580
0.000830
0.000000
0.000000
0.000040
0.000000
0.000000
0.000000
0.000090
0.000000
0.000000
0.000000
0.000000
0.000000
0.000000
0.000000
0.000000
0.000000
0.000000
0.000000
0.000000
0.000000
0.000000
0.000000
0.000000
0.000000
0.000000
0.000000
0.000000
0.000000
0.000000
0.000000
0.000000
0.000000
0.000000
0.000000
0.000000
0.000000
0.000000
0.000000
0.000000
0.000000
0.000000
0.000070
0.000700
0.000000
0.000000
0.000000
0.000000
0.000000
0.000000
0.000730
0.000000
0.000000
0.000000
0.000000
0.000000
0.000000
0.000860
0.000250
0.000160
0.000030
0.000000
0.000000
0.003470
0.000070
0.000000
0.000000
0.000000
0.023660
0.000000
0.000070
0.000000
0.000000
0.000000
0.000000
0.000060
0.000000
0.000010
0.000000
0.000000
0.000000
0.000000
0.000000
0.000000
0.000010
0.000000
0.000000
0.000010
0.000000
0.000000
0.000000
0.000000
0.000000
0.000000
0.000000
0.000000
0.000000
0.000000
0.000010
0.000000
0.000000
0.000000
0.000000
0.013680
0.000000
0.000000
0.000000
0.003550
0.000010
0.000000
0.000040
0.000000
0.000000
0.000000
0.000000
0.000000
0.000000
0.000000
0.000690
0.000000
0.001210
0.000000
0.000600
0.000000
0.000000
0.000000
0.000000
0.000000
0.000000
0.000000
0.000000
0.000000
0.000000
0.000000
0.000030
0.000000
0.000000
0.000560
0.000030
0.000000
0.000000
0.000000
0.000000
0.000210
0.000000
0.000000
0.000070
0.000000
0.000000
0.000000
0.000010
0.000000
0.000000
0.000000
0.000000
0.000000
0.000000
0.000040
0.000000
0.000000
0.000000
0.000440
0.000000
0.000190
0.000000
0.000000
0.000000
0.000000
0.000000
0.000030
0.000000
0.000000
0.000000
0.000000
0.000030
0.000000
0.000000
0.000000
0.000000
0.000000
0.000000
0.000000
0.000000
0.000000
0.000000
0.000000
0.000000
0.000000
0.000000
0.000000
0.000000
0.000000
0.000110
0.000000
0.000000
0.000000
0.000000
0.000520
0.000010
0.000000
0.000000
0.000040
0.000000
0.000000
0.000000
0.000000
0.000010
0.000000
0.000000
0.000000
0.000000
0.000000
0.000000
0.000000
0.000020
0.000000
0.000000
0.000000
0.002710
0.000010
0.000000
0.000000
0.000000
0.000000
0.000000
0.000000
0.000000
0.000000
0.000000
0.000000
0.000000
0.000380
0.000010
0.000000
0.000000
0.073440
0.000050
0.000000
0.000000
0.000000
0.000020
0.000000
0.000000
0.000000
0.000000
0.000000
0.000000
0.000000
0.000000
0.000000
0.000000
0.000000
0.000000
0.003040
0.000000
0.000000
0.000000
0.000630
0.000000
0.001280
0.001690
0.000960
0.000090
0.000000
0.000000
0.000130
0.000000
0.000000
0.000000
0.000030
0.000000
0.000060
0.000000
0.000000
0.000000
0.000000
0.000000
0.000000
0.000000
0.000000
0.000000
0.000000
0.000000
0.000000
0.000000
0.000000
0.000000
0.000000
0.000000
0.000000
0.000000
0.000000
0.000000
0.000000
0.000000
0.000000
0.000000
0.000000
0.000000
0.000000
0.000000
0.000000
0.000000
0.000000
0.000700
0.000150
0.000000
0.000000
0.000000
0.000000
0.000000
0.000000
0.000800
0.000000
0.000000
0.000000
0.000000
0.000580
0.000000
0.000000
0.000000
0.000000
0.000000
0.000000
0.000000
0.000000
0.000060
0.000000
0.024490
0.000000
0.000000
0.000000
0.000000
0.000010
0.000000
0.000000
0.000000
0.000000
0.000000
0.000000
0.000000
0.000000
0.000000
0.000000
0.000010
0.000000
0.000000
0.000010
0.000000
0.000000
0.000000
0.000000
0.000000
0.000000
0.000000
0.000000
0.000000
0.000000
0.000000
0.000000
0.000000
0.000000
0.001250
0.011680
0.000000
0.000000
0.000190
0.003130
0.000000
0.000000
0.000030
0.000000
0.000000
0.000000
0.000000
0.000000
0.000000
0.000000
0.000000
0.000000
0.000990
0.000000
0.000000
0.000000
0.000040
0.000060
0.000000
0.000000
0.000000
0.000000
0.000000
0.000000
0.000000
0.000000
0.000000
0.000000
0.000000
0.000450
0.000000
0.000000
0.000000
0.000060
0.000000
0.000000
0.000000
0.000030
0.000060
0.000000
0.000000
0.000000
0.000000
0.000000
0.000000
0.000040
0.000000
0.000000
0.000000
0.000020
0.000000
0.000000
0.000000
0.000000
0.000000
0.000000
0.000000
0.000000
0.000000
0.000000
0.000000
0.000000
0.000000
0.000000
0.000000
0.000000
0.000000
0.000000
0.000000
0.000000
0.000000
0.000000
0.000000
0.000000
0.000000
0.000000
0.000000
0.000000
0.000000
0.000000
0.000000
0.000000
0.000000
0.000000
0.000040
0.000000
0.000000
0.000000
0.000000
0.000470
0.000000
0.000000
0.000000
0.000040
0.000000
0.000000
0.000000
0.000000
0.000010
0.000000
0.000000
0.000000
0.000000
0.000000
0.000000
0.000000
0.000000
0.000000
0.000000
0.000000
0.002690
0.000000
0.000000
0.000000
0.000000
0.000000
0.000000
0.000000
0.000000
0.000000
0.000000
0.000000
0.000000
0.000000
0.000000
0.000000
0.000000
0.075390
0.000000
0.000000
0.000000
0.000000
0.000030
0.000000
0.000000
0.000000
0.000000
0.000000
0.000000
0.000000
0.000000
0.000330
0.000000
0.000000
0.000000
0.002610
0.000000
0.000000
0.000000
0.000670
0.000000
0.000000
0.000000
0.000000
0.000000
0.000000
0.000000
0.000000
0.000000
0.000000
0.000000
0.000000
0.000000
0.000060
0.000000
0.000000
0.000000
0.000000
0.000000
0.000000
0.000000
0.000000
0.000000
0.000000
0.000000
0.000000
0.000000
0.000000
0.000000
0.000000
0.000000
0.000000
0.000000
0.000000
0.000000
0.000000
0.000000
0.000000
0.000000
0.000000
0.000000
0.000000
0.000000
0.000000
0.000020
0.000000
0.000000
0.000000
0.000000
0.000000
0.000000
0.001120
0.001670
0.000000
0.000000
0.000000
0.000000
0.000000
0.000000
0.000000
0.000000
0.000000
0.000000
0.000000
0.000000
0.000000
0.000000
0.000000
0.003470
0.024080
0.000000
0.000000
0.000000
0.000000
0.000000
0.000030
0.000000
0.000000
0.000000
0.000000
0.000000
0.000000
0.000000
0.000000
0.000010
0.000010
0.000000
0.000000
0.000010
0.000000
0.000000
0.000010
0.000000
0.000000
0.000000
0.000000
0.000000
0.000000
0.000000
0.000000
0.000000
0.000000
0.103650
0.000000
0.000390
0.000000
0.000000
0.000190
0.000140
0.000000
0.000000
0.000000
0.000010
0.000000
0.000000
0.000000
0.000000
0.000000
0.000000
0.000000
0.000000
0.000000
0.000000
0.000000
0.000000
0.000000
0.000010
0.000000
0.000000
0.000000
0.000000
0.000000
0.000000
0.000000
0.000000
0.000000
0.000000
0.000000
0.000000
0.000000
0.000000
0.000000
0.000180
0.000000
0.000000
0.000000
0.000000
0.000020
0.000000
0.000000
0.000010
0.000000
0.000000
0.000000
0.000040
0.000000
0.000000
0.000000
0.000000
0.000000
0.000000
0.000060
0.000000
0.000000
0.000000
0.000000
0.000000
0.000000
0.000030
0.000000
0.000000
0.000000
0.000000
0.000000
0.000000
0.000000
0.000000
0.000000
0.000000
0.000000
0.000000
0.000000
0.000000
0.000000
0.000000
0.000000
0.000000
0.000000
0.000000
0.000000
0.000000
0.000000
0.000000
0.000010
0.000000
0.000000
0.000000
0.000000
0.000000
0.000000
0.000000
0.000000
0.000000
0.000000
0.000000
0.000010
0.000000
0.000000
0.000000
0.000000
0.000000
0.000000
0.000000
0.000000
0.000000
0.000010
0.000000
0.000000
0.000000
0.002570
0.000000
0.000000
0.000000
0.000000
0.000000
0.000000
0.000000
0.000000
0.000000
0.000000
0.000000
0.000000
0.000000
0.000000
0.000000
0.000000
0.076870
0.000000
0.000000
0.000000
0.000030
0.000000
0.000000
0.000000
0.000000
0.000000
0.000000
0.000000
0.000000
0.000000
0.000270
0.000000
0.000020
0.000000
0.000000
0.000000
0.000000
0.000000
0.000510
0.000000
0.000000
0.000000
0.000000
0.000000
0.000000
0.000000
0.000000
0.000000
0.000000
0.000020
0.000000
0.000000
0.000000
0.000000
0.000000
0.000000
0.000000
0.000000
0.000000
0.000000
0.000000
0.000000
0.000000
0.000000
0.000000
0.000000
0.000000
0.000000
0.000000
0.000000
0.000000
0.000000
0.000000
0.000000
0.000000
0.000000
0.000000
0.000000
0.000000
0.000000
0.000000
0.000000
0.000000
0.000020
0.000020
0.000040
0.000020
0.000000
0.000000
0.000000
0.000000
0.001800
0.000370
0.000540
0.000440
0.000000
0.000000
0.000000
0.000000
0.000020
0.000120
0.000190
0.004070
0.000000
0.000000
0.000020
0.025200
0.000000
0.000000
0.000000
0.000000
0.000000
0.000000
0.000000
0.000000
0.000000
0.000000
0.000010
0.000000
0.000010
0.000000
0.000000
0.000000
0.000000
0.000000
0.000000
0.000010
0.000000
0.000000
0.000020
0.000000
0.000000
0.000000
0.000000
0.000000
0.000000
0.000000
0.000000
0.000000
0.000020
0.105770
0.000000
0.000000
0.000000
0.000000
0.000130
0.000000
0.000000
0.000000
0.000000
0.000040
0.000000
0.000000
0.000000
0.000000
0.000000
0.000000
0.000000
0.000000
0.000000
0.000000
0.000000
0.000000
0.000000
0.000000
0.000000
0.000000
0.000000
0.000000
0.000000
0.000000
0.000000
0.000000
0.000000
0.000000
0.000000
0.000080
0.000000
0.000000
0.000010
0.000180
0.000000
0.000000
0.000000
0.000000
0.000020
0.000000
0.000000
0.000010
0.000000
0.000000
0.000000
0.000020
0.000000
0.000000
0.000000
0.000000
0.000000
0.000000
0.000060
0.000000
0.000000
0.000000
0.000000
0.000000
0.000020
0.000000
0.000000
0.000000
0.000000
0.000000
0.000000
0.000000
0.000000
0.000000
0.000000
0.000000
0.000000
0.000000
0.000000
0.000000
0.000000
0.000000
0.000000
0.000000
0.000000
0.000000
0.000000
0.000000
0.000000
0.000000
0.000000
0.000000
0.000000
0.000000
0.000000
0.000000
0.000000
0.000000
0.000000
0.000010
0.000000
0.000000
0.000010
0.000000
0.000000
0.000000
0.000000
0.000000
0.000000
0.000000
0.000000
0.000000
0.000000
0.000000
0.000000
0.000130
0.000000
0.000000
0.000000
0.000000
0.000010
0.000000
0.000000
0.000000
0.000000
0.000000
0.000000
0.000000
0.000000
0.000000
0.000000
0.000000
0.000000
0.076780
0.000000
0.000000
0.000000
0.000040
0.000000
0.000000
0.000000
0.000000
0.000000
0.000000
0.000000
0.000000
0.000000
0.000100
0.000000
0.000000
0.000000
0.000000
0.000000
0.000000
0.000110
0.000000
0.000000
0.000000
0.000010
0.000000
0.000000
0.000830
0.000070
0.000060
0.000000
0.000000
0.000020
0.000000
0.000000
0.000000
0.000000
0.000000
0.000010
0.000000
0.000000
0.000000
0.000000
0.000000
0.000000
0.000000
0.000000
0.000000
0.000000
0.000000
0.000000
0.000000
0.000000
0.000000
0.000000
0.000000
0.000000
0.000000
0.000000
0.000000
0.000000
0.000000
0.000000
0.000000
0.000000
0.000000
0.000000
0.000000
0.000000
0.000000
0.000000
0.000160
0.006890
0.000000
0.000000
0.000000
0.000000
0.000000
0.000000
0.000140
0.000000
0.000000
0.000000
0.000160
0.004320
0.000170
0.000000
0.000000
0.026230
0.004020
0.000000
0.000000
0.000000
0.000000
0.000000
0.007560
0.000000
0.000000
0.000000
0.000000
0.000080
0.000000
0.000010
0.000000
0.000000
0.000000
0.000000
0.000000
0.000000
0.000020
0.000000
0.000000
0.000010
0.000000
0.000000
0.000000
0.000000
0.000000
0.000000
0.000000
0.000000
0.000000
0.107490
0.000060
0.000000
0.000000
0.000000
0.000000
0.000010
0.000000
0.000000
0.000000
0.000040
0.000000
0.000000
0.000000
0.000000
0.000000
0.000000
0.000000
0.000000
0.000000
0.000000
0.000010
0.000000
0.000000
0.000000
0.000020
0.000000
0.000000
0.000000
0.000000
0.000000
0.000000
0.000000
0.000000
0.000000
0.000000
0.000000
0.000300
0.000000
0.000000
0.000160
0.000000
0.000000
0.000000
0.000000
0.000000
0.000020
0.000000
0.000000
0.000000
0.000000
0.000000
0.000000
0.000060
0.000000
0.000000
0.000000
0.000000
0.000000
0.000000
0.000000
0.000000
0.000000
0.000000
0.000240
0.000000
0.000090
0.000000
0.000000
0.000000
0.000000
0.000000
0.000000
0.000000
0.000000
0.000000
0.000000
0.000030
0.000000
0.000000
0.000000
0.000000
0.000000
0.000000
0.000000
0.000000
0.000000
0.000000
0.000000
0.000000
0.000000
0.000000
0.000000
0.000000
0.000000
0.000000
0.000000
0.000000
0.000000
0.000000
0.000010
0.000000
0.000000
0.000000
0.000000
0.000000
0.000000
0.000000
0.000000
0.000000
0.000000
0.000000
0.000000
0.000000
0.000000
0.000000
0.000000
0.002000
0.000000
0.000000
0.000000
0.000010
0.000010
0.000000
0.000000
0.000000
0.000000
0.000000
0.000000
0.000000
0.000000
0.000000
0.000000
0.000000
0.076120
0.000050
0.000000
0.000000
0.000040
0.000000
0.000000
0.000000
0.000000
0.000000
0.000000
0.000000
0.000000
0.000000
0.000000
0.000480
0.000000
0.000000
0.000000
0.000000
0.000000
0.000000
0.000170
0.000000
0.000000
0.000000
0.000000
0.000000
0.001070
0.000100
0.000130
0.000050
0.000000
0.000000
0.000020
0.000000
0.000000
0.000000
0.000030
0.000000
0.000010
0.000000
0.000000
0.000000
0.000000
0.000000
0.000000
0.000000
0.000000
0.000000
0.000000
0.000000
0.000000
0.000000
0.000000
0.000000
0.000000
0.000000
0.000000
0.000000
0.000000
0.000000
0.000000
0.000000
0.000000
0.000000
0.000000
0.000000
0.000000
0.000000
0.000000
0.000000
0.000000
0.006890
0.005700
0.000000
0.000000
0.000000
0.000000
0.000000
0.000000
0.000370
0.000000
0.000000
0.000000
0.000090
0.000050
0.000110
0.024600
0.003510
0.000030
0.000000
0.000000
0.000000
0.000000
0.008230
0.000010
0.000020
0.000000
0.000000
0.000100
0.000000
0.000010
0.000000
0.000000
0.000000
0.000000
0.000000
0.000000
0.000000
0.000010
0.000000
0.000000
0.000000
0.000000
0.000000
0.000000
0.000000
0.000000
0.000000
0.000000
0.000010
0.107190
0.000120
0.000040
0.000000
0.000000
0.000000
0.000000
0.000010
0.000000
0.000000
0.000000
0.000010
0.000010
0.000000
0.000010
0.000000
0.000000
0.000010
0.000000
0.000000
0.000000
0.000030
0.000000
0.000000
0.000000
0.000020
0.000000
0.000000
0.000000
0.000000
0.000000
0.000000
0.000010
0.000000
0.000000
0.000000
0.000350
0.000280
0.000000
0.000010
0.000000
0.000010
0.000000
0.000000
0.000000
0.000000
0.000010
0.000010
0.000000
0.000000
0.000000
0.000000
0.000000
0.000070
0.000010
0.000000
0.000000
0.000000
0.000000
0.000060
0.000000
0.000000
0.000000
0.000000
0.000260
0.000000
0.000090
0.000000
0.000000
0.000000
0.000000
0.000000
0.000010
0.000000
0.000000
0.000000
0.000020
0.000030
0.000000
0.000010
0.000000
0.000000
0.000000
0.000000
0.000000
0.000000
0.000220
0.000000
0.000000
0.000000
0.000000
0.000000
0.000000
0.000000
0.000000
0.000000
0.000000
0.000000
0.000000
0.000000
0.000000
0.000000
0.000000
0.000000
0.000000
0.000000
0.000000
0.000000
0.000020
0.000000
0.000000
0.000000
0.000000
0.000000
0.000000
0.003250
0.000000
0.001220
0.000090
0.000030
0.000000
0.000000
0.000020
0.000010
0.000010
0.000000
0.000020
0.000000
0.000010
0.000060
0.000000
0.000000
0.000000
0.000480
0.000000
0.000060
0.000010
0.000000
0.000000
0.000000
0.000000
0.000000
0.000000
0.000000
0.000000
0.000000
0.000000
0.000000
0.000000
0.000560
0.000010
0.000000
0.000000
0.000000
0.000000
0.000270
0.000000
0.000000
0.000000
0.000000
0.000000
0.000000
0.001100
0.000060
0.000100
0.000040
0.000000
0.000000
0.000030
0.000000
0.000000
0.000000
0.000040
0.000000
0.000000
0.000000
0.000020
0.000000
0.000000
0.000000
0.000000
0.000000
0.000000
0.000000
0.000000
0.000000
0.000000
0.000000
0.000000
0.000000
0.000000
0.000000
0.000000
0.000000
0.000000
0.000000
0.000000
0.000000
0.000000
0.000000
0.000000
0.000000
0.000000
0.000000
0.000000
0.000000
0.000000
0.000000
0.004000
0.041550
0.003120
0.002930
0.000000
0.000000
0.000000
0.000000
0.000220
0.000000
0.000000
0.000000
0.000120
0.021500
0.002390
0.000140
0.000000
0.000000
0.000000
0.000000
0.008400
0.000040
0.000010
0.000000
0.000000
0.000100
0.000010
0.000010
0.000000
0.000000
0.000000
0.000000
0.000060
0.000000
0.000000
0.000000
0.000540
0.000000
0.000000
0.000010
0.000000
0.000000
0.000000
0.000000
0.000000
0.000090
0.000000
0.105880
0.000310
0.000060
0.000030
0.000000
0.000030
0.000000
0.000000
0.000000
0.000000
0.000000
0.000000
0.000110
0.000000
0.000000
0.000000
0.000000
0.000020
0.000000
0.000000
0.000000
0.000030
0.000000
0.000000
0.000000
0.000020
0.000000
0.000000
0.000000
0.000000
0.000000
0.000000
0.000000
0.000580
0.000000
0.000000
0.000450
0.000240
0.000000
0.000000
0.000010
0.000000
0.000000
0.000010
0.000000
0.000000
0.000000
0.000080
0.000000
0.000000
0.000000
0.000000
0.000000
0.000070
0.000000
0.000000
0.000000
0.000000
0.000000
0.000070
0.000000
0.000000
0.000000
0.000000
0.000250
0.000000
0.000080
0.000000
0.000010
0.000000
0.000000
0.000020
0.000000
0.000000
0.000000
0.000000
0.000010
0.000020
0.000000
0.000010
0.000000
0.000000
0.000000
0.000000
0.000000
0.000000
0.000300
0.000000
0.000000
0.000000
0.000000
0.000000
0.000000
0.000000
0.000000
0.000000
0.000000
0.000010
0.000000
0.000000
0.000010
0.000000
0.000000
0.000000
0.000000
0.000000
0.000000
0.000000
0.000020
0.000000
0.000000
0.000000
0.000000
0.000000
0.000000
0.004500
0.000050
0.000000
0.000350
0.000040
0.000000
0.000000
0.000000
0.000050
0.000000
0.000000
0.000020
0.000000
0.000000
0.000060
0.000000
0.000000
0.000000
0.000000
0.064710
0.000000
0.000050
0.000000
0.000000
0.000000
0.000010
0.000000
0.000000
0.000000
0.000000
0.000000
0.000000
0.000000
0.000000
0.000590
0.000010
0.000000
0.000000
0.000000
0.000000
0.000300
0.000030
0.000000
0.000000
0.000000
0.000000
0.000000
0.001070
0.000050
0.000070
0.000060
0.000010
0.000000
0.000030
0.000010
0.000010
0.000000
0.000050
0.000000
0.000000
0.000000
0.000010
0.000000
0.000000
0.000000
0.000000
0.000000
0.000000
0.000000
0.000000
0.000000
0.000000
0.000000
0.000000
0.000000
0.000000
0.000000
0.000010
0.000000
0.000000
0.000000
0.000000
0.000000
0.000000
0.000000
0.000000
0.000000
0.000010
0.000000
0.000000
0.000000
0.000000
0.000000
0.000000
0.170600
0.006730
0.006640
0.003030
0.000000
0.000000
0.000000
0.000000
0.002690
0.000000
0.000000
0.000000
0.000000
0.000000
0.000000
0.000000
0.000000
0.000110
0.008720
0.000000
0.000000
0.000000
0.000000
0.000090
0.000000
0.000000
0.000000
0.000000
0.000000
0.000000
0.000120
0.000000
0.000080
0.000080
0.001890
0.000000
0.000000
0.000020
0.000000
0.000010
0.000020
0.000000
0.000040
0.000140
0.000000
0.101760
0.000000
0.000000
0.000000
0.000000
0.000020
0.000000
0.000000
0.000000
0.000000
0.000000
0.000030
0.000210
0.000000
0.000000
0.000000
0.000000
0.000000
0.000000
0.000000
0.000000
0.000030
0.000000
0.000000
0.000000
0.000010
0.000000
0.000000
0.000000
0.000000
0.000000
0.000010
0.000040
0.001220
0.000000
0.000040
0.000560
0.000000
0.000000
0.000000
0.000000
0.000000
0.000000
0.000000
0.000000
0.000000
0.000000
0.000110
0.000000
0.000000
0.000000
0.000000
0.000000
0.000070
0.000000
0.000000
0.000000
0.000000
0.000010
0.000070
0.000000
0.000000
0.000000
0.000000
0.000250
0.000000
0.000000
0.000000
0.000000
0.000000
0.000000
0.000060
0.000000
0.000000
0.000000
0.000000
0.000010
0.000000
0.000000
0.000000
0.000000
0.000000
0.000000
0.000000
0.000000
0.000000
0.000350
0.000000
0.000000
0.000000
0.000000
0.000000
0.000000
0.000000
0.000000
0.000000
0.000010
0.000010
0.000000
0.000000
0.000010
0.000000
0.000000
0.000000
0.000000
0.000000
0.000000
0.000000
0.000020
0.000000
0.000000
0.000000
0.000000
0.000000
0.000010
0.005100
0.000000
0.000000
0.000480
0.000000
0.000000
0.000000
0.000040
0.000050
0.000000
0.000000
0.000000
0.000000
0.000000
0.000040
0.000000
0.000000
0.000200
0.000380
0.065930
0.000000
0.000520
0.000000
0.000000
0.000000
0.000010
0.000000
0.000000
0.000000
0.000000
0.000000
0.000000
0.000000
0.000000
0.000590
0.000000
0.000000
0.000000
0.000000
0.000000
0.000330
0.000000
0.000000
0.000010
0.000000
0.000000
0.000020
0.001030
0.000000
0.000000
0.000000
0.000000
0.000000
0.000000
0.000000
0.000000
0.000000
0.000080
0.000000
0.000000
0.000000
0.000010
0.000000
0.000000
0.000010
0.000000
0.000000
0.000000
0.000000
0.000000
0.000000
0.000000
0.000000
0.000000
0.000000
0.000000
0.000000
0.000010
0.000000
0.000000
0.000000
0.000000
0.000000
0.000000
0.000000
0.000000
0.000000
0.000030
0.000000
0.000060
0.001020
0.008490
0.046000
0.031440
0.508300
0.000000
0.000000
0.000000
0.000000
0.000410
0.000510
0.000960
0.005670
0.000000
0.000000
0.000000
0.000000
0.000000
0.000000
0.000000
0.000100
0.008590
0.000870
0.000000
0.000000
0.000000
0.000000
0.000020
0.000000
0.000000
0.000000
0.000000
0.000000
0.000130
0.000090
0.000000
0.000200
0.002160
0.000830
0.000000
0.000020
0.000020
0.000000
0.000020
0.000020
0.000340
0.000140
0.000950
0.000000
0.003770
0.000000
0.000000
0.000000
0.000000
0.000020
0.000000
0.000000
0.000000
0.000000
0.000020
0.000210
0.000000
0.000000
0.000000
0.000000
0.000000
0.000000
0.000000
0.000000
0.000000
0.000000
0.000000
0.000000
0.000000
0.000000
0.000000
0.000000
0.000000
0.000000
0.000010
0.000050
0.001200
0.003080
0.000000
0.000040
0.000020
0.000000
0.000000
0.000000
0.000000
0.000000
0.000000
0.000000
0.000000
0.000000
0.000110
0.000160
0.000000
0.000000
0.000000
0.000000
0.000000
0.000000
0.000000
0.000000
0.000000
0.000010
0.000060
0.000170
0.000000
0.000000
0.000020
0.000000
0.000020
0.000000
0.000000
0.000000
0.000000
0.000000
0.000000
0.000030
0.000000
0.000000
0.000000
0.000000
0.000010
0.000000
0.000000
0.000000
0.000000
0.000000
0.000000
0.000000
0.000000
0.000360
0.000170
0.000000
0.000000
0.000000
0.000000
0.000000
0.000000
0.000010
0.000000
0.000010
0.000010
0.000010
0.000000
0.000000
0.000000
0.000000
0.000000
0.000000
0.000000
0.000000
0.000000
0.000000
0.000000
0.000000
0.000000
0.000000
0.000000
0.000020
0.004750
0.000920
0.000000
0.000000
0.000070
0.000000
0.000000
0.000000
0.000070
0.000040
0.000000
0.000000
0.000000
0.000000
0.000000
0.000010
0.000000
0.000000
0.000740
0.063940
0.002360
0.000000
0.000080
0.000000
0.000000
0.000010
0.000010
0.000000
0.000000
0.000010
0.000000
0.000000
0.000000
0.000010
0.000420
0.000070
0.000000
0.000000
0.000000
0.000000
0.000270
0.000080
0.000000
0.000000
0.000000
0.000000
0.000000
0.000930
0.000040
0.000000
0.000000
0.000000
0.000000
0.000000
0.000000
0.000000
0.000000
0.000000
0.000000
0.000000
0.000000
0.000000
0.000000
0.000000
0.000000
0.000000
0.000000
0.000000
0.000000
0.000000
0.000000
0.000000
0.000000
0.000000
0.000000
0.000000
0.000000
0.000010
0.000000
0.000000
0.000000
0.000000
0.000000
0.000000
0.000000
0.000000
0.000000
0.000020
0.000010
0.000000
0.001050
0.010150
0.052450
0.034360
0.530830
0.009980
0.000000
0.000000
0.000000
0.000000
0.000270
0.000460
0.004980
0.000510
0.000000
0.000000
0.000000
0.000000
0.000000
0.000000
0.005270
0.002290
0.004050
0.000000
0.000000
0.000000
0.000000
0.000150
0.000000
0.000000
0.000000
0.000000
0.000000
0.000090
0.001210
0.000000
0.002800
0.001160
0.000300
0.000000
0.000010
0.000060
0.000000
0.000020
0.000490
0.000170
0.000520
0.006300
0.000000
0.001250
0.000000
0.000000
0.000000
0.000000
0.000010
0.000000
0.000000
0.000010
0.000000
0.000220
0.000000
0.000000
0.000000
0.000000
0.000000
0.000000
0.000000
0.000000
0.000000
0.000000
0.000000
0.000000
0.000000
0.000000
0.000000
0.000000
0.000000
0.000000
0.000010
0.000040
0.001180
0.003390
0.000030
0.000000
0.000010
0.000000
0.000000
0.000000
0.000000
0.000000
0.000000
0.000000
0.000000
0.000000
0.000110
0.000170
0.000010
0.000000
0.000000
0.000000
0.000030
0.000000
0.000010
0.000000
0.000000
0.000000
0.000070
0.000250
0.000010
0.000000
0.000000
0.000060
0.000000
0.000000
0.000000
0.000000
0.000000
0.000000
0.000000
0.000000
0.000010
0.000000
0.000010
0.000000
0.000000
0.000300
0.000000
0.000000
0.000000
0.000000
0.000000
0.000000
0.000000
0.000320
0.000180
0.000020
0.000000
0.000000
0.000010
0.000000
0.000000
0.000000
0.000000
0.000010
0.000010
0.000010
0.000380
0.000000
0.000000
0.000010
0.000000
0.000000
0.000000
0.000000
0.000000
0.000000
0.000000
0.000000
0.000000
0.000000
0.000000
0.000000
0.004100
0.000880
0.000270
0.000000
0.000000
0.000070
0.000000
0.000000
0.000000
0.000030
0.000020
0.000000
0.000000
0.000000
0.000000
0.000000
0.000130
0.000000
0.000000
0.062590
0.002390
0.000240
0.000000
0.000030
0.000000
0.000000
0.000010
0.000000
0.000000
0.000000
0.000040
0.000000
0.000010
0.000000
0.000260
0.000070
0.000030
0.000000
0.000000
0.000000
0.000250
0.000100
0.000060
0.000000
0.000000
0.000000
0.000000
0.000000
0.000130
0.000030
0.000000
0.000000
0.000000
0.000000
0.000000
0.000000
0.000000
0.000000
0.000000
0.000070
0.000000
0.000000
0.000000
0.000000
0.000000
0.000000
0.000020
0.000000
0.000000
0.000000
0.000000
0.000000
0.000000
0.000000
0.000000
0.000000
0.000000
0.000010
0.000010
0.000000
0.000000
0.000000
0.000000
0.000000
0.000000
0.000000
0.000000
0.000000
0.000010
0.000070
0.000000
0.011970
0.051910
0.039840
0.521830
0.010190
0.006070
0.000000
0.000000
0.000000
0.000000
0.000090
0.001170
0.000460
0.001020
0.000000
0.000000
0.000000
0.000000
0.000000
0.001740
0.004640
0.000030
0.000000
0.000000
0.000000
0.000000
0.000020
0.000000
0.000000
0.000000
0.000000
0.000000
0.001230
0.000300
0.000000
0.001600
0.000220
0.000240
0.000000
0.000070
0.000030
0.000000
0.000480
0.000160
0.000200
0.002990
0.109680
0.000000
0.000110
0.000000
0.000000
0.000000
0.000000
0.000010
0.000000
0.000000
0.000020
0.000000
0.000000
0.000000
0.000000
0.000000
0.000000
0.000000
0.000000
0.000000
0.000000
0.000000
0.000000
0.000000
0.000000
0.000000
0.000000
0.000000
0.000000
0.000000
0.000000
0.000030
0.000810
0.003440
0.000030
0.000000
0.000000
0.000000
0.000030
0.000000
0.000000
0.000000
0.000000
0.000000
0.000000
0.000000
0.000000
0.000220
0.000010
0.000090
0.000000
0.000000
0.000030
0.000010
0.000000
0.000130
0.000000
0.000000
0.000000
0.000360
0.000010
0.000000
0.000000
0.000000
0.000000
0.000000
0.000000
0.000000
0.000000
0.000000
0.000000
0.000000
0.000000
0.000040
0.000000
0.000010
0.000000
0.000000
0.000430
0.000000
0.000000
0.000000
0.000000
0.000000
0.000000
0.000000
0.000180
0.000030
0.000000
0.000000
0.000000
0.000010
0.000000
0.000000
0.000000
0.000030
0.000000
0.000010
0.000650
0.000010
0.000000
0.000000
0.000000
0.000000
0.000000
0.000000
0.000000
0.000000
0.000000
0.000000
0.000020
0.000000
0.000000
0.000040
0.000000
0.000760
0.000130
0.000050
0.000000
0.000000
0.000080
0.000000
0.000000
0.000000
0.000070
0.000020
0.000000
0.000000
0.000000
0.000000
0.000000
0.000620
0.000000
0.000000
0.002180
0.000110
0.000100
0.000000
0.000010
0.000000
0.000000
0.000000
0.000000
0.000000
0.000000
0.000110
0.000000
0.000010
0.000000
0.000030
0.000030
0.000110
0.000000
0.000000
0.000000
0.000110
0.000000
0.000070
0.000000
0.000000
0.000000
0.000000
0.000000
0.000050
0.000000
0.000000
0.000000
0.000000
0.000000
0.000000
0.000000
0.000000
0.000000
0.000000
0.000090
0.000000
0.000000
0.000000
0.000000
0.000000
0.000000
0.000040
0.000000
0.000000
0.000000
0.000000
0.000000
0.000000
0.000000
0.000000
0.000000
0.000000
0.000010
0.000000
0.000000
0.000000
0.000000
0.000000
0.000000
0.000000
0.000000
0.000000
0.000000
0.000050
0.000210
0.000000
0.053900
0.018010
0.532230
0.004240
0.006680
0.000120
0.000000
0.000000
0.000000
0.000000
0.000380
0.000270
0.001080
0.000000
0.000000
0.000000
0.000000
0.000000
0.004320
0.000000
0.000000
0.000000
0.000000
0.000000
0.000000
0.000050
0.000000
0.000000
0.000000
0.000000
0.000000
0.000000
0.000000
0.000000
0.000000
0.000260
0.000830
0.000000
0.000050
0.000080
0.000000
0.000000
0.000000
0.001550
0.114280
0.000000
0.000000
0.000000
0.000000
0.000000
0.000000
0.000000
0.000000
0.000000
0.000020
0.000070
0.000000
0.000000
0.000000
0.000010
0.000000
0.000000
0.000000
0.000000
0.000000
0.000000
0.000000
0.000000
0.000000
0.000000
0.000000
0.000000
0.000000
0.000000
0.000000
0.000000
0.000560
0.003220
0.000000
0.000000
0.000000
0.000000
0.000020
0.000000
0.000000
0.000000
0.000000
0.000000
0.000000
0.000000
0.000000
0.000000
0.000000
0.000050
0.000000
0.000000
0.000000
0.000000
0.000060
0.000000
0.000000
0.000000
0.000000
0.000000
0.000000
0.000000
0.000110
0.000000
0.000000
0.000000
0.000000
0.000000
0.000000
0.000000
0.000000
0.000000
0.000000
0.000000
0.000000
0.000000
0.000010
0.000000
0.000000
0.000000
0.000000
0.000000
0.000000
0.000000
0.000000
0.000000
0.000000
0.000000
0.000000
0.000000
0.000000
0.000000
0.000000
0.000000
0.000000
0.000000
0.000000
0.000010
0.000670
0.000000
0.000000
0.000000
0.000000
0.000010
0.000000
0.000000
0.000000
0.000000
0.000000
0.000000
0.000000
0.000000
0.000000
0.000000
0.000330
0.000000
0.000000
0.000000
0.000000
0.000000
0.000000
0.000000
0.000000
0.000000
0.000000
0.000000
0.000040
0.000000
0.000000
0.000000
0.000000
0.000000
0.001140
0.000000
0.000000
0.000000
0.000070
0.000000
0.000000
0.000000
0.000000
0.000000
0.000000
0.000000
0.000000
0.000000
0.000000
0.000000
0.000010
0.000000
0.000030
0.000110
0.000000
0.000000
0.000000
0.000000
0.000000
0.000030
0.000000
0.000000
0.000000
0.000020
0.000000
0.000000
0.000000
0.000000
0.000000
0.000000
0.000000
0.000000
0.000000
0.000000
0.000000
0.000000
0.000000
0.000000
0.000000
0.000000
0.000000
0.000010
0.000000
0.000000
0.000010
0.000000
0.000000
0.000000
0.000000
0.000000
0.000000
0.000000
0.000000
0.000000
0.000000
0.000000
0.000000
0.000000
0.000000
0.000000
0.000000
0.000000
0.000000
0.000000
0.000000
0.000000
0.000000
0.000000
0.000000
0.000000
0.409450
0.000000
0.005150
0.000000
0.000000
0.000000
0.000000
0.000000
0.000000
0.000180
0.001040
0.000000
0.000000
0.000000
0.000000
0.000000
0.000000
0.000000
0.000190
0.000000
0.000000
0.000000
0.000000
0.000160
0.000000
0.000000
0.000000
0.000000
0.000000
0.000000
0.000000
0.000000
0.000000
0.001150
0.000380
0.000000
0.000070
0.000030
0.000000
0.000000
0.000000
0.117500
0.000110
0.000000
0.000000
0.000000
0.000000
0.000000
0.000000
0.000000
0.000000
0.000000
0.000070
0.000020
0.000000
0.000000
0.000020
0.000010
0.000000
0.000000
0.000000
0.000000
0.000000
0.000000
0.000000
0.000000
0.000000
0.000000
0.000000
0.000000
0.000000
0.000000
0.000000
0.000000
0.002650
0.000050
0.000000
0.000000
0.000000
0.000000
0.000010
0.000000
0.000000
0.000000
0.000000
0.000000
0.000000
0.000010
0.000000
0.000000
0.000000
0.000130
0.000000
0.000000
0.000000
0.000050
0.000060
0.000000
0.000000
0.000000
0.000000
0.000000
0.000000
0.000160
0.000280
0.000000
0.000000
0.000000
0.000000
0.000000
0.000000
0.000000
0.000000
0.000000
0.000000
0.000000
0.000000
0.000000
0.000070
0.000000
0.000000
0.000000
0.000000
0.000000
0.000000
0.000000
0.000000
0.000000
0.000000
0.000000
0.000000
0.000000
0.000000
0.000000
0.000010
0.000000
0.000000
0.000000
0.000000
0.000730
0.000010
0.000000
0.000000
0.000000
0.000000
0.000000
0.000000
0.000000
0.000000
0.000000
0.000000
0.000000
0.000000
0.000000
0.000000
0.000000
0.000120
0.000000
0.000000
0.000000
0.000000
0.000000
0.000000
0.000000
0.000000
0.000000
0.000000
0.000000
0.000620
0.000000
0.000000
0.000000
0.000000
0.000000
0.013030
0.000000
0.000000
0.000000
0.000060
0.000000
0.000000
0.000000
0.000000
0.000000
0.000000
0.000030
0.000000
0.000000
0.000000
0.000000
0.000010
0.000000
0.000100
0.000000
0.000000
0.000000
0.000000
0.000000
0.000000
0.000020
0.000000
0.000000
0.000000
0.000060
0.000000
0.000000
0.000000
0.000080
0.000000
0.000000
0.000000
0.000000
0.000000
0.000000
0.000000
0.000000
0.000000
0.000000
0.000000
0.000000
0.000000
0.000000
0.000000
0.000000
0.000060
0.000000
0.000000
0.000000
0.000000
0.000000
0.000000
0.000000
0.000000
0.000000
0.000000
0.000000
0.000000
0.000000
0.000000
0.000000
0.000000
0.000000
0.000000
0.000000
0.000000
0.000000
0.000000
0.000000
0.000000
0.000000
0.019180
0.000000
0.000220
0.000000
0.000000
0.000000
0.000000
0.000000
0.000000
0.000930
0.000010
0.000000
0.000000
0.000000
0.000000
0.000000
0.000000
0.000000
0.000000
0.000000
0.000000
0.000000
0.000580
0.000000
0.000000
0.000000
0.000000
0.000000
0.002450
0.024160
0.000000
0.001140
0.000520
0.000010
0.000000
0.000010
0.000060
0.000000
0.000130
0.120120
0.000190
0.000000
0.000020
0.000000
0.000000
0.000000
0.000000
0.000000
0.000000
0.000000
0.000000
0.000000
0.000020
0.000000
0.000020
0.000010
0.000000
0.000000
0.000000
0.000000
0.000000
0.000000
0.000000
0.000000
0.000000
0.000010
0.000000
0.000000
0.000000
0.000000
0.000000
0.000000
0.000000
0.000010
0.000000
0.000010
0.000000
0.000050
0.000000
0.000000
0.000000
0.000000
0.000000
0.000000
0.000000
0.000000
0.000020
0.000000
0.000000
0.000150
0.000050
0.000040
0.000000
0.000000
0.000040
0.000100
0.000000
0.000130
0.000000
0.000000
0.000000
0.000190
0.000360
0.000000
0.000000
0.000000
0.000000
0.000000
0.000010
0.000000
0.000000
0.000000
0.000000
0.000000
0.000000
0.000090
0.000000
0.000040
0.000000
0.000000
0.000020
0.000000
0.000000
0.000000
0.000000
0.000000
0.000000
0.000000
0.000020
0.000130
0.000370
0.000000
0.000000
0.000000
0.000000
0.000000
0.000000
0.000710
0.000020
0.000000
0.000000
0.000000
0.000000
0.000000
0.000000
0.000000
0.000000
0.000000
0.000000
0.000000
0.000010
0.000000
0.000210
0.000000
0.000000
0.000070
0.000000
0.000050
0.000280
0.000360
0.000000
0.000000
0.000040
0.000000
0.000000
0.000000
0.000460
0.036360
0.000000
0.000000
0.000000
0.000000
0.000000
0.000510
0.000000
0.000000
0.000070
0.000060
0.000000
0.000000
0.000010
0.000000
0.000000
0.000020
0.000510
0.000000
0.000000
0.000020
0.000000
0.000030
0.000000
0.000010
0.000000
0.000040
0.000000
0.000000
0.000000
0.000030
0.000050
0.000030
0.000000
0.000000
0.000010
0.000000
0.000000
0.000090
0.001040
0.000000
0.000000
0.000000
0.000000
0.000000
0.000000
0.000000
0.000000
0.000000
0.000030
0.000000
0.000000
0.000000
0.000000
0.000000
0.000000
0.000040
0.000000
0.000000
0.000000
0.000000
0.000000
0.000000
0.000000
0.000000
0.000000
0.000000
0.000000
0.000000
0.000000
0.000000
0.000000
0.000000
0.000000
0.000000
0.000000
0.000000
0.000000
0.000610
0.618670
0.000000
0.016920
0.000640
0.000190
0.000030
0.000010
0.000050
0.000000
0.000000
0.000000
0.000000
0.000010
0.000000
0.000000
0.000000
0.000000
0.000000
0.000000
0.000000
0.000000
0.000000
0.000000
0.000000
0.001830
0.000000
0.000000
0.000000
0.000000
0.000000
0.025000
0.001040
0.000000
0.000590
0.000010
0.000050
0.000000
0.000060
0.000010
0.000000
0.117200
0.000210
0.000000
0.000000
0.000010
0.000000
0.000000
0.000000
0.000000
0.000000
0.000000
0.000130
0.000000
0.000010
0.000000
0.000000
0.000010
0.000000
0.000000
0.000000
0.000000
0.000010
0.000000
0.000000
0.000000
0.000000
0.000000
0.000010
0.000000
0.000000
0.000000
0.000000
0.000000
0.000000
0.000000
0.000000
0.000010
0.000000
0.000040
0.000000
0.000000
0.000000
0.000000
0.000000
0.000000
0.000000
0.000000
0.000000
0.001570
0.000000
0.000000
0.000100
0.000000
0.000010
0.000000
0.000000
0.000110
0.000190
0.000000
0.000730
0.000000
0.000000
0.000000
0.000410
0.000000
0.000000
0.000000
0.000000
0.000000
0.000000
0.000000
0.000000
0.000000
0.000000
0.000000
0.000000
0.000000
0.003430
0.000000
0.000000
0.000000
0.000000
0.000000
0.000000
0.000000
0.000000
0.000000
0.000000
0.000000
0.000000
0.000110
0.000340
0.000000
0.000000
0.000000
0.000020
0.000000
0.000020
0.000000
0.000040
0.000000
0.000000
0.000000
0.000000
0.000000
0.000000
0.000010
0.000000
0.000000
0.000000
0.000000
0.000000
0.000200
0.000000
0.000590
0.000000
0.000000
0.000050
0.000000
0.000260
0.000350
0.000010
0.000000
0.000000
0.000040
0.000000
0.000000
0.000000
0.043710
0.000020
0.000000
0.000000
0.000000
0.000000
0.000000
0.000090
0.000000
0.000000
0.000120
0.000000
0.000000
0.000000
0.000020
0.000000
0.000000
0.000720
0.000000
0.000000
0.000000
0.000040
0.000000
0.000000
0.000000
0.000000
0.000040
0.000050
0.000000
0.000000
0.000000
0.000060
0.000000
0.000080
0.000000
0.000000
0.000000
0.000000
0.000000
0.001400
0.000000
0.000000
0.000000
0.000000
0.000000
0.000000
0.000000
0.000000
0.000000
0.000000
0.000020
0.000000
0.000000
0.000000
0.000000
0.000000
0.000000
0.000050
0.000000
0.000000
0.000000
0.000000
0.000000
0.000000
0.000000
0.000000
0.000000
0.000000
0.000000
0.000000
0.000000
0.000000
0.000000
0.000000
0.000000
0.000000
0.000000
0.000000
0.000000
0.656720
0.003460
0.000000
0.000800
0.000000
0.000010
0.000000
0.000050
0.000010
0.000000
0.000000
0.000000
0.000000
0.000010
0.000000
0.000000
0.000000
0.000000
0.000000
0.000000
0.000000
0.000100
0.000050
0.002260
0.000000
0.000090
0.000150
0.000070
0.040290
0.010600
0.000000
0.000000
0.000400
0.000000
0.000000
0.000000
0.000160
0.000000
0.000000
0.070010
0.000000
0.000000
0.000000
0.000000
0.000000
0.000010
0.000000
0.000000
0.000000
0.000000
0.000110
0.000000
0.000020
0.000000
0.000000
0.000010
0.000000
0.000000
0.000000
0.000000
0.000000
0.000000
0.000000
0.000000
0.000000
0.000000
0.000000
0.000000
0.000000
0.000000
0.000000
0.000000
0.000000
0.000060
0.000000
0.000000
0.000000
0.000000
0.000000
0.000000
0.000000
0.000000
0.000000
0.000000
0.000010
0.000000
0.000000
0.001910
0.000000
0.000000
0.000070
0.000000
0.000000
0.000000
0.000000
0.000010
0.000000
0.000000
0.000610
0.000000
0.000000
0.000010
0.000250
0.000000
0.000000
0.000000
0.000000
0.000000
0.000000
0.000000
0.000000
0.000010
0.000010
0.000000
0.000170
0.000000
0.003500
0.000000
0.000010
0.000000
0.000000
0.000000
0.000000
0.000000
0.000000
0.000020
0.000010
0.000110
0.000000
0.000070
0.000000
0.000000
0.000000
0.000020
0.000020
0.000000
0.000010
0.000000
0.000040
0.000000
0.000000
0.000000
0.000000
0.000000
0.000010
0.000030
0.000000
0.000000
0.000000
0.000000
0.000000
0.000270
0.000000
0.000400
0.000000
0.000030
0.000050
0.000000
0.000230
0.000000
0.000000
0.000000
0.000000
0.000030
0.000000
0.000000
0.000000
0.043820
0.000000
0.000000
0.000000
0.000140
0.006440
0.000110
0.000060
0.000000
0.000000
0.000150
0.000000
0.000000
0.000000
0.000010
0.000000
0.000010
0.000700
0.000000
0.000000
0.000000
0.000040
0.000000
0.000000
0.000000
0.000000
0.000000
0.000000
0.000000
0.000000
0.000000
0.000050
0.000000
0.000000
0.000000
0.000010
0.000010
0.000000
0.000000
0.001420
0.000000
0.000000
0.000000
0.000000
0.000000
0.000020
0.000020
0.000060
0.000100
0.000000
0.000020
0.000000
0.000000
0.000010
0.000000
0.000000
0.000000
0.000040
0.000000
0.000000
0.000000
0.000000
0.000000
0.000000
0.000000
0.000000
0.000000
0.000000
0.000000
0.000000
0.000000
0.000000
0.000000
0.000000
0.000000
0.000000
0.000000
0.000010
0.000030
0.653190
0.000000
0.000000
0.000460
0.000000
0.000000
0.000000
0.000000
0.000000
0.000000
0.000000
0.000020
0.000120
0.000000
0.000000
0.000000
0.000000
0.000000
0.000000
0.000000
0.000000
0.000000
0.002120
0.000000
0.000000
0.000000
0.000000
0.058960
0.000000
0.004980
0.000000
0.000000
0.000000
0.000000
0.000000
0.000000
0.008260
0.000000
0.000000
0.014250
0.000000
0.000000
0.000000
0.000000
0.000000
0.000000
0.000000
0.000000
0.000000
0.000120
0.000000
0.000000
0.000000
0.000000
0.000000
0.000000
0.000000
0.000000
0.000000
0.000000
0.000200
0.000000
0.000010
0.000000
0.000000
0.000000
0.000000
0.000000
0.000000
0.000000
0.000070
0.000000
0.000070
0.000000
0.000030
0.000000
0.000000
0.000000
0.000000
0.000000
0.000000
0.000000
0.000000
0.000000
0.000000
0.000000
0.002080
0.000000
0.000000
0.000060
0.000010
0.000000
0.000000
0.000000
0.000000
0.006800
0.000000
0.000000
0.000000
0.000000
0.000000
0.000000
0.000090
0.000000
0.000000
0.000000
0.000000
0.000000
0.000000
0.000000
0.000000
0.000000
0.000000
0.000180
0.000000
0.003520
0.000000
0.000000
0.000000
0.000000
0.000000
0.000020
0.000000
0.000000
0.000000
0.000000
0.000160
0.000000
0.000000
0.000190
0.000000
0.000000
0.000000
0.000000
0.000000
0.000000
0.000000
0.000000
0.000000
0.000000
0.000000
0.000000
0.000000
0.000000
0.000040
0.000000
0.000000
0.000000
0.000000
0.000010
0.000310
0.000000
0.000000
0.000020
0.000000
0.000000
0.000000
0.000000
0.000180
0.000000
0.000000
0.000000
0.000000
0.000000
0.000000
0.000000
0.044300
0.000000
0.000000
0.000000
0.000200
0.007150
0.000000
0.000000
0.000000
0.000000
0.000140
0.000000
0.000000
0.000000
0.000000
0.000000
0.000000
0.000710
0.000020
0.000000
0.000000
0.000040
0.000000
0.000000
0.000000
0.000000
0.000020
0.000000
0.000000
0.000000
0.000000
0.000000
0.000040
0.000000
0.000000
0.000000
0.000000
0.000000
0.000000
0.001420
0.000000
0.000000
0.000000
0.000010
0.000000
0.000050
0.000050
0.000130
0.000120
0.000000
0.000000
0.000020
0.000000
0.000000
0.000000
0.000000
0.000000
0.000020
0.000000
0.000000
0.000000
0.000000
0.000000
0.000000
0.000000
0.000000
0.000000
0.000000
0.000000
0.000000
0.000000
0.000000
0.000000
0.000000
0.000000
0.000000
0.000000
0.000000
0.000000
0.665370
0.000000
0.000000
0.000000
0.000000
0.000000
0.000000
0.000000
0.000000
0.000000
0.000000
0.000030
0.000140
0.000000
0.000000
0.000000
0.000000
0.000000
0.000000
0.000000
0.000000
0.000000
0.000000
0.000020
0.000000
0.000160
0.054700
0.001800
0.004630
0.000280
0.000000
0.000000
0.002780
0.000000
0.000000
0.000000
0.025210
0.000000
0.000000
0.002200
0.000000
0.000000
0.000000
0.000000
0.000000
0.000010
0.000000
0.000060
0.000080
0.000000
0.000000
0.000000
0.000000
0.000000
0.000000
0.000000
0.000000
0.000000
0.000000
0.000200
0.000000
0.000000
0.000000
0.000000
0.000000
0.000000
0.000000
0.000000
0.000010
0.000060
0.000000
0.000000
0.000000
0.000010
0.000010
0.000000
0.000000
0.000000
0.000000
0.000000
0.000000
0.000000
0.000000
0.000170
0.000010
0.001820
0.000000
0.000000
0.000000
0.000000
0.000010
0.000000
0.000000
0.000000
0.008400
0.000010
0.000000
0.000000
0.000000
0.000000
0.000330
0.000070
0.000000
0.000000
0.000000
0.000000
0.000000
0.000000
0.000000
0.000000
0.000000
0.000020
0.000040
0.000040
0.002310
0.000000
0.000010
0.000000
0.000030
0.000000
0.000020
0.000000
0.000000
0.000010
0.000000
0.000130
0.000000
0.000000
0.000160
0.000000
0.000000
0.000000
0.000000
0.000010
0.000000
0.000000
0.000000
0.000000
0.000000
0.000000
0.000000
0.000000
0.000000
0.000000
0.000010
0.000000
0.000000
0.000000
0.000000
0.000190
0.000000
0.000010
0.000000
0.000000
0.000000
0.000010
0.000020
0.000000
0.000010
0.000000
0.000000
0.000000
0.000110
0.000010
0.000000
0.041960
0.000010
0.000000
0.000000
0.000000
0.006180
0.000010
0.000000
0.000000
0.000000
0.000000
0.000000
0.000000
0.000000
0.000000
0.000000
0.000910
0.000000
0.000020
0.000000
0.000000
0.000000
0.000000
0.000000
0.000000
0.000020
0.000000
0.000010
0.000000
0.000000
0.000000
0.000080
0.000040
0.000010
0.000000
0.000000
0.000000
0.000780
0.000030
0.000000
0.000000
0.000000
0.000000
0.000000
0.000000
0.000040
0.000050
0.000100
0.000090
0.000000
0.000010
0.000020
0.000030
0.000000
0.000050
0.000000
0.000000
0.000000
0.000000
0.000010
0.000000
0.000000
0.000000
0.000000
0.000000
0.000000
0.000000
0.000000
0.000000
0.000000
0.000000
0.000000
0.000000
0.000000
0.000110
0.000000
0.000000
0.000000
0.000000
0.656820
0.000030
0.000000
0.000000
0.000000
0.000000
0.000000
0.000000
0.000000
0.000000
0.000000
0.000000
0.000150
0.000000
0.000000
0.000000
0.000000
0.000000
0.000000
0.000000
0.000000
0.000000
0.000000
0.000000
0.000190
0.000000
0.000000
0.000000
0.000000
0.000000
0.001440
0.003580
0.000000
0.001880
0.000520
0.041400
0.000000
0.000510
0.004620
0.000000
0.000110
0.000030
0.000010
0.000020
0.000060
0.000000
0.000100
0.000000
0.000000
0.000000
0.000000
0.000000
0.000000
0.000000
0.000000
0.000000
0.000000
0.000000
0.000240
0.000000
0.000000
0.000000
0.000000
0.000000
0.000000
0.000000
0.000000
0.000030
0.000000
0.000000
0.000000
0.000010
0.000000
0.000000
0.000000
0.000000
0.000010
0.000030
0.000000
0.000010
0.000000
0.000000
0.000380
0.000000
0.000000
0.000000
0.000000
0.000000
0.000000
0.000000
0.000000
0.000010
0.000000
0.009490
0.000000
0.000000
0.000000
0.000020
0.000000
0.000410
0.000000
0.000000
0.000000
0.000010
0.000000
0.000010
0.000000
0.000000
0.000000
0.000000
0.000050
0.000000
0.000000
0.000000
0.000000
0.000000
0.000000
0.000040
0.000000
0.000000
0.000000
0.000000
0.000040
0.000000
0.000000
0.000000
0.000000
0.000000
0.000000
0.000000
0.000000
0.000000
0.000010
0.000000
0.000000
0.000000
0.000000
0.000010
0.000000
0.000020
0.000000
0.000000
0.000070
0.000000
0.000000
0.000000
0.000000
0.000000
0.000110
0.000000
0.000000
0.000000
0.000000
0.000000
0.000010
0.000000
0.000000
0.000010
0.000000
0.000020
0.000010
0.000180
0.000000
0.000000
0.038720
0.000000
0.000000
0.000000
0.000270
0.003220
0.000000
0.000000
0.000000
0.000000
0.000000
0.000000
0.000000
0.000000
0.000000
0.000000
0.001090
0.000000
0.000010
0.000000
0.000000
0.000010
0.000010
0.000000
0.000000
0.000020
0.000000
0.000000
0.000000
0.000000
0.000000
0.000180
0.000000
0.000000
0.000000
0.000010
0.000000
0.001490
0.000000
0.000000
0.000000
0.000000
0.000000
0.000010
0.000000
0.000000
0.000000
0.000000
0.000000
0.000000
0.000000
0.000000
0.000000
0.000000
0.000120
0.000000
0.000000
0.000000
0.000000
0.000000
0.000000
0.000000
0.000000
0.000000
0.000000
0.000000
0.000000
0.000000
0.000000
0.000000
0.000000
0.000000
0.000020
0.000090
0.000240
0.000000
0.000000
0.000120
0.000470
0.652850
0.000000
0.000000
0.000000
0.000010
0.000000
0.000000
0.000000
0.000000
0.000010
0.000000
0.000090
0.000100
0.000000
0.000000
0.000000
0.000000
0.000000
0.000000
0.000020
0.000000
0.000000
0.000000
0.000000
0.000000
0.000000
0.000000
0.000000
0.000000
0.000000
0.000000
0.000000
0.000000
0.000000
0.046980
0.000800
0.000000
0.003090
0.001420
0.000000
0.000000
0.000000
0.000150
0.000060
0.000000
0.000000
0.000000
0.000000
0.000000
0.000000
0.000000
0.000000
0.000000
0.000010
0.000000
0.000000
0.000000
0.000300
0.000000
0.000000
0.000000
0.000000
0.000000
0.000010
0.000000
0.000000
0.000000
0.000000
0.000000
0.000000
0.000000
0.000010
0.000000
0.000000
0.000000
0.000000
0.000030
0.000000
0.000000
0.000000
0.000000
0.000310
0.000000
0.000000
0.000000
0.000000
0.000000
0.000000
0.000000
0.000000
0.000000
0.000000
0.009490
0.000000
0.000000
0.000000
0.000020
0.000060
0.000000
0.000000
0.000000
0.000000
0.000000
0.000000
0.000030
0.000000
0.000000
0.000000
0.000010
0.000000
0.000000
0.000000
0.000000
0.000000
0.000000
0.000000
0.000000
0.000000
0.000000
0.000010
0.000000
0.000000
0.000000
0.000000
0.000000
0.000000
0.000000
0.000000
0.000000
0.000000
0.000000
0.000000
0.000000
0.000000
0.000000
0.000000
0.000000
0.000010
0.000000
0.000000
0.000120
0.000060
0.000000
0.000110
0.000000
0.000000
0.000030
0.000000
0.000010
0.000000
0.000000
0.000000
0.000000
0.000000
0.000000
0.000000
0.000000
0.000020
0.000000
0.000000
0.000000
0.000000
0.000000
0.000000
0.000000
0.000000
0.000000
0.000000
0.000000
0.000420
0.000000
0.000000
0.000000
0.000000
0.000000
0.000010
0.000000
0.000000
0.000000
0.001110
0.000000
0.000000
0.000000
0.000000
0.000000
0.000000
0.000030
0.000000
0.000000
0.000000
0.000000
0.000000
0.000000
0.000000
0.000150
0.000000
0.000000
0.000000
0.000000
0.000000
0.001430
0.000000
0.000000
0.000000
0.000000
0.000000
0.000000
0.000000
0.000090
0.000000
0.000000
0.000000
0.000000
0.000000
0.000000
0.000000
0.000000
0.000000
0.000000
0.000000
0.000000
0.000000
0.000010
0.000000
0.000000
0.000230
0.000000
0.000000
0.000000
0.000000
0.000000
0.000000
0.000000
0.000000
0.000000
0.000000
0.000000
0.000000
0.000000
0.000000
0.000000
0.005990
0.539120
0.000000
0.000000
0.000000
0.000000
0.000000
0.000000
0.000000
0.000000
0.000010
0.000000
0.000140
0.000000
0.000000
0.000000
0.000000
0.000000
0.000000
0.000000
0.000010
0.000000
0.000000
0.000000
0.000000
0.000000
0.000000
0.000000
0.000000
0.000000
0.000000
0.009900
0.003750
0.000000
0.046430
0.000660
0.004830
0.000000
0.000550
0.027740
0.000000
0.000080
0.000170
0.000040
0.000010
0.001830
0.000000
0.001150
0.000000
0.000000
0.000000
0.000000
0.000000
0.000000
0.000000
0.000020
0.000000
0.000320
0.000000
0.000010
0.000000
0.000000
0.000000
0.000000
0.000000
0.000000
0.000000
0.000000
0.000060
0.000000
0.000000
0.000000
0.000000
0.000000
0.000000
0.000000
0.000010
0.000000
0.000020
0.000000
0.000050
0.000000
0.000030
0.004580
0.000000
0.000000
0.000000
0.000000
0.000000
0.000000
0.000000
0.000000
0.008900
0.000030
0.000150
0.000000
0.000000
0.000070
0.000600
0.000000
0.000370
0.000000
0.000000
0.000000
0.000050
0.000000
0.000010
0.000000
0.000000
0.000030
0.000000
0.000090
0.000000
0.000000
0.000000
0.000000
0.000000
0.000000
0.000150
0.000000
0.000000
0.000000
0.000000
0.000100
0.000000
0.000000
0.000000
0.000000
0.000000
0.000000
0.000000
0.000000
0.000000
0.000030
0.000000
0.000000
0.000000
0.000000
0.000010
0.000000
0.000230
0.000040
0.000000
0.000170
0.000000
0.000000
0.000000
0.000000
0.000000
0.000010
0.000000
0.000000
0.000000
0.000000
0.000000
0.000030
0.000000
0.000000
0.000000
0.000000
0.000460
0.001860
0.005050
0.000000
0.000000
0.000180
0.000000
0.000000
0.000000
0.001470
0.000010
0.000000
0.000000
0.000000
0.000000
0.000000
0.000000
0.000000
0.000000
0.001060
0.000000
0.000020
0.000000
0.000000
0.000000
0.000000
0.000040
0.000000
0.000000
0.000000
0.000010
0.000000
0.000000
0.000000
0.000050
0.000040
0.000080
0.000000
0.000000
0.000000
0.001290
0.000000
0.000090
0.000000
0.000000
0.000000
0.000000
0.000000
0.000090
0.000000
0.000000
0.000000
0.000000
0.000000
0.000000
0.000000
0.000000
0.000000
0.000000
0.000090
0.000000
0.000000
0.000000
0.000020
0.000000
0.000000
0.000130
0.000000
0.000000
0.000000
0.000000
0.000000
0.000000
0.000000
0.000000
0.000000
0.000000
0.004830
0.004480
0.009270
0.000000
0.000000
0.294870
0.038820
0.006180
0.000000
0.000000
0.000000
0.000000
0.000000
0.000000
0.000010
0.000000
0.000150
0.000010
0.000040
0.000010
0.000000
0.000000
0.000000
0.000000
0.000010
0.000010
0.000000
0.000000
0.000000
0.000000
0.000000
0.000000
0.000000
0.000000
0.000000
0.000000
0.000000
0.000000
0.000000
0.005120
0.000700
0.000000
0.037460
0.000270
0.000000
0.000000
0.000000
0.000000
0.001270
0.000000
0.000000
0.000000
0.000000
0.000000
0.000000
0.000000
0.000000
0.000000
0.000030
0.000000
0.000000
0.000000
0.000010
0.000000
0.000000
0.000000
0.000030
0.000000
0.000010
0.000000
0.000000
0.000000
0.000000
0.000000
0.000000
0.000000
0.000000
0.000000
0.000000
0.000000
0.000010
0.000020
0.000000
0.000000
0.000000
0.000000
0.004210
0.000000
0.000000
0.000000
0.000000
0.000000
0.000000
0.000010
0.000000
0.000000
0.000000
0.000120
0.000000
0.000000
0.000000
0.000760
0.000230
0.000000
0.000000
0.000000
0.000000
0.000000
0.000000
0.000000
0.000000
0.000000
0.000000
0.000060
0.000000
0.000000
0.000000
0.000000
0.000000
0.000000
0.000000
0.000000
0.000000
0.000000
0.000040
0.000000
0.000000
0.000000
0.000000
0.000000
0.000000
0.000000
0.000000
0.000000
0.000000
0.000000
0.000000
0.000000
0.000000
0.000000
0.000010
0.000000
0.000090
0.000000
0.000000
0.000000
0.000110
0.000000
0.000000
0.000000
0.000000
0.000050
0.000000
0.000050
0.000000
0.000000
0.000000
0.000010
0.000000
0.000000
0.000000
0.000000
0.000080
0.000000
0.000000
0.000000
0.000000
0.000000
0.000000
0.000000
0.000000
0.000000
0.000000
0.000000
0.000010
0.000000
0.000000
0.000000
0.000000
0.000000
0.000000
0.000000
0.000000
0.000000
0.000020
0.000000
0.000000
0.000000
0.000000
0.000000
0.000000
0.000000
0.000000
0.000000
0.000000
0.000000
0.000030
0.000000
0.000080
0.000050
0.000000
0.000000
0.000000
0.000000
0.000000
0.000050
0.000000
0.000000
0.000000
0.000040
0.000000
0.000000
0.000000
0.000000
0.000000
0.000000
0.000000
0.000000
0.000000
0.000000
0.000000
0.000000
0.000000
0.000000
0.000000
0.000000
0.000000
0.000050
0.000000
0.000000
0.005840
0.000000
0.000000
0.000000
0.000000
0.000000
0.000000
0.000000
0.000000
0.000000
0.000000
0.000000
0.000000
0.000000
0.000000
0.000000
0.111690
0.010680
0.000000
0.000000
0.000000
0.000000
0.000000
0.000000
0.000000
0.000000
0.000080
0.000000
0.000040
0.000000
0.000000
0.000000
0.000000
0.000000
0.000000
0.000000
0.000000
0.000000
0.000000
0.000000
0.000000
0.000000
0.000000
0.000360
0.001650
0.000000
0.000000
0.003230
0.000000
0.000000
0.000000
0.040010
0.000000
0.000000
0.000150
0.000000
0.000000
0.000000
0.000000
0.000000
0.000390
0.000000
0.000010
0.000020
0.000010
0.000000
0.000000
0.000040
0.000000
0.000000
0.000020
0.000000
0.000000
0.000000
0.000030
0.000030
0.000000
0.000010
0.000000
0.000090
0.000090
0.000030
0.000000
0.000000
0.000000
0.000000
0.000000
0.000010
0.000000
0.000020
0.000000
0.000000
0.000000
0.000000
0.000000
0.001940
0.000000
0.000000
0.000000
0.000000
0.000000
0.000000
0.000010
0.000000
0.000000
0.000040
0.000000
0.000000
0.000000
0.000500
0.000670
0.000000
0.000000
0.000100
0.000000
0.000000
0.000000
0.000000
0.000000
0.000000
0.000000
0.000170
0.000040
0.000000
0.000010
0.000000
0.000000
0.000020
0.000000
0.000030
0.000020
0.000000
0.000000
0.000040
0.000000
0.000130
0.000000
0.000000
0.000000
0.000010
0.000010
0.000000
0.000010
0.000010
0.000000
0.000000
0.000000
0.000000
0.000000
0.000000
0.000000
0.000090
0.000000
0.000090
0.000000
0.000000
0.000000
0.000000
0.000000
0.000010
0.000050
0.000000
0.000080
0.000000
0.000000
0.000010
0.000010
0.000000
0.000020
0.000000
0.000020
0.000070
0.000000
0.000230
0.000000
0.000000
0.000000
0.000270
0.000290
0.000000
0.000180
0.000120
0.000030
0.000000
0.000000
0.000000
0.000000
0.000000
0.000010
0.000000
0.000000
0.000190
0.000140
0.000000
0.000000
0.000000
0.000010
0.000000
0.000000
0.000000
0.000000
0.000000
0.000020
0.000010
0.000000
0.000030
0.000000
0.000090
0.000000
0.000000
0.000000
0.000010
0.000060
0.000020
0.000000
0.000000
0.000000
0.000000
0.000040
0.000000
0.000010
0.000000
0.000000
0.000000
0.000000
0.000000
0.000000
0.000020
0.000020
0.000010
0.000010
0.000030
0.000030
0.000000
0.000020
0.000030
0.000060
0.000000
0.000120
0.007100
0.000000
0.000000
0.000000
0.000000
0.000000
0.000000
0.000000
0.000000
0.000000
0.000010
0.006580
0.000000
0.000000
0.000000
0.075620
0.111910
0.000000
0.000000
0.000000
0.000020
0.000000
0.000020
0.000000
0.000000
0.000010
0.000000
0.000000
0.000000
0.000000
0.000000
0.000000
0.000010
0.000000
0.000000
0.000000
0.000000
0.000000
0.000000
0.000000
0.000000
0.000000
0.000000
0.000000
0.000000
0.000000
0.000000
0.000000
0.000000
0.000100
0.041450
0.000000
0.000040
0.000360
0.000000
0.000000
0.000000
0.000040
0.002930
0.000000
0.000000
0.000000
0.000000
0.000000
0.000000
0.000000
0.000000
0.000000
0.000000
0.000030
0.000000
0.000000
0.000000
0.000040
0.000000
0.000000
0.000010
0.000000
0.000120
0.000000
0.000000
0.000000
0.000000
0.000000
0.000000
0.000000
0.000000
0.000000
0.000000
0.000000
0.000000
0.000040
0.000000
0.000000
0.000000
0.000000
0.000010
0.000000
0.000000
0.000000
0.000000
0.000000
0.000000
0.000000
0.000000
0.000000
0.000000
0.000000
0.000000
0.000000
0.000000
0.000070
0.000190
0.000000
0.000000
0.000000
0.000000
0.000000
0.000000
0.000000
0.000190
0.000000
0.000000
0.000000
0.000000
0.000000
0.000000
0.000000
0.000000
0.000000
0.000000
0.000000
0.000000
0.000000
0.000120
0.000000
0.000000
0.000000
0.000000
0.000000
0.000000
0.000000
0.000000
0.000000
0.000000
0.000000
0.000000
0.000000
0.000000
0.000000
0.000060
0.000000
0.000090
0.000000
0.000000
0.000010
0.000020
0.000000
0.000010
0.000000
0.000000
0.000080
0.000000
0.000010
0.000000
0.000000
0.000000
0.000020
0.000000
0.000000
0.000000
0.000000
0.000100
0.000000
0.000000
0.000000
0.000000
0.000000
0.000000
0.000000
0.000000
0.000000
0.000000
0.000000
0.000000
0.000000
0.000000
0.000000
0.000000
0.000000
0.000140
0.000000
0.000000
0.000000
0.000000
0.000000
0.000000
0.000000
0.000000
0.000000
0.000000
0.000000
0.000000
0.000000
0.000000
0.000000
0.000050
0.000000
0.000060
0.000080
0.000000
0.000000
0.000000
0.000000
0.000000
0.000000
0.000000
0.000000
0.000000
0.000020
0.000000
0.000000
0.000000
0.000000
0.000000
0.000000
0.000000
0.000000
0.000000
0.000000
0.000000
0.000000
0.000000
0.000000
0.000000
0.000000
0.000000
0.000050
0.000000
0.000000
0.002150
0.000000
0.000000
0.000000
0.000000
0.000000
0.000000
0.000000
0.000000
0.000000
0.000000
0.000000
0.000000
0.000000
0.000000
0.000000
0.008000
0.001810
0.000000
0.000000
0.000000
0.000000
0.000000
0.000000
0.000000
0.000000
0.000000
0.000000
0.000000
0.000000
0.000000
0.000000
0.000000
0.000000
0.000000
0.000000
0.000000
0.000000
0.000000
0.000000
0.000000
0.000000
0.000000
0.000000
0.000000
0.000000
0.000000
0.042550
0.000090
0.000000
0.000270
0.000050
0.000000
0.000000
0.000000
0.005130
0.000140
0.000000
0.000000
0.000000
0.000000
0.000000
0.000000
0.000000
0.000000
0.000000
0.000040
0.000170
0.000000
0.000000
0.000050
0.000020
0.000000
0.000000
0.000010
0.000000
0.000000
0.000000
0.000000
0.000000
0.000000
0.000000
0.000000
0.000000
0.000020
0.000000
0.000000
0.000000
0.000020
0.000060
0.000000
0.000000
0.000000
0.000000
0.000010
0.000000
0.000000
0.000000
0.000000
0.000000
0.000000
0.000000
0.000000
0.000000
0.000000
0.000030
0.000000
0.000000
0.000000
0.000200
0.000030
0.000000
0.000000
0.000000
0.000000
0.000000
0.000000
0.000240
0.000010
0.000000
0.000000
0.000020
0.000000
0.000000
0.000000
0.000000
0.000000
0.000000
0.000000
0.000000
0.000000
0.000000
0.000030
0.000000
0.000000
0.000000
0.000000
0.000000
0.000000
0.000000
0.000000
0.000000
0.000000
0.000000
0.000000
0.000000
0.000000
0.000000
0.000040
0.000000
0.000020
0.000000
0.000000
0.000050
0.000000
0.000000
0.000060
0.000000
0.000000
0.000020
0.000000
0.000000
0.000000
0.000000
0.000000
0.000030
0.000000
0.000000
0.000000
0.000000
0.000430
0.000000
0.000000
0.000000
0.000000
0.000000
0.000000
0.000000
0.000000
0.000000
0.000000
0.000000
0.000040
0.000000
0.000000
0.000000
0.000000
0.000000
0.000330
0.000000
0.000000
0.000000
0.000000
0.000000
0.000000
0.000000
0.000000
0.000000
0.000000
0.000010
0.000000
0.000000
0.000000
0.000000
0.000000
0.000000
0.000110
0.000050
0.000000
0.000000
0.000000
0.000000
0.000000
0.000000
0.000000
0.000000
0.000000
0.000000
0.000000
0.000000
0.000000
0.000000
0.000000
0.000000
0.000000
0.000000
0.000000
0.000000
0.000000
0.000000
0.000000
0.000000
0.000000
0.000000
0.000000
0.000020
0.000000
0.000000
0.007440
0.000000
0.000000
0.000000
0.000000
0.000000
0.000000
0.000000
0.000000
0.000000
0.000000
0.000000
0.000000
0.000000
0.000000
0.000000
0.004570
0.001110
0.000000
0.000000
0.000000
0.000000
0.000000
0.000000
0.000000
0.000000
0.000030
0.000000
0.000070
0.000000
0.000000
0.000000
0.000000
0.000000
0.000000
0.000000
0.000000
0.000000
0.000000
0.000000
0.000000
0.000000
0.000000
0.000850
0.000000
0.037370
0.000070
0.001200
0.000000
0.000020
0.000310
0.000000
0.000070
0.005770
0.000140
0.000250
0.000550
0.000000
0.000070
0.000000
0.000000
0.000000
0.000000
0.000030
0.000000
0.000140
0.000030
0.000000
0.000050
0.000010
0.000330
0.000000
0.000000
0.000000
0.000000
0.000060
0.000000
0.000000
0.000000
0.000020
0.000000
0.000000
0.000000
0.000010
0.000000
0.000000
0.000000
0.000040
0.000030
0.017980
0.000210
0.000030
0.000000
0.000000
0.000010
0.000000
0.000000
0.000000
0.000000
0.000000
0.000000
0.000000
0.000000
0.000030
0.000020
0.037310
0.000000
0.000000
0.000000
0.000000
0.000000
0.000000
0.000000
0.000000
0.000000
0.000200
0.000000
0.000250
0.000000
0.000000
0.000000
0.000000
0.000000
0.000000
0.000000
0.000000
0.000000
0.000000
0.000000
0.000030
0.000000
0.000000
0.000000
0.000000
0.000010
0.000000
0.000000
0.000000
0.000000
0.000000
0.000000
0.000000
0.000000
0.000000
0.000050
0.000000
0.000000
0.000000
0.000000
0.000000
0.000000
0.000060
0.000000
0.000010
0.000060
0.000000
0.000000
0.000000
0.000000
0.000000
0.000000
0.000000
0.000000
0.000000
0.000000
0.000000
0.000080
0.000000
0.000000
0.000040
0.000000
0.000040
0.000190
0.000130
0.000000
0.000000
0.000030
0.000000
0.000000
0.000000
0.000040
0.000000
0.000000
0.000000
0.000000
0.000000
0.000000
0.000020
0.000000
0.000000
0.000000
0.000000
0.000110
0.000000
0.000020
0.000000
0.000000
0.000010
0.000000
0.000000
0.000000
0.000100
0.000000
0.000040
0.000000
0.000050
0.000030
0.000630
0.000000
0.000000
0.000000
0.000010
0.000000
0.000310
0.000000
0.000000
0.000000
0.000000
0.000000
0.000000
0.000000
0.000000
0.000000
0.000000
0.000000
0.000000
0.000000
0.000000
0.000000
0.000000
0.000170
0.000000
0.000000
0.000000
0.000090
0.000000
0.000000
0.009760
0.000000
0.000000
0.000000
0.000000
0.000000
0.000000
0.000000
0.000000
0.000000
0.000000
0.088010
0.099730
0.090480
0.000000
0.000000
0.002600
0.001600
0.000770
0.000000
0.000000
0.000000
0.000010
0.000020
0.000000
0.000040
0.000000
0.000080
0.000000
0.000000
0.000000
0.000000
0.000000
0.000000
0.000000
0.000000
0.000000
0.000000
0.000000
0.000000
0.000000
0.000000
0.000000
0.000000
0.000000
0.001510
0.000090
0.000000
0.000320
0.001850
0.000000
0.000000
0.000000
0.000380
0.000360
0.000000
0.000000
0.000000
0.000000
0.000000
0.000000
0.000000
0.000000
0.000000
0.000050
0.000020
0.000000
0.000000
0.000420
0.000000
0.000000
0.000000
0.000030
0.000000
0.000020
0.000000
0.000000
0.000000
0.000000
0.000000
0.000000
0.000000
0.000010
0.000000
0.000000
0.000000
0.000030
0.018610
0.000000
0.000000
0.000000
0.000000
0.000010
0.000000
0.000000
0.000000
0.000000
0.000000
0.000000
0.000000
0.000000
0.000000
0.000000
0.037610
0.000000
0.000000
0.000000
0.000000
0.000010
0.000000
0.000000
0.000000
0.000000
0.000000
0.000000
0.000320
0.000000
0.000000
0.000000
0.000000
0.000000
0.000000
0.000000
0.000000
0.000000
0.000000
0.000000
0.000000
0.000000
0.000000
0.000000
0.000000
0.000000
0.000000
0.000000
0.000000
0.000000
0.000000
0.000000
0.000000
0.000000
0.000000
0.000000
0.000000
0.000000
0.000000
0.000000
0.000000
0.000010
0.000000
0.000000
0.000010
0.000060
0.000000
0.000000
0.000000
0.000000
0.000000
0.000000
0.000000
0.000000
0.000000
0.000000
0.000000
0.000000
0.000000
0.000000
0.000000
0.000040
0.000000
0.000000
0.000000
0.000000
0.000000
0.000000
0.000000
0.000000
0.000000
0.000000
0.000000
0.000070
0.000000
0.000000
0.000000
0.000000
0.000000
0.000020
0.000000
0.000000
0.000000
0.000130
0.000000
0.000000
0.000000
0.000000
0.000000
0.000000
0.000490
0.000000
0.000000
0.000000
0.000000
0.000050
0.000000
0.000030
0.000610
0.000000
0.000000
0.000000
0.000000
0.000000
0.000310
0.000000
0.000000
0.000000
0.000000
0.000000
0.000000
0.000000
0.000020
0.000000
0.000000
0.000000
0.000000
0.000000
0.000000
0.000000
0.000000
0.000000
0.000000
0.000000
0.000000
0.000000
0.000010
0.000000
0.000000
0.032170
0.000000
0.000000
0.000000
0.000000
0.000000
0.000000
0.000000
0.000000
0.000000
0.000000
0.000000
0.000000
0.000000
0.000000
0.000000
0.003070
0.001440
0.000000
0.000000
0.000000
0.000000
0.000000
0.000000
0.000000
0.000000
0.000080
0.000000
0.000000
0.000000
0.000000
0.000000
0.000000
0.000000
0.000000
0.000000
0.000000
0.000000
0.000000
0.000000
0.000000
0.000000
0.000000
0.001750
0.000060
0.000090
0.000000
0.002970
0.000410
0.000000
0.008560
0.000370
0.000030
0.000000
0.000010
0.000000
0.000020
0.000000
0.000000
0.000000
0.000000
0.002460
0.000000
0.000010
0.000000
0.000000
0.000510
0.000000
0.000000
0.000000
0.000000
0.003430
0.000000
0.000070
0.000000
0.000000
0.000000
0.000080
0.000000
0.000000
0.000000
0.000010
0.000000
0.000000
0.000000
0.019310
0.000010
0.000080
0.000040
0.000010
0.000000
0.000000
0.000000
0.000000
0.000000
0.000000
0.000000
0.000000
0.000000
0.000000
0.000000
0.038710
0.000000
0.000000
0.000000
0.000000
0.000030
0.000000
0.000000
0.000060
0.000000
0.000000
0.000000
0.000410
0.000010
0.000000
0.000000
0.000000
0.000010
0.000000
0.000010
0.000000
0.000000
0.000000
0.000000
0.000000
0.000000
0.000030
0.000000
0.000000
0.000000
0.000000
0.000190
0.000000
0.000000
0.000000
0.000000
0.000000
0.000000
0.000000
0.000040
0.000000
0.000000
0.000000
0.000000
0.000000
0.000000
0.000010
0.000000
0.000010
0.000020
0.000000
0.000000
0.000000
0.000000
0.000000
0.000000
0.000000
0.000000
0.000000
0.000000
0.000000
0.000010
0.000000
0.000130
0.000000
0.000000
0.000010
0.000000
0.000130
0.000020
0.000040
0.000000
0.000000
0.000010
0.000000
0.000000
0.000000
0.000080
0.000000
0.000000
0.000000
0.000000
0.000000
0.000000
0.000000
0.000000
0.000000
0.000120
0.000000
0.000000
0.000000
0.000010
0.000000
0.000000
0.000710
0.000000
0.000000
0.000000
0.000850
0.000000
0.000010
0.000000
0.000500
0.000000
0.000010
0.000000
0.000000
0.000000
0.000310
0.000000
0.000000
0.000000
0.000000
0.000000
0.000000
0.000000
0.000020
0.000000
0.000000
0.000000
0.000000
0.000000
0.000000
0.000000
0.000000
0.000000
0.000000
0.000980
0.000000
0.000000
0.000000
0.000360
0.000000
0.000000
0.126110
0.000000
0.000000
0.000000
0.000000
0.000000
0.000000
0.000000
0.000000
0.000000
0.000000
0.092370
0.036220
0.010040
0.000000
0.000000
0.001380
0.000230
0.000020
0.000000
0.000000
0.000000
0.000020
0.000010
0.000000
0.000070
0.000000
0.000000
0.000000
0.000000
0.000000
0.000000
0.000000
0.000000
0.000000
0.000000
0.000000
0.000000
0.000000
0.000000
0.000000
0.000000
0.000000
0.000000
0.000000
0.003220
0.000000
0.000000
0.009020
0.000000
0.000000
0.000000
0.000000
0.000000
0.000000
0.000000
0.000000
0.000000
0.000000
0.002470
0.000000
0.000000
0.000000
0.000000
0.000460
0.000000
0.000000
0.000000
0.000000
0.004080
0.000000
0.000070
0.000000
0.000000
0.000000
0.000080
0.000000
0.000000
0.000000
0.000010
0.000000
0.000030
0.000000
0.020080
0.000000
0.000000
0.000000
0.000000
0.000000
0.000000
0.000000
0.000000
0.000000
0.000000
0.000000
0.000010
0.000000
0.000000
0.000000
0.038620
0.000000
0.000000
0.000000
0.000000
0.000040
0.000000
0.000000
0.000060
0.000000
0.000000
0.000000
0.000340
0.000000
0.000000
0.000000
0.000000
0.000000
0.000000
0.000010
0.000000
0.000000
0.000000
0.000000
0.000000
0.000030
0.000000
0.000000
0.000000
0.000000
0.000000
0.000180
0.000000
0.000000
0.000000
0.000000
0.000000
0.000000
0.000000
0.000030
0.000000
0.000000
0.000000
0.000000
0.000000
0.000000
0.000000
0.000000
0.000000
0.000000
0.000000
0.000000
0.000000
0.000000
0.000000
0.000000
0.000000
0.000000
0.000000
0.000000
0.000130
0.000000
0.000000
0.000120
0.000000
0.000000
0.000000
0.000000
0.000120
0.000000
0.000000
0.000000
0.000000
0.000000
0.000000
0.000000
0.000010
0.000000
0.000000
0.000000
0.000020
0.001690
0.000000
0.000000
0.000000
0.000000
0.000010
0.000000
0.000000
0.000000
0.000000
0.000000
0.000000
0.000000
0.000700
0.000000
0.000000
0.000000
0.000860
0.000000
0.000000
0.000000
0.000450
0.000000
0.000000
0.000000
0.000000
0.000000
0.000290
0.000000
0.000000
0.000000
0.000000
0.000000
0.000000
0.000000
0.000000
0.000000
0.000000
0.000000
0.000000
0.000000
0.000050
0.000110
0.000320
0.000000
0.000000
0.000930
0.000000
0.000000
0.000000
0.000320
0.000000
0.009060
0.000000
0.000000
0.000000
0.000000
0.000000
0.000000
0.000000
0.000000
0.000000
0.000000
0.000000
0.000000
0.000000
0.000000
0.000000
0.000000
0.000000
0.000000
0.000000
0.000000
0.000000
0.000060
0.000000
0.000000
0.000000
0.000000
0.000000
0.000000
0.000000
0.000000
0.000000
0.000000
0.000000
0.000000
0.000000
0.000000
0.000000
0.000000
0.000000
0.000000
0.000000
0.000000
0.000000
0.000000
0.000000
0.001280
0.000000
0.000000
0.001830
0.000000
0.000000
0.000000
0.000000
0.000000
0.000000
0.000000
0.000000
0.000000
0.001720
0.000190
0.000000
0.000000
0.000000
0.000000
0.000060
0.000000
0.000000
0.000000
0.004240
0.000060
0.000000
0.001270
0.000000
0.000000
0.000000
0.000000
0.000000
0.000000
0.000000
0.000020
0.000000
0.023970
0.000000
0.000050
0.000000
0.000000
0.000000
0.000000
0.000000
0.000000
0.000000
0.000000
0.000000
0.000000
0.000000
0.000010
0.000000
0.000000
0.038020
0.000000
0.000000
0.000000
0.000000
0.000000
0.000010
0.000000
0.000000
0.000020
0.000000
0.000000
0.000000
0.000010
0.000000
0.000000
0.000000
0.000000
0.000000
0.000000
0.000000
0.000000
0.000000
0.000000
0.000020
0.000000
0.000020
0.000000
0.000000
0.000000
0.000000
0.000000
0.000000
0.000000
0.000000
0.000000
0.000000
0.000000
0.000000
0.000000
0.000000
0.000000
0.000000
0.000000
0.000000
0.000000
0.000000
0.000000
0.000000
0.000000
0.000000
0.000000
0.000000
0.000000
0.000000
0.000010
0.000000
0.000000
0.000000
0.000000
0.000140
0.000010
0.000000
0.000000
0.000040
0.000000
0.000000
0.000000
0.000000
0.000050
0.000000
0.000000
0.000000
0.000000
0.000000
0.000000
0.000000
0.000020
0.000000
0.000000
0.000000
0.001810
0.000020
0.000000
0.000000
0.000000
0.000000
0.000100
0.000000
0.000000
0.000000
0.000000
0.000000
0.000000
0.000710
0.000000
0.000000
0.000000
0.000840
0.000020
0.000000
0.000000
0.000000
0.000050
0.000000
0.000000
0.000000
0.000000
0.000000
0.000000
0.000000
0.000000
0.000000
0.000000
0.000000
0.000000
0.000050
0.000000
0.000000
0.000000
0.000010
0.000000
0.000050
0.000130
0.000350
0.000020
0.000000
0.000000
0.000060
0.000000
0.000000
0.000000
0.000050
0.000000
0.644320
0.000000
0.000000
0.000000
0.000000
0.000000
0.000000
0.000000
0.000000
0.000000
0.000000
0.000000
0.000000
0.000000
0.000000
0.000000
0.000000
0.000000
0.000000
0.000000
0.000000
0.000000
0.000000
0.000000
0.000000
0.000000
0.000000
0.000000
0.000000
0.000000
0.000000
0.000000
0.000000
0.000000
0.000000
0.000000
0.000000
0.000000
0.000000
0.000000
0.000000
0.000000
0.000000
0.000000
0.000000
0.000000
0.000530
0.001460
0.000000
0.000000
0.000000
0.000020
0.000000
0.000000
0.000000
0.000000
0.000000
0.000000
0.000000
0.000000
0.000000
0.000000
0.000070
0.000070
0.000000
0.000000
0.000020
0.003560
0.000000
0.000000
0.001450
0.000000
0.000040
0.000000
0.000000
0.000000
0.000000
0.000000
0.000000
0.000000
0.025830
0.000000
0.000000
0.000000
0.002450
0.000020
0.000000
0.000000
0.000000
0.000000
0.000000
0.000000
0.000000
0.000000
0.000000
0.000000
0.000000
0.033310
0.000000
0.000000
0.000000
0.000000
0.000000
0.000000
0.000000
0.000030
0.000030
0.000000
0.000000
0.000000
0.000000
0.000000
0.000000
0.000000
0.000000
0.000000
0.000000
0.000000
0.000000
0.000000
0.000000
0.000000
0.000000
0.000000
0.000000
0.000000
0.000000
0.000000
0.000000
0.000000
0.000000
0.000000
0.000000
0.000000
0.000000
0.000000
0.000000
0.000000
0.000000
0.000000
0.000000
0.000000
0.000000
0.000000
0.000000
0.000000
0.000000
0.000000
0.000000
0.000010
0.000000
0.000000
0.000010
0.000000
0.000000
0.000000
0.000000
0.000110
0.000000
0.000000
0.000000
0.000040
0.000000
0.000000
0.000000
0.000000
0.000040
0.000000
0.000000
0.000000
0.000000
0.000000
0.000000
0.000000
0.000000
0.000000
0.000000
0.000000
0.001430
0.000000
0.000000
0.000000
0.000000
0.000000
0.000100
0.000000
0.000000
0.000000
0.000000
0.000000
0.000000
0.000000
0.000000
0.000000
0.000000
0.000630
0.000000
0.000000
0.000000
0.000000
0.000050
0.000000
0.000020
0.000000
0.000000
0.000000
0.000000
0.000000
0.000000
0.000000
0.000000
0.000000
0.000000
0.000050
0.000000
0.000000
0.000000
0.000020
0.000000
0.000000
0.000000
0.000000
0.000000
0.000000
0.000000
0.000000
0.000000
0.000000
0.000000
0.000000
0.000000
0.695510
0.000000
0.000000
0.000120
0.000000
0.000000
0.000000
0.000000
0.000000
0.000000
0.000000
0.000000
0.000000
0.000000
0.000000
0.000000
0.000000
0.000000
0.000000
0.000010
0.000000
0.000000
0.000000
0.000000
0.000000
0.000000
0.000000
0.000000
0.000000
0.000000
0.000000
0.000000
0.000000
0.000000
0.000000
0.000000
0.000000
0.000000
0.000000
0.000000
0.000000
0.000000
0.000000
0.000000
0.000000
0.000000
0.000000
0.000000
0.000250
0.000000
0.000000
0.000000
0.000000
0.000000
0.000000
0.000000
0.000000
0.000000
0.013610
0.000050
0.000000
0.000000
0.000000
0.000000
0.000420
0.000000
0.000000
0.000000
0.000520
0.001480
0.000000
0.000040
0.000000
0.000000
0.000000
0.000000
0.000000
0.000000
0.000000
0.027190
0.000000
0.000070
0.000000
0.005670
0.000000
0.000000
0.000000
0.000000
0.000000
0.000000
0.000000
0.000000
0.000000
0.000000
0.000000
0.025860
0.000000
0.000000
0.000020
0.000000
0.000000
0.000000
0.000000
0.000000
0.000050
0.000000
0.000000
0.000000
0.000000
0.000000
0.000000
0.000030
0.000000
0.000000
0.000000
0.000000
0.000000
0.000000
0.000000
0.000000
0.000000
0.000000
0.000140
0.000000
0.000210
0.000000
0.000000
0.000000
0.000000
0.000000
0.000050
0.000000
0.000000
0.000000
0.000000
0.000090
0.000000
0.000000
0.000020
0.000000
0.000000
0.000000
0.000000
0.000000
0.000000
0.000000
0.000000
0.000000
0.000000
0.000000
0.000000
0.000000
0.000000
0.000000
0.000000
0.000000
0.000000
0.000000
0.000020
0.000010
0.000000
0.000000
0.000000
0.000000
0.000000
0.000000
0.000000
0.000020
0.000000
0.000000
0.000000
0.000000
0.000000
0.000000
0.000000
0.000610
0.000000
0.000000
0.000000
0.000130
0.000110
0.000000
0.000000
0.000000
0.000000
0.000090
0.000000
0.000000
0.000000
0.000000
0.000000
0.000000
0.000040
0.000150
0.000000
0.000000
0.000040
0.000030
0.000000
0.000000
0.000000
0.000040
0.000000
0.000000
0.000000
0.000000
0.000000
0.000250
0.000000
0.000000
0.000000
0.000000
0.000000
0.000000
0.000020
0.000000
0.000000
0.000000
0.000020
0.000000
0.000260
0.000090
0.000120
0.000190
0.000000
0.000000
0.000310
0.000000
0.000000
0.000000
0.710600
0.000000
0.000050
0.000000
0.000000
0.000000
0.000000
0.000000
0.000000
0.000000
0.000000
0.000000
0.000000
0.000000
0.000000
0.000000
0.000000
0.000000
0.000000
0.000000
0.000000
0.000000
0.000000
0.000000
0.000000
0.000000
0.000000
0.000000
0.000000
0.000000
0.000000
0.000000
0.000000
0.000000
0.000000
0.000000
0.000000
0.000000
0.000000
0.000000
0.000000
0.000000
0.000000
0.000000
0.000000
0.000000
0.000000
0.000000
0.000450
0.000000
0.000000
0.000000
0.000000
0.000000
0.000010
0.000000
0.000030
0.019970
0.000050
0.000010
0.000000
0.000000
0.000000
0.000000
0.000120
0.000000
0.000000
0.000000
0.001220
0.000010
0.000000
0.000000
0.000000
0.000000
0.000000
0.000000
0.000000
0.000010
0.024300
0.000020
0.000000
0.000030
0.005460
0.000020
0.000000
0.000000
0.000000
0.000000
0.000000
0.000010
0.000000
0.000000
0.000000
0.002600
0.022760
0.000530
0.000640
0.000000
0.000000
0.000000
0.000000
0.000000
0.000000
0.000010
0.000010
0.000000
0.000000
0.000000
0.000000
0.000000
0.000050
0.000000
0.000000
0.000000
0.000000
0.000000
0.000000
0.000000
0.000000
0.000000
0.000000
0.000140
0.000000
0.000200
0.000000
0.000000
0.000000
0.000010
0.000000
0.000050
0.000010
0.000000
0.000000
0.000100
0.000060
0.000000
0.000000
0.000020
0.000000
0.000000
0.000000
0.000000
0.000000
0.000010
0.000000
0.000000
0.000000
0.000000
0.000000
0.000000
0.000000
0.000000
0.000000
0.000000
0.000020
0.000000
0.000000
0.000000
0.000000
0.000020
0.000010
0.000000
0.000000
0.000000
0.000000
0.000150
0.000000
0.000000
0.000000
0.000000
0.000000
0.000000
0.000250
0.000000
0.000340
0.000670
0.000150
0.000000
0.000000
0.000110
0.000000
0.000020
0.000010
0.000020
0.000000
0.000000
0.001360
0.000000
0.000000
0.000000
0.000000
0.000000
0.000120
0.000080
0.000000
0.000000
0.000010
0.000000
0.000000
0.000010
0.000000
0.000000
0.000000
0.000000
0.000000
0.000000
0.000290
0.000000
0.000000
0.000000
0.000000
0.000000
0.000070
0.000000
0.000000
0.000120
0.000000
0.000000
0.000000
0.000250
0.000080
0.000100
0.000210
0.000000
0.000010
0.000320
0.000030
0.000000
0.000100
0.711100
0.000030
0.000000
0.000020
0.000070
0.000000
0.000000
0.000000
0.000000
0.000000
0.000000
0.000000
0.000000
0.000000
0.000000
0.000020
0.000000
0.000000
0.000000
0.000000
0.000010
0.000000
0.000000
0.000000
0.000000
0.000000
0.000000
0.000000
0.000000
0.000000
0.000000
0.000000
0.000000
0.000000
0.000000
0.000000
0.000000
0.000000
0.000000
0.000000
0.000000
0.000000
0.000000
0.000000
0.000000
0.000000
0.000000
0.000000
0.000020
0.000000
0.000000
0.000000
0.000000
0.000000
0.001200
0.000000
0.020690
0.000080
0.000000
0.000010
0.000000
0.000140
0.000000
0.000000
0.002010
0.000000
0.000000
0.000000
0.000060
0.000000
0.000000
0.000000
0.000000
0.000000
0.000000
0.000000
0.000000
0.022860
0.000010
0.000030
0.000000
0.005120
0.000010
0.000030
0.000000
0.000000
0.000000
0.000000
0.000000
0.000030
0.000000
0.000000
0.004550
0.017540
0.000490
0.000580
0.000120
0.000000
0.000010
0.000010
0.000000
0.000000
0.000000
0.000020
0.000010
0.000000
0.000000
0.000000
0.000000
0.000050
0.000000
0.000000
0.000000
0.000000
0.000000
0.000000
0.000000
0.000000
0.000000
0.000000
0.000140
0.000010
0.000170
0.000020
0.000020
0.000000
0.000000
0.000290
0.000000
0.000020
0.000000
0.000000
0.000130
0.000030
0.000000
0.000000
0.000020
0.000000
0.000000
0.000000
0.000000
0.000000
0.000010
0.000000
0.000000
0.000010
0.000000
0.000000
0.000000
0.000000
0.000000
0.000000
0.000000
0.000010
0.000000
0.000000
0.000010
0.000000
0.000040
0.000010
0.000000
0.000000
0.000000
0.000000
0.000180
0.000000
0.000000
0.000240
0.000000
0.000000
0.000000
0.000300
0.000020
0.000000
0.002230
0.000060
0.000010
0.000000
0.000000
0.000000
0.000020
0.000010
0.000020
0.000000
0.000000
0.001550
0.000000
0.000000
0.000000
0.000000
0.000010
0.000000
0.000090
0.000000
0.000000
0.000000
0.000010
0.000000
0.000000
0.000100
0.000000
0.000010
0.000000
0.000000
0.000000
0.000290
0.000000
0.000000
0.000000
0.000000
0.000000
0.000110
0.000000
0.000000
0.000150
0.000000
0.000000
0.000000
0.000200
0.000030
0.000050
0.000140
0.000000
0.000020
0.000230
0.000100
0.000110
0.000000
0.713030
0.000150
0.000010
0.000000
0.000090
0.000000
0.000000
0.000000
0.000000
0.000000
0.000000
0.000000
0.000000
0.000000
0.000000
0.000010
0.000000
0.000000
0.000000
0.000000
0.000010
0.000000
0.000000
0.000000
0.000000
0.000000
0.000000
0.000000
0.000000
0.000000
0.000000
0.000000
0.000000
0.000000
0.000000
0.000000
0.000000
0.000000
0.000000
0.000000
0.000000
0.000000
0.000000
0.000000
0.000000
0.000000
0.000000
0.000000
0.000000
0.000020
0.000170
0.000000
0.000010
0.001560
0.000000
0.021490
0.000000
0.000000
0.000000
0.000000
0.000260
0.000000
0.000780
0.002650
0.000000
0.004110
0.000020
0.000050
0.000000
0.000000
0.000000
0.000000
0.000000
0.000000
0.000000
0.000000
0.021420
0.000000
0.000000
0.000000
0.004010
0.000000
0.000000
0.000000
0.000020
0.000000
0.000060
0.000040
0.000120
0.000000
0.000340
0.005760
0.000000
0.000000
0.000000
0.000000
0.000000
0.000020
0.000000
0.000000
0.000000
0.000000
0.000030
0.000000
0.000000
0.000000
0.000000
0.000000
0.000050
0.000000
0.000000
0.000000
0.000000
0.000000
0.000000
0.000000
0.000000
0.000000
0.000000
0.000140
0.000000
0.000000
0.000000
0.000000
0.000000
0.000000
0.000520
0.000000
0.000040
0.000000
0.000000
0.000160
0.000000
0.000000
0.000000
0.000000
0.000000
0.000000
0.000000
0.000010
0.000000
0.000020
0.000000
0.000000
0.000010
0.000000
0.000000
0.000000
0.000000
0.000000
0.000000
0.000000
0.000000
0.000000
0.000000
0.000010
0.000000
0.000030
0.000000
0.000000
0.000000
0.000000
0.000000
0.000200
0.000000
0.000000
0.000450
0.000000
0.000000
0.000000
0.000320
0.000000
0.000000
0.003050
0.000000
0.000000
0.000000
0.000120
0.000010
0.000000
0.000000
0.000000
0.000000
0.000000
0.001710
0.000000
0.000000
0.000090
0.000000
0.000010
0.000000
0.000070
0.000000
0.000000
0.000120
0.000000
0.000000
0.000000
0.000130
0.000000
0.000020
0.000000
0.000000
0.000000
0.000280
0.000000
0.000000
0.000000
0.000010
0.000000
0.000110
0.000000
0.000000
0.000180
0.000000
0.000000
0.000190
0.000060
0.000000
0.000000
0.000000
0.000000
0.000000
0.000000
0.000000
0.000000
0.000000
0.716610
0.000000
0.000000
0.000000
0.000070
0.000000
0.000000
0.000070
0.000000
0.000000
0.000000
0.000000
0.000000
0.000000
0.000000
0.000000
0.000000
0.000000
0.000010
0.000000
0.000000
0.000000
0.000000
0.000010
0.000000
0.000000
0.000000
0.000000
0.000000
0.000000
0.000000
0.000000
0.000000
0.000000
0.000000
0.000000
0.000000
0.000000
0.000000
0.000000
0.000000
0.000000
0.000000
0.000000
0.000000
0.000000
0.000000
0.000000
0.000000
0.000000
0.000000
0.000000
0.000000
0.000000
0.019960
0.000000
0.000010
0.001060
0.000040
0.000210
0.000000
0.000950
0.000000
0.000000
0.003410
0.000000
0.000000
0.000000
0.000000
0.000000
0.000000
0.000000
0.000000
0.000020
0.001010
0.017810
0.000000
0.000030
0.005770
0.001750
0.000000
0.000060
0.000180
0.000050
0.000000
0.000000
0.000000
0.000000
0.000000
0.000480
0.000000
0.000000
0.000310
0.000360
0.000130
0.000020
0.000030
0.000000
0.000000
0.000000
0.000000
0.000000
0.000000
0.000010
0.000000
0.000000
0.000000
0.000010
0.000000
0.000000
0.000000
0.000000
0.000000
0.000000
0.000000
0.000000
0.000000
0.000000
0.000110
0.000000
0.000010
0.000000
0.000010
0.000010
0.000000
0.000440
0.000000
0.000030
0.000000
0.000000
0.000160
0.000000
0.000000
0.000000
0.000000
0.000010
0.000000
0.000000
0.000010
0.000000
0.000000
0.000000
0.000000
0.000010
0.000000
0.000000
0.000000
0.000000
0.000000
0.000000
0.000000
0.000000
0.000000
0.000000
0.000020
0.000000
0.000030
0.000000
0.000000
0.000000
0.000000
0.000000
0.000140
0.000000
0.000000
0.000460
0.000000
0.000000
0.000000
0.000000
0.000000
0.000000
0.003010
0.000000
0.000000
0.000010
0.000090
0.000000
0.000000
0.000000
0.000000
0.000030
0.000060
0.001650
0.000000
0.000000
0.000100
0.000000
0.000000
0.000000
0.000030
0.000000
0.000000
0.000110
0.000000
0.000000
0.000010
0.000110
0.000000
0.000020
0.000000
0.000000
0.000000
0.000000
0.000000
0.000000
0.000000
0.000010
0.000000
0.000000
0.000000
0.000000
0.000190
0.000000
0.000010
0.000200
0.000000
0.000000
0.000000
0.000030
0.000000
0.000000
0.000040
0.000250
0.002060
0.034920
0.580020
0.000000
0.000050
0.003110
0.000020
0.000000
0.000000
0.000080
0.000000
0.000000
0.000000
0.000000
0.000000
0.000000
0.000000
0.000000
0.000000
0.000000
0.000010
0.000000
0.000000
0.000000
0.000000
0.000010
0.000000
0.000000
0.000000
0.000000
0.000000
0.000000
0.000000
0.000000
0.000000
0.000000
0.000000
0.000000
0.000000
0.000000
0.000000
0.000000
0.000000
0.000000
0.000000
0.000000
0.000000
0.000000
0.000000
0.000000
0.000000
0.000000
0.000000
0.000000
0.000000
0.000000
0.000980
0.000000
0.001320
0.000140
0.000180
0.000000
0.000000
0.090220
0.000000
0.000000
0.000010
0.000000
0.000000
0.000000
0.000000
0.000000
0.000000
0.001640
0.000000
0.001460
0.009770
0.000190
0.000000
0.007330
0.000660
0.000040
0.000000
0.000160
0.000120
0.000120
0.000000
0.000000
0.000000
0.000000
0.000000
0.002000
0.000000
0.000000
0.000260
0.000090
0.000030
0.000010
0.000000
0.000000
0.000000
0.000000
0.000000
0.000000
0.000000
0.000000
0.000000
0.000000
0.000000
0.000000
0.000000
0.000000
0.000010
0.000000
0.000000
0.000000
0.000000
0.000000
0.000010
0.000000
0.000000
0.000000
0.000000
0.000000
0.000010
0.000010
0.000320
0.000000
0.000000
0.000000
0.000000
0.000080
0.000000
0.000000
0.000010
0.000000
0.000010
0.000000
0.000000
0.000010
0.000000
0.000000
0.000000
0.000000
0.000000
0.000000
0.000000
0.000000
0.000000
0.000000
0.000000
0.000000
0.000000
0.000000
0.000000
0.000010
0.000010
0.000000
0.000000
0.000000
0.000000
0.000010
0.000000
0.000000
0.000000
0.000000
0.000490
0.000000
0.000000
0.000000
0.000000
0.000000
0.000000
0.002900
0.000000
0.000000
0.000010
0.000060
0.000000
0.000000
0.000000
0.000010
0.000040
0.000070
0.001610
0.000010
0.000000
0.000090
0.000000
0.000000
0.000000
0.000000
0.000000
0.000000
0.000100
0.000000
0.000000
0.000000
0.000120
0.000000
0.000000
0.000630
0.000000
0.000000
0.000000
0.000000
0.000000
0.000000
0.000000
0.000010
0.000000
0.000000
0.000000
0.000140
0.000000
0.000000
0.000110
0.000000
0.000000
0.000000
0.000030
0.000000
0.000010
0.000030
0.000150
0.004850
0.055730
0.412180
0.002900
0.000000
0.005010
0.000020
0.000000
0.000000
0.000080
0.000000
0.000000
0.000000
0.000000
0.000000
0.000000
0.000000
0.000000
0.000000
0.000000
0.000010
0.000000
0.000000
0.000000
0.000000
0.000000
0.000000
0.000000
0.000000
0.000000
0.000000
0.000000
0.000000
0.000000
0.000000
0.000000
0.000000
0.000000
0.000000
0.000000
0.000000
0.000000
0.000000
0.000000
0.000000
0.000000
0.000000
0.000000
0.000000
0.000000
0.000000
0.000000
0.000000
0.000000
0.000050
0.001690
0.000000
0.001700
0.000000
0.000000
0.000000
0.000000
0.155240
0.000000
0.000010
0.000010
0.000000
0.000010
0.000000
0.000000
0.000000
0.000000
0.002730
0.000000
0.002020
0.000000
0.000000
0.000000
0.008390
0.000000
0.000000
0.000000
0.000070
0.000000
0.000000
0.000000
0.000020
0.000000
0.000030
0.000020
0.000680
0.000000
0.000000
0.000080
0.000000
0.000000
0.000000
0.000000
0.000000
0.000000
0.000000
0.000000
0.000050
0.000000
0.000000
0.000000
0.000000
0.000000
0.000000
0.000000
0.000000
0.000000
0.000000
0.000000
0.000010
0.000000
0.000000
0.000000
0.000000
0.000000
0.000000
0.000000
0.000000
0.000000
0.000000
0.000000
0.000000
0.000000
0.000010
0.000000
0.000000
0.000000
0.000000
0.000010
0.000000
0.000000
0.000000
0.000000
0.000000
0.000000
0.000000
0.000000
0.000000
0.000000
0.000000
0.000000
0.000000
0.000000
0.000000
0.000000
0.000000
0.000000
0.000000
0.000000
0.000000
0.000000
0.000000
0.000000
0.000000
0.000010
0.000000
0.000000
0.000000
0.000000
0.000000
0.000500
0.000000
0.000000
0.000000
0.000000
0.000000
0.000030
0.002780
0.000000
0.000000
0.000020
0.000000
0.000000
0.000000
0.000070
0.000010
0.000000
0.000000
0.000000
0.000000
0.000000
0.000080
0.000000
0.000000
0.000010
0.000010
0.000000
0.000000
0.000000
0.000000
0.000000
0.000210
0.000040
0.000000
0.000000
0.001050
0.000000
0.000000
0.000000
0.000010
0.000000
0.000020
0.000000
0.000000
0.000000
0.000040
0.000000
0.000050
0.000000
0.000000
0.000000
0.000000
0.000000
0.000000
0.000010
0.000000
0.000000
0.000000
0.000000
0.000000
0.000000
0.000000
0.000000
0.000000
0.006510
0.000000
0.000000
0.000000
0.000060
0.000000
0.000000
0.000000
0.000000
0.000000
0.000000
0.000000
0.000000
0.000000
0.000000
0.000000
0.000000
0.000000
0.000000
0.000000
0.000010
0.000000
0.000000
0.000000
0.000000
0.000000
0.000000
0.000000
0.000000
0.000000
0.000000
0.000000
0.000000
0.000000
0.000000
0.000000
0.000000
0.000000
0.000000
0.000000
0.000000
0.000000
0.000000
0.000000
0.000000
0.000000
0.000000
0.000000
0.000000
0.000000
0.000000
0.000000
0.000000
0.000000
0.000000
0.000120
0.156760
0.000000
0.000000
0.000000
0.000000
0.000010
0.000000
0.000000
0.000000
0.000020
0.002890
0.000000
0.002060
0.000000
0.000000
0.000000
0.007880
0.000000
0.000000
0.000000
0.000080
0.000000
0.000000
0.000000
0.000030
0.000000
0.000000
0.000000
0.000000
0.000000
0.000000
0.000000
0.000000
0.000000
0.000000
0.000000
0.000000
0.000000
0.000000
0.000000
0.000050
0.000000
0.000000
0.000000
0.000000
0.000000
0.000000
0.000000
0.000000
0.000000
0.000000
0.000000
0.000010
0.000000
0.000000
0.000000
0.000000
0.000000
0.000000
0.000000
0.000000
0.000000
0.000000
0.000000
0.000000
0.000000
0.000000
0.000000
0.000000
0.000000
0.000000
0.000000
0.000000
0.000000
0.000000
0.000000
0.000000
0.000000
0.000000
0.000000
0.000000
0.000000
0.000000
0.000000
0.000000
0.000000
0.000000
0.000000
0.000000
0.000000
0.000000
0.000000
0.000000
0.000000
0.000000
0.000000
0.000000
0.000000
0.000000
0.000000
0.000000
0.000000
0.000000
0.000490
0.000000
0.000000
0.000000
0.000000
0.000000
0.000000
0.000000
0.000000
0.000000
0.000000
0.000000
0.000000
0.000000
0.000000
0.000000
0.000000
0.000070
0.001750
0.000000
0.000000
0.000000
0.000000
0.000010
0.000000
0.000000
0.000000
0.000000
0.000000
0.000000
0.000000
0.000250
0.000000
0.000000
0.000000
0.001010
0.000000
0.000000
0.000000
0.000010
0.000000
0.000000
0.000000
0.000000
0.000000
0.000040
0.000000
0.000000
0.000000
0.000000
0.000000
0.000000
0.000000
0.000000
0.000000
0.000000
0.000000
0.000000
0.000020
0.011110
0.372240
0.206090
0.000000
0.000000
0.005620
0.000000
0.000000
0.000000
0.000070
0.000000
0.000000
0.000000
0.000000
0.000000
0.000000
0.000000
0.000000
0.000000
0.000000
0.000000
0.000000
0.000000
0.000000
0.000000
0.000000
0.000000
0.000000
0.000000
0.000000
0.000000
0.000000
0.000000
0.000000
0.000000
0.000000
0.000000
0.000000
0.000000
0.000000
0.000000
0.000000
0.000000
0.000000
0.000000
0.000000
0.000000
0.000000
0.000000
0.000000
0.000000
0.000000
0.000000
0.000000
0.000000
0.000000
0.000000
0.000000
0.000000
0.000000
0.153700
0.000310
0.000000
0.000000
0.000000
0.000000
0.000000
0.000000
0.000000
0.000000
0.002760
0.001080
0.000000
0.001180
0.000000
0.000000
0.000000
0.000750
0.000000
0.000000
0.000000
0.000000
0.000000
0.000000
0.000000
0.000150
0.000000
0.000000
0.000000
0.000000
0.000000
0.000000
0.000000
0.000000
0.000000
0.000000
0.000000
0.000000
0.000000
0.000000
0.000050
0.000000
0.000000
0.000000
0.000000
0.000000
0.000000
0.000000
0.000000
0.000000
0.000000
0.000000
0.000000
0.000010
0.000000
0.000000
0.000000
0.000000
0.000000
0.000000
0.000000
0.000000
0.000000
0.000000
0.000010
0.000000
0.000010
0.000000
0.000000
0.000000
0.000000
0.000000
0.000000
0.000000
0.000000
0.000000
0.000000
0.000000
0.000000
0.000000
0.000010
0.000000
0.000000
0.000000
0.000000
0.000000
0.000000
0.000000
0.000000
0.000000
0.000000
0.000000
0.000000
0.000000
0.000000
0.000000
0.000000
0.000000
0.000000
0.000000
0.000000
0.000040
0.000000
0.000000
0.000000
0.000000
0.000000
0.000000
0.000000
0.000000
0.000000
0.000000
0.000000
0.000000
0.000000
0.000000
0.000000
0.000110
0.000000
0.000000
0.000000
0.001760
0.000100
0.000000
0.000000
0.000000
0.000000
0.000000
0.000000
0.000000
0.000000
0.000000
0.000000
0.000000
0.000250
0.000000
0.000000
0.000000
0.000890
0.000020
0.000000
0.000000
0.000000
0.000020
0.000000
0.000000
0.000000
0.000000
0.000000
0.000090
0.000000
0.000000
0.000000
0.000000
0.000000
0.000000
0.000000
0.000000
0.000000
0.000000
0.000000
0.000000
0.011400
0.392470
0.196350
0.028760
0.000000
0.000000
0.001860
0.000000
0.000000
0.000000
0.000000
0.000000
0.000000
0.000000
0.000000
0.000000
0.000000
0.000000
0.000000
0.000000
0.000000
0.000000
0.000000
0.000000
0.000000
0.000000
0.000000
0.000000
0.000000
0.000000
0.000000
0.000000
0.000000
0.000000
0.000000
0.000000
0.000000
0.000000
0.000000
0.000000
0.000000
0.000000
0.000000
0.000000
0.000000
0.000000
0.000000
0.000000
0.000000
0.000000
0.000000
0.000000
0.000000
0.000000
0.000000
0.000000
0.000000
0.000000
0.003670
0.110230
0.000280
0.000070
0.000000
0.000010
0.000000
0.000000
0.000010
0.000000
0.000000
0.000000
0.001020
0.000110
0.000000
0.000100
0.000000
0.001430
0.001150
0.000000
0.000000
0.000000
0.000000
0.000000
0.000000
0.000000
0.000060
0.000210
0.000000
0.000000
0.000000
0.000000
0.000000
0.000000
0.000000
0.000000
0.000000
0.000000
0.000000
0.000000
0.000000
0.000000
0.000010
0.000000
0.000000
0.000000
0.000000
0.000000
0.000000
0.000000
0.000000
0.000000
0.000000
0.000000
0.000010
0.000000
0.000000
0.000000
0.000000
0.000000
0.000000
0.000000
0.000000
0.000000
0.000000
0.000020
0.000000
0.000010
0.000010
0.000000
0.000000
0.000000
0.000000
0.000000
0.000000
0.000000
0.000000
0.000000
0.000000
0.000000
0.000000
0.000020
0.000000
0.000000
0.000000
0.000000
0.000000
0.000000
0.000000
0.000000
0.000000
0.000000
0.000000
0.000000
0.000000
0.000000
0.000000
0.000000
0.000000
0.000000
0.000000
0.000000
0.000030
0.000000
0.000330
0.000000
0.000000
0.000000
0.000000
0.000000
0.000000
0.000000
0.000000
0.000000
0.000000
0.000000
0.000080
0.000000
0.000100
0.000030
0.000230
0.000000
0.000000
0.000090
0.000020
0.000050
0.000080
0.000030
0.000000
0.000000
0.000000
0.000000
0.000000
0.000000
0.000000
0.000000
0.000000
0.000000
0.000000
0.000000
0.000000
0.000010
0.000000
0.000000
0.000000
0.000000
0.000000
0.000000
0.000000
0.000020
0.000200
0.000030
0.000000
0.000000
0.000000
0.000000
0.000000
0.000000
0.000000
0.000000
0.000000
0.000000
0.000030
0.008650
0.394560
0.156170
0.029420
0.003720
0.002050
0.003270
0.000010
0.000000
0.000000
0.000010
0.000000
0.000000
0.000000
0.000000
0.000000
0.000000
0.000000
0.000000
0.000000
0.000000
0.000000
0.000000
0.000000
0.000000
0.000000
0.000000
0.000000
0.000000
0.000000
0.000000
0.000000
0.000000
0.000000
0.000000
0.000000
0.000000
0.000000
0.000000
0.000000
0.000000
0.000000
0.000000
0.000000
0.000000
0.000000
0.000000
0.000000
0.000000
0.000000
0.000000
0.000000
0.000000
0.000000
0.000000
0.000000
0.000000
0.000000
0.069150
0.001110
0.000080
0.000660
0.000000
0.000020
0.000000
0.000000
0.000010
0.000000
0.000000
0.000000
0.000050
0.000690
0.000000
0.000050
0.000000
0.001100
0.000060
0.000000
0.000000
0.000000
0.000000
0.000000
0.000000
0.000010
0.001310
0.000000
0.000000
0.000000
0.000000
0.000000
0.000000
0.000010
0.000000
0.000000
0.000000
0.000010
0.000000
0.000000
0.000040
0.000000
0.000000
0.000090
0.000000
0.000000
0.000000
0.000000
0.000000
0.000000
0.000000
0.000000
0.000000
0.000010
0.000000
0.000000
0.000000
0.000000
0.000000
0.000000
0.000000
0.000000
0.000000
0.000000
0.000020
0.000000
0.000000
0.000050
0.000000
0.000020
0.000000
0.000010
0.000000
0.000000
0.000000
0.000000
0.000000
0.000000
0.000000
0.000000
0.000020
0.000000
0.000000
0.000000
0.000000
0.000000
0.000000
0.000000
0.000000
0.000000
0.000000
0.000000
0.000000
0.000000
0.000000
0.000000
0.000000
0.000000
0.000020
0.000000
0.000000
0.000000
0.000000
0.000320
0.000010
0.000000
0.000000
0.000000
0.000000
0.000000
0.000000
0.000000
0.000000
0.000000
0.000000
0.000080
0.000010
0.000000
0.000080
0.000260
0.001360
0.000000
0.000000
0.000010
0.000100
0.000120
0.000030
0.000010
0.000000
0.000000
0.000270
0.000000
0.000000
0.000000
0.000000
0.000000
0.000000
0.000030
0.000000
0.000000
0.000000
0.000040
0.000000
0.000020
0.000000
0.000000
0.000000
0.000000
0.000000
0.000140
0.000090
0.000010
0.000000
0.000000
0.000000
0.000000
0.000000
0.000000
0.000000
0.000870
0.000000
0.000000
0.003370
0.396480
0.103730
0.037800
0.005310
0.002360
0.003450
0.000010
0.000000
0.000000
0.000000
0.000000
0.000000
0.000000
0.000000
0.000100
0.000000
0.000000
0.000000
0.000000
0.000000
0.000000
0.000000
0.000000
0.000000
0.000000
0.000000
0.000000
0.000000
0.000000
0.000000
0.000000
0.000000
0.000000
0.000000
0.000000
0.000000
0.000000
0.000000
0.000000
0.000000
0.000000
0.000000
0.000000
0.000000
0.000000
0.000000
0.000000
0.000000
0.000000
0.000000
0.000000
0.000000
0.000000
0.000000
0.000000
0.000000
0.000000
0.000000
0.000000
0.001480
0.000050
0.000000
0.000000
0.000000
0.000000
0.000430
0.000000
0.000000
0.000000
0.000910
0.001370
0.000000
0.013820
0.000000
0.000000
0.000000
0.000010
0.000000
0.000000
0.000000
0.000010
0.000000
0.001540
0.000000
0.000040
0.000000
0.000000
0.000000
0.000000
0.000000
0.000000
0.000000
0.000000
0.000000
0.000000
0.000000
0.000050
0.000000
0.000000
0.000100
0.000000
0.000000
0.000000
0.000000
0.000000
0.000000
0.000000
0.000000
0.000000
0.000000
0.000000
0.000000
0.000000
0.000000
0.000000
0.000000
0.000000
0.000000
0.000000
0.000010
0.000000
0.000000
0.000000
0.000070
0.000000
0.000020
0.000000
0.000000
0.000000
0.000000
0.000000
0.000000
0.000000
0.000000
0.000000
0.000000
0.000020
0.000000
0.000000
0.000000
0.000000
0.000000
0.000000
0.000000
0.000000
0.000000
0.000000
0.000000
0.000000
0.000000
0.000000
0.000000
0.000000
0.000000
0.000020
0.000000
0.000000
0.000000
0.000000
0.000290
0.000020
0.000000
0.000000
0.000000
0.000000
0.000000
0.000000
0.000000
0.000010
0.000000
0.000000
0.000000
0.000000
0.000000
0.000000
0.000000
0.001860
0.000000
0.000000
0.000000
0.000130
0.000150
0.000000
0.000000
0.000000
0.000000
0.000320
0.000000
0.000000
0.000000
0.000000
0.000000
0.000000
0.000050
0.000020
0.000000
0.000000
0.000090
0.000090
0.000000
0.000000
0.000000
0.000250
0.000000
0.000000
0.000000
0.000000
0.000000
0.000250
0.000000
0.000000
0.000000
0.000000
0.000000
0.000000
0.001480
0.000000
0.000000
0.000000
0.412700
0.000000
0.046760
0.012550
0.002870
0.003600
0.000000
0.000000
0.000050
0.000000
0.000000
0.000000
0.000000
0.000000
0.000110
0.000000
0.000000
0.000000
0.000000
0.000000
0.000000
0.000000
0.000000
0.000000
0.000000
0.000000
0.000000
0.000000
0.000000
0.000000
0.000000
0.000000
0.000000
0.000000
0.000000
0.000000
0.000000
0.000000
0.000000
0.000000
0.000000
0.000000
0.000000
0.000000
0.000000
0.000000
0.000000
0.000000
0.000000
0.000000
0.000000
0.000000
0.000000
0.000000
0.000000
0.000000
0.000000
0.000000
0.000000
0.000000
0.000000
0.000000
0.000000
0.000070
0.000390
0.000000
0.000000
0.000070
0.000630
0.000000
0.000000
0.013680
0.000000
0.000180
0.000000
0.000000
0.000000
0.000000
0.000000
0.000000
0.000000
0.001490
0.000000
0.000000
0.000000
0.000140
0.000010
0.000000
0.000000
0.000000
0.000000
0.000000
0.000000
0.000000
0.000000
0.000000
0.000000
0.000000
0.000070
0.000000
0.000000
0.000000
0.000000
0.000000
0.000000
0.000000
0.000000
0.000000
0.000000
0.000000
0.000000
0.000000
0.000000
0.000000
0.000000
0.000000
0.000000
0.000000
0.000000
0.000000
0.000000
0.000000
0.000000
0.000000
0.000000
0.000000
0.000000
0.000000
0.000000
0.000000
0.000000
0.000000
0.000000
0.000000
0.000000
0.000000
0.000000
0.000000
0.000000
0.000000
0.000000
0.000000
0.000000
0.000000
0.000000
0.000010
0.000000
0.000000
0.000000
0.000000
0.000000
0.000000
0.000000
0.000000
0.000000
0.000000
0.000000
0.000000
0.000210
0.000000
0.000000
0.000000
0.000000
0.000000
0.000000
0.000000
0.000000
0.000010
0.000000
0.000000
0.000000
0.000000
0.000000
0.000000
0.000000
0.000000
0.000000
0.000000
0.000000
0.000120
0.000000
0.000000
0.000000
0.000000
0.000000
0.000290
0.000000
0.000000
0.000000
0.000020
0.000000
0.000000
0.000000
0.000000
0.000000
0.000000
0.000070
0.000000
0.000000
0.000000
0.000000
0.000190
0.000000
0.001520
0.000060
0.000000
0.000000
0.000000
0.000000
0.000000
0.000020
0.000000
0.000000
0.000000
0.001250
0.000000
0.000000
0.000000
0.274060
0.000000
0.000000
0.000000
0.000000
0.000000
0.000000
0.000000
0.000000
0.000000
0.000000
0.000000
0.000000
0.000000
0.000120
0.000000
0.000000
0.000000
0.000000
0.000000
0.000000
0.000000
0.000000
0.000000
0.000000
0.000000
0.000000
0.000000
0.000000
0.000000
0.000000
0.000000
0.000000
0.000000
0.000000
0.000000
0.000000
0.000000
0.000000
0.000000
0.000000
0.000000
0.000000
0.000000
0.000000
0.000000
0.000000
0.000000
0.000000
0.000000
0.000000
0.000000
0.000000
0.000000
0.000000
0.000000
0.000000
0.000000
0.000000
0.000000
0.000420
0.000000
0.000000
0.000000
0.000000
0.004120
0.000000
0.000000
0.000000
0.009670
0.012230
0.000000
0.000310
0.000000
0.000000
0.000000
0.000000
0.000000
0.000000
0.000000
0.001380
0.000000
0.000080
0.000000
0.000160
0.000000
0.000000
0.000000
0.000000
0.000000
0.000000
0.000000
0.000000
0.000000
0.000000
0.000000
0.000010
0.000000
0.000000
0.000010
0.000010
0.000000
0.000000
0.000000
0.000000
0.000010
0.000000
0.000000
0.000020
0.000000
0.000000
0.000000
0.000000
0.000000
0.000000
0.000000
0.000000
0.000000
0.000000
0.000010
0.000000
0.000000
0.000000
0.000090
0.000000
0.000040
0.000000
0.000000
0.000000
0.000000
0.000000
0.000010
0.000000
0.000000
0.000000
0.000000
0.000000
0.000000
0.000000
0.000000
0.000000
0.000000
0.000000
0.000000
0.000000
0.000000
0.000000
0.000000
0.000000
0.000000
0.000000
0.000000
0.000000
0.000000
0.000040
0.000000
0.000000
0.000000
0.000000
0.000020
0.000010
0.000000
0.000000
0.000000
0.000000
0.000000
0.000000
0.000000
0.000350
0.000000
0.000000
0.000000
0.000000
0.000000
0.000000
0.000000
0.000790
0.000000
0.000000
0.000000
0.000340
0.000150
0.000000
0.000000
0.000000
0.000000
0.000530
0.000000
0.000000
0.000000
0.000000
0.000000
0.000000
0.000240
0.000080
0.000000
0.000000
0.000390
0.000710
0.000000
0.000000
0.000000
0.002720
0.000000
0.000000
0.000000
0.000000
0.000000
0.000400
0.000000
0.000000
0.000000
0.000000
0.000000
0.000000
0.028140
0.000000
0.000000
0.000000
0.068300
0.000000
0.006310
0.002440
0.000400
0.000060
0.000000
0.000000
0.000030
0.000000
0.000000
0.000000
0.000120
0.000000
0.000010
0.000000
0.000000
0.000000
0.000000
0.000000
0.000000
0.000000
0.000000
0.000000
0.000000
0.000000
0.000000
0.000000
0.000000
0.000000
0.000000
0.000000
0.000000
0.000000
0.000000
0.000000
0.000000
0.000000
0.000000
0.000000
0.000000
0.000000
0.000000
0.000000
0.000000
0.000000
0.000000
0.000000
0.000000
0.000000
0.000000
0.000000
0.000000
0.000000
0.000000
0.000000
0.000000
0.000000
0.000000
0.000000
0.000000
0.000010
0.004750
0.000000
0.000000
0.000020
0.010950
0.000000
0.000000
0.000250
0.000000
0.000000
0.000000
0.000000
0.000000
0.000000
0.000000
0.000000
0.000000
0.000060
0.000000
0.000000
0.000000
0.000040
0.000060
0.000000
0.000000
0.000000
0.000000
0.000010
0.000000
0.000000
0.000000
0.000000
0.000000
0.000000
0.000010
0.000000
0.000000
0.000000
0.000000
0.000000
0.000000
0.000000
0.000000
0.000020
0.000000
0.000000
0.000000
0.000000
0.000000
0.000000
0.000000
0.000010
0.000000
0.000000
0.000000
0.000000
0.000000
0.000000
0.000000
0.000000
0.000000
0.000000
0.000000
0.000000
0.000000
0.000000
0.000000
0.000000
0.000000
0.000000
0.000000
0.000000
0.000000
0.000000
0.000000
0.000000
0.000000
0.000000
0.000000
0.000000
0.000000
0.000000
0.000000
0.000000
0.000000
0.000000
0.000000
0.000000
0.000000
0.000010
0.000000
0.000000
0.000010
0.000000
0.000020
0.000000
0.000000
0.000000
0.000000
0.000000
0.000000
0.000000
0.000000
0.000230
0.000000
0.000000
0.000000
0.000000
0.000000
0.000000
0.000000
0.000000
0.000000
0.000000
0.000000
0.000260
0.000000
0.000000
0.000000
0.000000
0.000000
0.000410
0.000000
0.000000
0.000000
0.000010
0.000000
0.000000
0.000000
0.000000
0.000000
0.000000
0.000210
0.000000
0.000000
0.000000
0.000000
0.001750
0.000000
0.000060
0.000080
0.000000
0.000000
0.000000
0.000000
0.000000
0.000000
0.000000
0.000000
0.000000
0.020420
0.000000
0.000000
0.000000
0.042310
0.000000
0.000000
0.000000
0.000000
0.000000
0.000000
0.000000
0.000000
0.000000
0.000000
0.000000
0.000000
0.000000
0.000010
0.000000
0.000000
0.000000
0.000000
0.000000
0.000000
0.000000
0.000000
0.000000
0.000000
0.000000
0.000000
0.000000
0.000000
0.000000
0.000000
0.000000
0.000000
0.000000
0.000000
0.000000
0.000000
0.000000
0.000000
0.000000
0.000000
0.000000
0.000000
0.000000
0.000000
0.000000
0.000000
0.000000
0.000000
0.000000
0.000000
0.000000
0.000000
0.000000
0.000000
0.000000
0.000000
0.000000
0.000000
0.000000
0.000000
0.005110
0.000070
0.000000
0.000000
0.010950
0.009710
0.000000
0.000000
0.000010
0.000000
0.000000
0.000000
0.000000
0.000000
0.000000
0.000000
0.000000
0.000000
0.000010
0.000000
0.000000
0.000000
0.000070
0.000090
0.000000
0.000000
0.000000
0.000000
0.000010
0.000000
0.000000
0.000000
0.000000
0.000000
0.000000
0.000000
0.000000
0.000000
0.000000
0.000030
0.000000
0.000000
0.000000
0.000020
0.000000
0.000000
0.000000
0.000000
0.000000
0.000000
0.000000
0.000010
0.000150
0.000000
0.000000
0.000000
0.000000
0.000000
0.000000
0.000000
0.000000
0.000000
0.000000
0.000000
0.000000
0.000000
0.000000
0.000000
0.000000
0.000000
0.000000
0.000000
0.000000
0.000000
0.000000
0.000000
0.000000
0.000000
0.000000
0.000000
0.000000
0.000000
0.000000
0.000000
0.000000
0.000000
0.000000
0.000000
0.000000
0.000000
0.000020
0.000000
0.000000
0.000000
0.000000
0.000010
0.000000
0.000000
0.000000
0.000000
0.000000
0.000000
0.000000
0.000000
0.000030
0.000000
0.000000
0.000000
0.000000
0.000000
0.000000
0.000000
0.000000
0.000000
0.000000
0.000000
0.000120
0.000000
0.000000
0.000000
0.000000
0.000000
0.000090
0.000000
0.000000
0.000000
0.000160
0.000000
0.000000
0.000000
0.000000
0.000000
0.000000
0.000430
0.000000
0.000000
0.000000
0.000000
0.000370
0.000000
0.000300
0.000090
0.000000
0.000000
0.000000
0.000000
0.000000
0.000340
0.000000
0.000000
0.000000
0.003800
0.000000
0.000000
0.000000
0.171460
0.000000
0.000000
0.000000
0.000000
0.000000
0.000000
0.000000
0.000000
0.000000
0.000000
0.000000
0.000000
0.000000
0.000000
0.000000
0.000000
0.000000
0.000000
0.000000
0.000000
0.000000
0.000000
0.000000
0.000000
0.000000
0.000000
0.000000
0.000000
0.000000
0.000000
0.000000
0.000000
0.000000
0.000000
0.000000
0.000000
0.000000
0.000000
0.000000
0.000000
0.000000
0.000000
0.000000
0.000000
0.000000
0.000000
0.000000
0.000000
0.000000
0.000000
0.000000
0.000000
0.000000
0.000000
0.000000
0.000000
0.000000
0.000000
0.000000
0.000050
0.000030
0.000000
0.009950
0.011270
0.000090
0.000000
0.000000
0.000010
0.000000
0.000000
0.000000
0.000000
0.000000
0.000080
0.000000
0.000000
0.000000
0.000030
0.000000
0.000000
0.000000
0.000070
0.000870
0.000760
0.000660
0.000660
0.000000
0.000000
0.000000
0.000000
0.000000
0.000000
0.000000
0.000000
0.000000
0.000000
0.000000
0.000110
0.000040
0.000020
0.000000
0.000000
0.000000
0.000020
0.000000
0.000010
0.000000
0.000000
0.000000
0.000000
0.000200
0.000000
0.000000
0.000000
0.000000
0.000000
0.000020
0.000000
0.000000
0.000000
0.000000
0.000000
0.000000
0.000060
0.000000
0.000000
0.000000
0.000000
0.000010
0.000000
0.000000
0.000000
0.000000
0.000000
0.000000
0.000000
0.000000
0.000160
0.000000
0.000000
0.000000
0.000000
0.000000
0.000000
0.000000
0.000000
0.000010
0.000000
0.000020
0.000010
0.000000
0.000000
0.000000
0.000000
0.000000
0.000000
0.000000
0.000000
0.000000
0.000000
0.000040
0.000000
0.000000
0.000000
0.000000
0.000030
0.157650
0.007920
0.000000
0.000000
0.000030
0.000000
0.000000
0.000000
0.000100
0.000010
0.000000
0.000000
0.000000
0.000000
0.000000
0.000020
0.000000
0.000000
0.000200
0.000020
0.000020
0.000000
0.000080
0.000000
0.000000
0.000470
0.001700
0.000000
0.000000
0.000200
0.000000
0.000000
0.000000
0.000000
0.000110
0.000080
0.000000
0.000000
0.000000
0.000220
0.002250
0.001310
0.000000
0.000000
0.007030
0.000000
0.000000
0.266170
0.033220
0.000000
0.000000
0.000000
0.000000
0.000000
0.000000
0.000000
0.000000
0.000000
0.000150
0.000000
0.000000
0.000000
0.000000
0.000000
0.000000
0.000010
0.000000
0.000000
0.000000
0.000000
0.000000
0.000000
0.000000
0.000000
0.000000
0.000000
0.000000
0.000000
0.000000
0.000000
0.000000
0.000000
0.000000
0.000000
0.000000
0.000000
0.000000
0.000000
0.000000
0.000000
0.000000
0.000000
0.000000
0.000000
0.000000
0.000000
0.000000
0.000000
0.000000
0.000000
0.000000
0.000000
0.000000
0.000000
0.000000
0.000000
0.000000
0.000000
0.000020
0.000000
0.014420
0.000020
0.000010
0.000000
0.000000
0.000020
0.000000
0.001290
0.000000
0.000000
0.000000
0.000580
0.000000
0.000000
0.000000
0.001100
0.000000
0.000000
0.000000
0.001590
0.000510
0.000840
0.000610
0.000010
0.000000
0.000000
0.000000
0.000000
0.000000
0.000000
0.000000
0.000000
0.000000
0.000000
0.000000
0.000120
0.000020
0.000010
0.000000
0.000000
0.000020
0.000000
0.000000
0.000140
0.000000
0.000000
0.000000
0.000230
0.000000
0.000000
0.000000
0.000000
0.000000
0.000000
0.002270
0.000000
0.000000
0.000000
0.000000
0.000000
0.000000
0.000040
0.000000
0.000000
0.000000
0.000000
0.000140
0.000000
0.000000
0.000000
0.000000
0.000000
0.000000
0.000000
0.000160
0.000000
0.000000
0.000000
0.000000
0.000000
0.000000
0.000000
0.000000
0.000010
0.000000
0.000010
0.000010
0.000000
0.000000
0.000000
0.000020
0.000000
0.000000
0.000000
0.000000
0.000000
0.000000
0.000000
0.001570
0.000000
0.000000
0.000000
0.000000
0.172620
0.003890
0.000020
0.000000
0.000000
0.000000
0.000000
0.000000
0.000000
0.000010
0.000000
0.000000
0.000000
0.000000
0.000000
0.000000
0.000010
0.000000
0.000000
0.000040
0.000000
0.000000
0.000000
0.000000
0.000000
0.000000
0.002300
0.000010
0.000000
0.000000
0.000280
0.000000
0.000010
0.000000
0.000250
0.000030
0.000000
0.000000
0.000000
0.000000
0.003140
0.000310
0.005970
0.000000
0.000000
0.001380
0.000000
0.000000
0.045030
0.000100
0.000000
0.000000
0.000000
0.000000
0.000000
0.000000
0.000000
0.000000
0.000000
0.003070
0.000000
0.000000
0.000000
0.000040
0.000000
0.000000
0.000010
0.000000
0.000000
0.000000
0.000000
0.000000
0.000000
0.000000
0.000000
0.000000
0.000000
0.000000
0.000000
0.000000
0.000000
0.000000
0.000000
0.000000
0.000000
0.000000
0.000000
0.000000
0.000000
0.000000
0.000000
0.000000
0.000000
0.000000
0.000000
0.000000
0.000000
0.000000
0.000000
0.000000
0.000000
0.000000
0.000000
0.000000
0.000000
0.000000
0.000000
0.000000
0.000000
0.013630
0.000000
0.000000
0.000000
0.000150
0.000050
0.000000
0.001760
0.000000
0.000000
0.000000
0.000610
0.000000
0.000000
0.000000
0.001380
0.000000
0.000930
0.000000
0.002250
0.000000
0.000000
0.000000
0.000000
0.000000
0.000000
0.000000
0.000000
0.000000
0.000000
0.000000
0.000040
0.000000
0.000000
0.000160
0.000140
0.000000
0.000000
0.000000
0.000000
0.000040
0.000000
0.000000
0.000150
0.000000
0.000000
0.000000
0.000210
0.000000
0.000000
0.000000
0.000000
0.000000
0.000000
0.002380
0.000000
0.000000
0.000000
0.000090
0.000000
0.000040
0.000000
0.000000
0.000000
0.000000
0.000000
0.000150
0.000000
0.000000
0.000000
0.000000
0.000010
0.000000
0.000000
0.000150
0.000000
0.000000
0.000000
0.000000
0.000000
0.000000
0.000000
0.000000
0.000000
0.000000
0.000000
0.000000
0.000000
0.000000
0.000020
0.000000
0.000000
0.000000
0.000000
0.000030
0.000000
0.000000
0.000000
0.001600
0.000000
0.000000
0.000000
0.000000
0.177160
0.000000
0.000000
0.000000
0.000000
0.000000
0.000000
0.000000
0.000010
0.000000
0.000000
0.000000
0.000000
0.000010
0.000000
0.000000
0.000000
0.000000
0.000150
0.000000
0.000000
0.000000
0.000000
0.000000
0.000000
0.000350
0.002320
0.000000
0.000000
0.000080
0.000280
0.000000
0.000000
0.000000
0.000320
0.000000
0.000000
0.000000
0.000000
0.000000
0.003100
0.000000
0.000000
0.000000
0.000000
0.000000
0.000000
0.448820
0.000000
0.000000
0.000000
0.000040
0.000000
0.000020
0.000020
0.000040
0.000010
0.000000
0.000000
0.003100
0.000000
0.000000
0.000000
0.000040
0.000000
0.000040
0.000000
0.000000
0.000000
0.000000
0.000000
0.000000
0.000000
0.000000
0.000000
0.000000
0.000000
0.000000
0.000000
0.000000
0.000000
0.000000
0.000000
0.000000
0.000000
0.000000
0.000000
0.000000
0.000000
0.000000
0.000000
0.000000
0.000000
0.000000
0.000000
0.000000
0.000000
0.000000
0.000000
0.000000
0.000000
0.000000
0.000000
0.000000
0.000000
0.000000
0.000000
0.000000
0.000000
0.000000
0.000000
0.000540
0.000320
0.000000
0.000000
0.002810
0.000000
0.000640
0.000000
0.000000
0.000000
0.000000
0.000000
0.000000
0.000000
0.001470
0.000000
0.000000
0.000000
0.001240
0.000180
0.000000
0.000000
0.000000
0.000000
0.000010
0.000000
0.000000
0.000000
0.000000
0.000000
0.000000
0.000190
0.000000
0.000000
0.000000
0.000000
0.000000
0.000000
0.000000
0.000000
0.000090
0.000000
0.000000
0.000000
0.000000
0.000000
0.000000
0.000020
0.000000
0.000000
0.000000
0.002380
0.000000
0.000000
0.000000
0.000000
0.000000
0.000000
0.000000
0.000000
0.000000
0.000000
0.000020
0.000000
0.000000
0.000000
0.000000
0.000000
0.000000
0.000000
0.000000
0.000000
0.000000
0.000000
0.000000
0.000000
0.000000
0.000000
0.000010
0.000000
0.000020
0.000000
0.000000
0.000000
0.000000
0.000000
0.000000
0.000000
0.000000
0.000010
0.000000
0.000010
0.000000
0.000000
0.000000
0.001410
0.000000
0.000000
0.000000
0.000000
0.175880
0.000000
0.000000
0.000000
0.000000
0.000000
0.000000
0.000000
0.000000
0.000000
0.000000
0.000000
0.000010
0.000000
0.000000
0.000000
0.000000
0.000000
0.000150
0.000000
0.000000
0.000000
0.000000
0.000000
0.000000
0.000000
0.000000
0.000000
0.000000
0.000050
0.000000
0.000000
0.000000
0.000000
0.000300
0.000000
0.000010
0.000000
0.000000
0.000000
0.000000
0.000000
0.000000
0.000790
0.000000
0.000000
0.000000
0.444650
0.000000
0.000000
0.000000
0.000040
0.000000
0.000000
0.000000
0.000000
0.000000
0.000000
0.000000
0.000000
0.000000
0.000000
0.000000
0.000000
0.000000
0.000050
0.000000
0.000000
0.000360
0.000000
0.000000
0.000000
0.000000
0.000000
0.000000
0.000000
0.000000
0.000000
0.000000
0.000000
0.000000
0.000000
0.000000
0.000000
0.000000
0.000000
0.000000
0.000000
0.000000
0.000000
0.000000
0.000000
0.000000
0.000000
0.000000
0.000000
0.000000
0.000000
0.000000
0.000000
0.000000
0.000000
0.000000
0.000000
0.000000
0.000000
0.000000
0.000000
0.000000
0.000000
0.000000
0.000000
0.000000
0.000200
0.002800
0.000000
0.000680
0.000000
0.000150
0.004220
0.000060
0.000000
0.000060
0.044630
0.000870
0.000000
0.000160
0.100670
0.001030
0.000000
0.000000
0.000000
0.000000
0.000000
0.000010
0.000000
0.000000
0.000000
0.000130
0.000070
0.000020
0.000190
0.000000
0.000010
0.000030
0.000000
0.000000
0.000000
0.000010
0.000010
0.000000
0.000000
0.000000
0.000000
0.000000
0.000100
0.000010
0.000000
0.000000
0.000000
0.000030
0.002260
0.000000
0.000000
0.000000
0.000070
0.017250
0.000060
0.000120
0.000020
0.000110
0.000000
0.000010
0.000000
0.000020
0.000000
0.000000
0.000020
0.001450
0.000050
0.000000
0.000000
0.000010
0.000000
0.000000
0.000000
0.000000
0.000000
0.000020
0.000000
0.000020
0.000000
0.000000
0.000000
0.000000
0.000000
0.000000
0.000000
0.000000
0.000010
0.000000
0.000010
0.000000
0.000000
0.000020
0.001010
0.000000
0.000000
0.000000
0.000030
0.175270
0.000000
0.000000
0.000000
0.000000
0.000000
0.000000
0.000080
0.000000
0.000000
0.000060
0.000010
0.000000
0.000000
0.000000
0.000000
0.000000
0.000000
0.000140
0.000000
0.000000
0.000000
0.000000
0.000000
0.000000
0.000000
0.000000
0.000010
0.000020
0.000000
0.000000
0.000010
0.000000
0.000000
0.000140
0.000000
0.000010
0.000000
0.000000
0.000000
0.000010
0.001790
0.000010
0.000000
0.000000
0.000000
0.001650
0.421590
0.000000
0.000060
0.000130
0.000000
0.000000
0.000010
0.000030
0.000040
0.000110
0.000210
0.000460
0.000210
0.000210
0.000030
0.000000
0.000020
0.001260
0.000040
0.000000
0.000000
0.000400
0.000000
0.000000
0.000000
0.000000
0.000000
0.000000
0.000000
0.000000
0.000000
0.000000
0.000000
0.000000
0.000000
0.000000
0.000000
0.000000
0.000000
0.000000
0.000000
0.000000
0.000000
0.000000
0.000000
0.000000
0.000000
0.000000
0.000000
0.000000
0.000000
0.000000
0.000000
0.000000
0.000000
0.000000
0.000000
0.000000
0.000000
0.000000
0.000000
0.000000
0.000000
0.000000
0.000000
0.000000
0.001900
0.000060
0.000000
0.000460
0.000000
0.005000
0.000220
0.000030
0.000000
0.051300
0.000480
0.000030
0.000000
0.113170
0.000330
0.000110
0.000000
0.000000
0.000000
0.000000
0.000000
0.000000
0.000000
0.000000
0.000160
0.000090
0.000060
0.000170
0.000040
0.000000
0.000030
0.000000
0.000000
0.000000
0.000000
0.000010
0.000020
0.000000
0.000000
0.000000
0.000000
0.000140
0.000000
0.000010
0.000000
0.000000
0.000000
0.001610
0.000010
0.000000
0.000050
0.000000
0.020790
0.000060
0.000050
0.000080
0.000130
0.000060
0.000000
0.000110
0.000000
0.000000
0.000010
0.000000
0.002040
0.000050
0.000000
0.000000
0.000010
0.000000
0.000000
0.000000
0.000000
0.000000
0.000020
0.000000
0.000000
0.000000
0.000000
0.000010
0.000000
0.000000
0.000000
0.000000
0.000000
0.000010
0.000000
0.000000
0.000000
0.000000
0.000020
0.000760
0.000000
0.000000
0.000030
0.000000
0.174240
0.000010
0.000000
0.000010
0.000000
0.000000
0.000000
0.000090
0.000000
0.000000
0.000300
0.000010
0.000000
0.000000
0.000000
0.000010
0.000000
0.000000
0.000110
0.000000
0.000000
0.000000
0.000000
0.000000
0.000000
0.000000
0.000020
0.000000
0.000020
0.000000
0.000000
0.000000
0.000010
0.000000
0.000000
0.000360
0.000000
0.000000
0.000000
0.000000
0.000000
0.001920
0.000030
0.000000
0.000000
0.000000
0.000000
0.332860
0.000420
0.000000
0.000130
0.000020
0.000000
0.000000
0.000040
0.000020
0.000110
0.000230
0.000920
0.000270
0.000170
0.000100
0.000010
0.000000
0.001780
0.000030
0.000000
0.000000
0.000440
0.000000
0.000000
0.000000
0.000000
0.000000
0.000000
0.000000
0.000000
0.000000
0.000000
0.000000
0.000000
0.000000
0.000000
0.000000
0.000000
0.000000
0.000000
0.000000
0.000000
0.000000
0.000000
0.000000
0.000000
0.000000
0.000000
0.000000
0.000000
0.000000
0.000000
0.000000
0.000000
0.000000
0.000000
0.000000
0.000000
0.000000
0.000000
0.000000
0.000000
0.000000
0.000000
0.000000
0.000000
0.000000
0.000000
0.001110
0.000000
0.005530
0.000000
0.000000
0.000000
0.057230
0.000000
0.000000
0.000000
0.127330
0.000000
0.000000
0.000000
0.000320
0.000010
0.000000
0.000000
0.000000
0.000000
0.000000
0.000170
0.000000
0.000000
0.000000
0.000000
0.000000
0.000050
0.000000
0.000000
0.000020
0.000000
0.000000
0.000000
0.000000
0.000000
0.000000
0.000000
0.000130
0.000000
0.000000
0.000000
0.002670
0.000000
0.000300
0.000000
0.000000
0.000080
0.000000
0.023550
0.000000
0.000000
0.000000
0.000000
0.000000
0.000000
0.000180
0.000000
0.000000
0.000000
0.000000
0.002660
0.000000
0.000000
0.000000
0.000000
0.000000
0.000000
0.000000
0.000070
0.000000
0.000010
0.000000
0.000000
0.000010
0.000000
0.000030
0.000000
0.000000
0.000000
0.000000
0.000010
0.000010
0.000000
0.000000
0.000010
0.000000
0.000020
0.000000
0.000000
0.000000
0.000020
0.000000
0.173680
0.000000
0.000000
0.000000
0.000000
0.000110
0.000000
0.000080
0.000000
0.000000
0.000340
0.000000
0.000000
0.000000
0.000010
0.000010
0.000000
0.000000
0.000000
0.000000
0.000000
0.000000
0.000000
0.000000
0.000000
0.000000
0.000030
0.000000
0.000000
0.000000
0.000000
0.000130
0.000000
0.000000
0.000000
0.000530
0.000000
0.000000
0.000000
0.000190
0.000020
0.001940
0.000000
0.000000
0.000000
0.346110
0.000370
0.147980
0.000000
0.000000
0.000040
0.000000
0.000000
0.000000
0.000010
0.000000
0.000000
0.000000
0.000000
0.000000
0.000000
0.000000
0.000000
0.000000
0.002130
0.000000
0.000000
0.000000
0.000460
0.000000
0.000000
0.000000
0.000000
0.000000
0.000000
0.000000
0.000000
0.000000
0.000000
0.000000
0.000000
0.000000
0.000000
0.000000
0.000000
0.000000
0.000000
0.000000
0.000000
0.000000
0.000000
0.000000
0.000000
0.000000
0.000000
0.000000
0.000000
0.000000
0.000000
0.000000
0.000000
0.000000
0.000000
0.000000
0.000000
0.000000
0.000000
0.000000
0.000000
0.000000
0.000000
0.000000
0.000000
0.000000
0.001130
0.000000
0.005410
0.000000
0.000000
0.000000
0.057360
0.000000
0.000000
0.000000
0.131830
0.000000
0.000050
0.000000
0.000600
0.000000
0.000000
0.000000
0.000000
0.000000
0.000000
0.000000
0.000000
0.000000
0.000000
0.000000
0.000600
0.000000
0.000000
0.000000
0.000020
0.000000
0.000000
0.000000
0.000000
0.000010
0.000000
0.000000
0.000110
0.000000
0.000000
0.000000
0.002730
0.000000
0.000000
0.000000
0.000000
0.000000
0.000000
0.023460
0.000000
0.000000
0.000000
0.002660
0.000000
0.000450
0.000000
0.000000
0.000000
0.000000
0.000000
0.002660
0.000000
0.000000
0.000000
0.000000
0.000070
0.000000
0.000000
0.000070
0.000000
0.000000
0.000000
0.000000
0.000000
0.000000
0.000000
0.000000
0.000000
0.000000
0.000000
0.000000
0.000000
0.000000
0.000020
0.000000
0.000000
0.000000
0.000000
0.000010
0.000220
0.000000
0.000000
0.169140
0.000000
0.000000
0.000000
0.000000
0.000110
0.000000
0.000000
0.000000
0.000000
0.000000
0.000000
0.000000
0.000030
0.000000
0.000000
0.000000
0.000020
0.000030
0.000000
0.000000
0.000000
0.000000
0.000000
0.000000
0.000000
0.000000
0.000000
0.000000
0.000000
0.000060
0.000140
0.000000
0.000000
0.000000
0.000530
0.000000
0.000000
0.000000
0.000300
0.000000
0.000000
0.000000
0.000000
0.000000
0.490710
0.000000
0.000000
0.000000
0.000000
0.000000
0.000000
0.000020
0.000000
0.000000
0.000000
0.000000
0.000000
0.002380
0.000080
0.000110
0.000040
0.000000
0.000000
0.002120
0.000000
0.000000
0.000000
0.000500
0.000000
0.000000
0.000000
0.000000
0.000000
0.000000
0.000000
0.000000
0.000000
0.000000
0.000000
0.000000
0.000000
0.000000
0.000000
0.000000
0.000000
0.000000
0.000000
0.000000
0.000000
0.000000
0.000000
0.000000
0.000000
0.000000
0.000000
0.000000
0.000000
0.000000
0.000000
0.000000
0.000000
0.000000
0.000000
0.000000
0.000000
0.000000
0.000000
0.000000
0.000000
0.000000
0.000000
0.000000
0.000000
0.000000
0.000000
0.000470
0.000000
0.000440
0.050760
0.000220
0.000000
0.000050
0.133110
0.000120
0.000000
0.000040
0.000730
0.000000
0.000000
0.000000
0.000000
0.000000
0.000000
0.000010
0.000000
0.000000
0.000000
0.002120
0.000440
0.000000
0.000010
0.000000
0.000020
0.000000
0.000000
0.000000
0.000000
0.000000
0.000010
0.000000
0.000000
0.000000
0.000000
0.000000
0.002930
0.000010
0.000000
0.000000
0.000000
0.000630
0.004990
0.000000
0.000260
0.000000
0.000030
0.011810
0.000260
0.001290
0.000120
0.000600
0.000000
0.000000
0.000000
0.001710
0.000080
0.000000
0.000050
0.001340
0.000270
0.000010
0.000040
0.000110
0.000020
0.000000
0.000000
0.000000
0.000270
0.024220
0.000000
0.000150
0.000000
0.000100
0.000000
0.000000
0.000000
0.000000
0.000000
0.000030
0.000530
0.000000
0.000030
0.000000
0.000190
0.004210
0.013600
0.000000
0.000080
0.000000
0.000000
0.000020
0.000000
0.000000
0.000000
0.000000
0.000000
0.000030
0.000990
0.000000
0.000030
0.000000
0.000000
0.000000
0.000000
0.000030
0.000010
0.000000
0.000000
0.000000
0.000000
0.000000
0.000000
0.000000
0.000000
0.000000
0.000000
0.000000
0.000060
0.000010
0.000000
0.000000
0.000240
0.000010
0.000000
0.000000
0.000000
0.000030
0.000000
0.000000
0.000000
0.000110
0.490540
0.000100
0.000000
0.000000
0.000000
0.000000
0.000060
0.000000
0.000000
0.000030
0.000000
0.000000
0.000000
0.002480
0.000060
0.000080
0.000050
0.000000
0.000000
0.001600
0.000010
0.000000
0.000000
0.000500
0.000000
0.000000
0.000000
0.000000
0.000000
0.000000
0.000000
0.000000
0.000000
0.000000
0.000000
0.000000
0.000000
0.000000
0.000000
0.000000
0.000000
0.000000
0.000000
0.000000
0.000000
0.000000
0.000000
0.000000
0.000000
0.000000
0.000000
0.000000
0.000000
0.000000
0.000000
0.000000
0.000000
0.000000
0.000000
0.000000
0.000000
0.000000
0.000000
0.000000
0.000000
0.000000
0.000000
0.000000
0.000000
0.000000
0.000000
0.000110
0.000000
0.026680
0.002560
0.000180
0.000000
0.132430
0.000510
0.000040
0.000000
0.000690
0.000020
0.000000
0.000000
0.000000
0.000000
0.000000
0.000000
0.000350
0.000000
0.000000
0.003500
0.000260
0.000020
0.000010
0.000000
0.000000
0.000000
0.000000
0.000000
0.000000
0.000000
0.000050
0.000010
0.000000
0.000000
0.000000
0.000000
0.002680
0.000030
0.000030
0.000000
0.000000
0.000000
0.005450
0.003500
0.000000
0.000410
0.000000
0.012900
0.000930
0.001110
0.000290
0.000590
0.000120
0.000000
0.000460
0.000000
0.000200
0.000120
0.000000
0.001710
0.000340
0.000070
0.000070
0.000080
0.000050
0.000010
0.000000
0.000000
0.000000
0.033710
0.000100
0.000000
0.000090
0.000000
0.000040
0.000000
0.000000
0.000000
0.000000
0.000000
0.000600
0.000020
0.000000
0.000270
0.000000
0.005620
0.012090
0.009040
0.000000
0.000070
0.000000
0.000020
0.000010
0.000000
0.000000
0.000000
0.000000
0.000000
0.001220
0.000040
0.000000
0.000040
0.000000
0.000010
0.000000
0.000000
0.000080
0.000000
0.000000
0.000000
0.000000
0.000000
0.000000
0.000000
0.000000
0.000000
0.000000
0.000010
0.000000
0.000030
0.000000
0.000000
0.000000
0.000070
0.000000
0.000000
0.000090
0.000000
0.000470
0.000000
0.000000
0.000000
0.488590
0.000260
0.000060
0.000000
0.000000
0.000000
0.000120
0.000010
0.000000
0.000020
0.000000
0.000000
0.000000
0.002530
0.000000
0.000070
0.000040
0.000000
0.000010
0.001040
0.000020
0.000000
0.000000
0.000480
0.000000
0.000000
0.000000
0.000000
0.000000
0.000000
0.000000
0.000000
0.000000
0.000000
0.000000
0.000000
0.000000
0.000000
0.000000
0.000000
0.000000
0.000000
0.000000
0.000000
0.000000
0.000000
0.000000
0.000000
0.000000
0.000000
0.000000
0.000000
0.000000
0.000000
0.000000
0.000000
0.000000
0.000000
0.000000
0.000000
0.000000
0.000000
0.000000
0.000000
0.000000
0.000000
0.000000
0.000000
0.000000
0.000000
0.000000
0.000000
0.017640
0.000000
0.000000
0.000000
0.120730
0.000000
0.000000
0.000000
0.000540
0.000000
0.000000
0.000000
0.000000
0.000000
0.000020
0.000140
0.000500
0.000000
0.000010
0.004380
0.000000
0.000000
0.000000
0.000000
0.000000
0.000000
0.000000
0.000000
0.000000
0.000000
0.000050
0.000000
0.000000
0.000010
0.000000
0.000000
0.001610
0.000000
0.000000
0.000000
0.000260
0.016010
0.005170
0.000000
0.000000
0.000690
0.000000
0.012520
0.000000
0.000000
0.000000
0.000000
0.000000
0.000000
0.000560
0.000000
0.000090
0.000000
0.000000
0.001730
0.000000
0.000000
0.000000
0.000000
0.000000
0.000000
0.000000
0.000070
0.002220
0.039480
0.000000
0.000000
0.000090
0.000000
0.000070
0.000000
0.000140
0.005730
0.000040
0.000220
0.000560
0.000000
0.000000
0.000370
0.000000
0.004580
0.000000
0.000000
0.000000
0.001040
0.000000
0.000030
0.000000
0.000000
0.000000
0.000000
0.000000
0.001230
0.001500
0.000000
0.000000
0.000050
0.000000
0.000000
0.000000
0.000020
0.000140
0.000000
0.000000
0.000000
0.000000
0.000000
0.000000
0.000000
0.000000
0.000000
0.000010
0.000010
0.000000
0.000030
0.000000
0.000000
0.000020
0.000080
0.000000
0.000000
0.000070
0.000000
0.000410
0.000000
0.001380
0.001690
0.484240
0.000000
0.000000
0.000000
0.000260
0.000410
0.000140
0.000000
0.000000
0.000040
0.000000
0.000000
0.000090
0.002650
0.000000
0.000000
0.000000
0.000000
0.000000
0.000000
0.000000
0.000000
0.000000
0.000460
0.000000
0.000000
0.000000
0.000000
0.000000
0.000000
0.000000
0.000000
0.000000
0.000000
0.000000
0.000000
0.000000
0.000000
0.000000
0.000000
0.000000
0.000000
0.000000
0.000000
0.000000
0.000000
0.000000
0.000000
0.000000
0.000000
0.000000
0.000000
0.000000
0.000000
0.000000
0.000000
0.000000
0.000000
0.000000
0.000000
0.000000
0.000000
0.000000
0.000000
0.000000
0.000000
0.000000
0.000000
0.000000
0.000000
0.000000
0.000000
0.000000
0.000000
0.000000
0.000000
0.016280
0.000000
0.000000
0.000000
0.000140
0.000000
0.000000
0.000000
0.000000
0.000010
0.000180
0.000490
0.000020
0.000000
0.004340
0.000030
0.000000
0.000000
0.000000
0.000000
0.000000
0.000000
0.000000
0.000000
0.000020
0.000030
0.000030
0.000000
0.000000
0.000000
0.000020
0.000000
0.000130
0.000000
0.000000
0.000000
0.023390
0.004530
0.001940
0.000000
0.000000
0.000930
0.000000
0.009780
0.000000
0.000000
0.000000
0.000000
0.000000
0.000000
0.000660
0.000000
0.002900
0.000000
0.000000
0.000670
0.000000
0.000000
0.000000
0.000000
0.000000
0.000000
0.000000
0.002630
0.037210
0.000220
0.000000
0.000000
0.000070
0.000000
0.000200
0.000000
0.009430
0.000020
0.000140
0.000540
0.000020
0.000000
0.000000
0.001130
0.000000
0.013210
0.000000
0.000000
0.000000
0.000790
0.000000
0.001740
0.000000
0.000000
0.000050
0.000000
0.001900
0.001440
0.000160
0.000000
0.000000
0.000080
0.000000
0.000000
0.000000
0.000140
0.000000
0.000000
0.000000
0.000000
0.000000
0.000000
0.000000
0.000000
0.000000
0.000030
0.000000
0.000010
0.000000
0.000090
0.000000
0.000000
0.000090
0.000010
0.000000
0.000000
0.001710
0.000000
0.252150
0.000000
0.012660
0.172870
0.000690
0.000000
0.000000
0.000000
0.000420
0.000000
0.000040
0.000000
0.000000
0.000070
0.000000
0.000000
0.002770
0.000000
0.000000
0.000000
0.000000
0.000000
0.000000
0.000000
0.000000
0.000000
0.000000
0.000000
0.000000
0.000000
0.000000
0.000000
0.000000
0.000000
0.000000
0.000000
0.000000
0.000000
0.000000
0.000000
0.000000
0.000000
0.000000
0.000000
0.000000
0.000000
0.000000
0.000000
0.000000
0.000000
0.000000
0.000000
0.000000
0.000000
0.000000
0.000000
0.000000
0.000000
0.000000
0.000000
0.000000
0.000000
0.000000
0.000000
0.000000
0.000000
0.000000
0.000000
0.000000
0.000000
0.000000
0.000000
0.000000
0.000000
0.000000
0.000000
0.000000
0.003630
0.024880
0.000000
0.001220
0.000430
0.000080
0.000000
0.000030
0.000000
0.000000
0.000000
0.000000
0.000000
0.000000
0.000000
0.004350
0.000000
0.000000
0.000010
0.000000
0.000000
0.000000
0.000000
0.000000
0.000000
0.000010
0.000000
0.000000
0.000000
0.000050
0.000000
0.000000
0.000000
0.000140
0.000000
0.000340
0.000630
0.022180
0.000000
0.000000
0.000000
0.000370
0.000940
0.000000
0.010510
0.000000
0.000460
0.000100
0.000070
0.000120
0.000090
0.000540
0.000000
0.003580
0.000000
0.000290
0.000620
0.000000
0.000650
0.000120
0.000080
0.000040
0.000040
0.000180
0.002490
0.000000
0.000000
0.000000
0.000290
0.000090
0.000000
0.000280
0.000000
0.009330
0.000000
0.000000
0.000000
0.000000
0.000000
0.000190
0.001120
0.000000
0.014200
0.000000
0.012810
0.001210
0.000830
0.000000
0.001780
0.000000
0.000710
0.000050
0.000000
0.002050
0.000000
0.000000
0.000000
0.000160
0.000080
0.000000
0.000180
0.000010
0.000110
0.000000
0.000000
0.000010
0.000000
0.000000
0.000000
0.000000
0.000000
0.000010
0.000030
0.000000
0.000000
0.000000
0.000100
0.000000
0.000000
0.000090
0.000000
0.000000
0.000030
0.001470
0.000000
0.396390
0.000000
0.019640
0.000000
0.000000
0.000000
0.000170
0.000020
0.000330
0.000000
0.000000
0.000000
0.000130
0.000100
0.000000
0.000380
0.001960
0.000000
0.000000
0.000000
0.000000
0.000010
0.000000
0.000000
0.000010
0.000000
0.000020
0.000010
0.000000
0.000010
0.000000
0.000000
0.000000
0.000000
0.000000
0.000000
0.000000
0.000000
0.000000
0.000000
0.000000
0.000000
0.000000
0.000000
0.000000
0.000000
0.000000
0.000000
0.000000
0.000000
0.000000
0.000000
0.000000
0.000000
0.000000
0.000000
0.000000
0.000000
0.000000
0.000000
0.000000
0.000000
0.000000
0.000000
0.000000
0.000000
0.000000
0.000000
0.000000
0.000000
0.000000
0.000000
0.000000
0.000000
0.000000
0.000000
0.000000
0.000000
0.000000
0.001950
0.000000
0.000000
0.000000
0.000080
0.000000
0.000000
0.000000
0.000040
0.000020
0.000380
0.000010
0.004220
0.000000
0.000010
0.000040
0.000000
0.000000
0.000000
0.000000
0.000000
0.000000
0.000000
0.000000
0.000100
0.000000
0.000050
0.000000
0.000000
0.000020
0.000070
0.000000
0.000450
0.000000
0.000000
0.000000
0.024560
0.000200
0.000330
0.000000
0.000000
0.009800
0.000000
0.000690
0.000000
0.000000
0.000000
0.000000
0.000000
0.000000
0.003980
0.000000
0.000240
0.000000
0.000000
0.000850
0.000000
0.000000
0.000000
0.000000
0.000000
0.000000
0.000000
0.004620
0.000250
0.000530
0.000000
0.000000
0.000330
0.000000
0.008960
0.000000
0.001180
0.000010
0.000000
0.000030
0.000060
0.000000
0.000000
0.011580
0.000000
0.015440
0.000000
0.000000
0.000000
0.001790
0.000000
0.001150
0.000000
0.000000
0.001760
0.000000
0.000640
0.000070
0.000350
0.000000
0.000000
0.000280
0.000000
0.000000
0.000000
0.000020
0.000000
0.000000
0.000000
0.000000
0.000000
0.000000
0.000010
0.000000
0.000000
0.000020
0.000000
0.000100
0.000000
0.000010
0.000000
0.000000
0.000010
0.000020
0.000000
0.000000
0.428040
0.000000
0.019140
0.000000
0.003020
0.000110
0.000240
0.000000
0.000000
0.000000
0.000040
0.000010
0.000190
0.000000
0.000000
0.000540
0.000000
0.000000
0.000160
0.000000
0.000000
0.000000
0.000000
0.000000
0.000000
0.000000
0.000000
0.000000
0.000000
0.000030
0.000000
0.000000
0.000000
0.000000
0.000000
0.000000
0.000000
0.000000
0.000000
0.000000
0.000000
0.000000
0.000000
0.000000
0.000000
0.000000
0.000000
0.000000
0.000000
0.000000
0.000000
0.000000
0.000000
0.000000
0.000000
0.000000
0.000000
0.000000
0.000000
0.000000
0.000000
0.000000
0.000000
0.000000
0.000000
0.000000
0.000000
0.000000
0.000000
0.000000
0.000000
0.000000
0.000000
0.000000
0.000000
0.000000
0.000000
0.000000
0.000000
0.000000
0.000040
0.000050
0.000100
0.000000
0.000010
0.000000
0.000050
0.000000
0.000000
0.000000
0.000000
0.000000
0.000010
0.000000
0.000000
0.000000
0.000000
0.000000
0.000000
0.000000
0.000000
0.000000
0.000080
0.000000
0.000000
0.000000
0.000000
0.000030
0.000000
0.000000
0.000410
0.000000
0.001570
0.001500
0.015740
0.000000
0.000000
0.000000
0.013990
0.005650
0.000000
0.000580
0.000000
0.000020
0.000030
0.000050
0.000090
0.000060
0.003020
0.000000
0.000220
0.000000
0.000050
0.000650
0.000000
0.000110
0.000200
0.000110
0.000070
0.000190
0.000170
0.003520
0.000000
0.000000
0.000000
0.000020
0.000320
0.000000
0.008840
0.000000
0.001110
0.000000
0.000000
0.000000
0.000000
0.000000
0.000580
0.010330
0.000000
0.015600
0.000000
0.000200
0.000110
0.001610
0.000000
0.001050
0.000000
0.000010
0.001570
0.000000
0.000520
0.000000
0.000000
0.000000
0.000000
0.000160
0.000000
0.000000
0.000000
0.000010
0.000000
0.000000
0.000000
0.000000
0.000000
0.000000
0.000010
0.000000
0.000000
0.000020
0.000000
0.000000
0.000000
0.000000
0.000000
0.000000
0.000010
0.000000
0.000000
0.001690
0.390610
0.000000
0.016740
0.000000
0.002990
0.000000
0.000000
0.000000
0.000000
0.000010
0.000030
0.000000
0.000000
0.000000
0.000050
0.000540
0.000000
0.000070
0.000140
0.000000
0.000000
0.000000
0.000010
0.000000
0.000000
0.000000
0.000010
0.000000
0.000000
0.000030
0.000000
0.000000
0.000000
0.000000
0.000000
0.000000
0.000000
0.000000
0.000000
0.000000
0.000000
0.000000
0.000000
0.000000
0.000000
0.000000
0.000000
0.000000
0.000000
0.000000
0.000000
0.000000
0.000000
0.000000
0.000000
0.000000
0.000000
0.000000
0.000000
0.000000
0.000000
0.000000
0.000000
0.000000
0.000000
0.000000
0.000000
0.000000
0.000000
0.000000
0.000000
0.000000
0.000000
0.000000
0.000000
0.000000
0.000000
0.000000
0.000000
0.000000
0.000000
0.000000
0.000000
0.000010
0.000000
0.000000
0.000000
0.000040
0.000260
0.000000
0.000000
0.000000
0.000000
0.000000
0.000000
0.000000
0.000000
0.000000
0.000000
0.000000
0.000010
0.000000
0.000000
0.000000
0.000000
0.000000
0.000000
0.000000
0.000000
0.000320
0.000000
0.000000
0.000000
0.000000
0.000000
0.000000
0.000160
0.019520
0.000000
0.000000
0.000230
0.000000
0.000000
0.000000
0.000000
0.000000
0.000000
0.000000
0.000000
0.000000
0.000000
0.000090
0.000000
0.000000
0.000000
0.000000
0.000000
0.000000
0.000000
0.000000
0.000000
0.000000
0.000000
0.000000
0.000000
0.000000
0.000000
0.007100
0.000000
0.000930
0.000000
0.000000
0.000030
0.000070
0.000000
0.000300
0.000000
0.000000
0.012060
0.000000
0.000210
0.000000
0.000000
0.000000
0.000760
0.000000
0.000000
0.000000
0.000000
0.000270
0.000000
0.000000
0.000000
0.000000
0.000000
0.000000
0.000000
0.000000
0.000000
0.000000
0.000000
0.000000
0.000000
0.000000
0.000000
0.000000
0.000000
0.000010
0.000000
0.000000
0.000000
0.000000
0.000000
0.000000
0.000000
0.000000
0.000000
0.000000
0.001870
0.000000
0.000000
0.000000
0.000000
0.002890
0.000000
0.000190
0.000080
0.000000
0.000000
0.000000
0.000000
0.000000
0.000010
0.000000
0.000000
0.000000
0.000060
0.000000
0.000000
0.000000
0.000000
0.000000
0.000000
0.000000
0.000000
0.000000
0.000000
0.000000
0.000000
0.000000
0.000000
0.000000
0.000000
0.000000
0.000000
0.000000
0.000000
0.000000
0.000000
0.000000
0.000000
0.000000
0.000000
0.000000
0.000000
0.000000
0.000000
0.000000
0.000000
0.000000
0.000000
0.000000
0.000000
0.000000
0.000000
0.000000
0.000000
0.000000
0.000000
0.000000
0.000000
0.000000
0.000000
0.000000
0.000000
0.000000
0.000000
0.000000
0.000000
0.000000
0.000000
0.000000
0.000000
0.000000
0.000000
0.000000
0.000000
0.000000
0.000000
0.000000
0.000000
0.000000
0.000030
0.000000
0.000000
0.000000
0.000290
0.000890
0.000000
0.000000
0.000000
0.000000
0.000020
0.000000
0.000000
0.000000
0.000000
0.000000
0.000000
0.000030
0.000000
0.000000
0.000000
0.000170
0.000000
0.000000
0.000000
0.000280
0.000280
0.000000
0.000000
0.000000
0.000000
0.000000
0.000000
0.019950
0.000370
0.000000
0.000000
0.000020
0.000000
0.000000
0.000000
0.000000
0.000000
0.000000
0.000000
0.000000
0.000000
0.000000
0.000140
0.000000
0.000000
0.000000
0.000000
0.000000
0.000000
0.000000
0.000000
0.000000
0.000000
0.000000
0.000000
0.000000
0.000000
0.000000
0.000340
0.000000
0.000070
0.000000
0.000000
0.000100
0.000030
0.000000
0.001220
0.000000
0.000000
0.000500
0.000000
0.000160
0.000000
0.000000
0.000000
0.000160
0.000000
0.000000
0.000000
0.000000
0.000070
0.000000
0.000000
0.000000
0.000000
0.000000
0.000000
0.000000
0.000000
0.000000
0.000000
0.000000
0.000000
0.000000
0.000000
0.000000
0.000000
0.000000
0.000020
0.000000
0.000000
0.000000
0.000030
0.000000
0.000000
0.000000
0.000000
0.000000
0.000000
0.423260
0.000000
0.000000
0.000000
0.000000
0.000620
0.000000
0.000140
0.000210
0.000000
0.000000
0.000000
0.000000
0.000000
0.000070
0.000000
0.000000
0.000000
0.000070
0.000000
0.000000
0.000000
0.000140
0.000000
0.000000
0.000000
0.000000
0.000000
0.000000
0.000000
0.000000
0.000000
0.000000
0.000000
0.000000
0.000000
0.000000
0.000000
0.000000
0.000020
0.000000
0.000000
0.000000
0.000000
0.000000
0.000000
0.000000
0.000000
0.000000
0.000000
0.000000
0.000000
0.000000
0.000000
0.000000
0.000000
0.000000
0.000000
0.000000
0.000000
0.000000
0.000000
0.000000
0.000000
0.000000
0.000000
0.000000
0.000000
0.000000
0.000000
0.000000
0.000000
0.000000
0.000000
0.000000
0.000000
0.000000
0.000000
0.000000
0.000000
0.000000
0.000000
0.000000
0.000030
0.000000
0.000000
0.000000
0.003520
0.000010
0.000100
0.000020
0.000000
0.000000
0.000000
0.000000
0.000000
0.000000
0.000000
0.000000
0.000000
0.000000
0.000000
0.000000
0.000250
0.000000
0.000000
0.000000
0.000000
0.000440
0.000030
0.000000
0.213010
0.000000
0.000000
0.000000
0.019310
0.000030
0.000000
0.000000
0.000000
0.000000
0.000000
0.000170
0.000000
0.000000
0.000000
0.000000
0.000000
0.000000
0.000060
0.000000
0.000010
0.000000
0.000000
0.001590
0.000000
0.000000
0.000000
0.000000
0.000000
0.000000
0.000000
0.000120
0.000020
0.000000
0.000000
0.000000
0.000000
0.000000
0.000000
0.000000
0.000030
0.000020
0.000000
0.000530
0.000000
0.000000
0.000000
0.000000
0.000000
0.000000
0.000000
0.000000
0.000000
0.000000
0.000000
0.000890
0.000000
0.000000
0.000000
0.000000
0.000650
0.000010
0.000030
0.000000
0.000000
0.000000
0.000000
0.000000
0.000000
0.000000
0.000000
0.000000
0.000000
0.000000
0.000000
0.000000
0.000000
0.000000
0.000000
0.000030
0.000000
0.000000
0.000000
0.000000
0.000000
0.000000
0.456850
0.000620
0.000000
0.000000
0.010070
0.000000
0.000010
0.000000
0.000400
0.000000
0.000000
0.000000
0.000000
0.000000
0.000140
0.000000
0.000040
0.000000
0.000000
0.000000
0.000000
0.000000
0.000160
0.000000
0.000000
0.000000
0.000000
0.000000
0.000000
0.000000
0.000000
0.000000
0.000000
0.000050
0.000000
0.000000
0.000000
0.000010
0.000000
0.000000
0.000000
0.000000
0.000000
0.000000
0.000000
0.000000
0.000000
0.000000
0.000000
0.000000
0.000000
0.000000
0.000000
0.000000
0.000000
0.000000
0.000000
0.000000
0.000000
0.000000
0.000000
0.000000
0.000000
0.000000
0.000000
0.000000
0.000000
0.000000
0.000000
0.000000
0.000000
0.000000
0.000000
0.000000
0.000000
0.000000
0.000000
0.000000
0.000000
0.000000
0.000000
0.000000
0.000000
0.000000
0.000310
0.000000
0.004030
0.000000
0.000000
0.000000
0.000000
0.000000
0.000000
0.000000
0.000000
0.000000
0.000000
0.000000
0.000060
0.000000
0.000000
0.000050
0.000230
0.000000
0.000000
0.000000
0.000000
0.000680
0.000000
0.000000
0.217540
0.000000
0.000000
0.000000
0.017600
0.000000
0.000000
0.000000
0.000000
0.000000
0.000000
0.000170
0.000000
0.000000
0.000000
0.000900
0.000000
0.000240
0.000000
0.000000
0.000000
0.000000
0.000000
0.001590
0.000000
0.000000
0.000000
0.000000
0.000050
0.000000
0.000000
0.000150
0.000000
0.000000
0.000000
0.000000
0.000000
0.000000
0.000000
0.000000
0.000000
0.000000
0.000000
0.000000
0.000000
0.000000
0.000210
0.000000
0.000000
0.000000
0.000000
0.000090
0.000070
0.000000
0.000000
0.000910
0.000000
0.000000
0.000000
0.000000
0.000660
0.000000
0.000000
0.000000
0.000000
0.000000
0.000000
0.000000
0.000000
0.000000
0.000000
0.000000
0.000000
0.000010
0.000000
0.000000
0.000000
0.000000
0.000010
0.000000
0.000000
0.000000
0.000000
0.000000
0.000000
0.001370
0.448970
0.000000
0.000000
0.002240
0.009860
0.000000
0.000000
0.000000
0.000440
0.000000
0.000000
0.000000
0.000000
0.000000
0.000140
0.000000
0.000000
0.000000
0.000000
0.000000
0.000000
0.000130
0.000000
0.000000
0.000000
0.000010
0.000000
0.000000
0.000000
0.000000
0.000010
0.000000
0.000000
0.000050
0.000000
0.000000
0.000000
0.000020
0.000000
0.000030
0.000000
0.000000
0.000000
0.000000
0.000000
0.000000
0.000000
0.000000
0.000000
0.000000
0.000000
0.000000
0.000000
0.000000
0.000000
0.000000
0.000000
0.000000
0.000000
0.000000
0.000000
0.000000
0.000000
0.000000
0.000000
0.000000
0.000000
0.000000
0.000000
0.000000
0.000000
0.000000
0.000000
0.000000
0.000000
0.000000
0.000000
0.000000
0.000000
0.000000
0.000000
0.000000
0.000000
0.000000
0.000000
0.000000
0.000000
0.000030
0.000080
0.000000
0.000000
0.000000
0.000000
0.000000
0.000000
0.000000
0.000000
0.000000
0.000000
0.000000
0.000060
0.000000
0.000000
0.000000
0.000000
0.000000
0.000000
0.000000
0.000380
0.213020
0.000000
0.000000
0.000000
0.000000
0.000000
0.000000
0.000010
0.000020
0.000000
0.000000
0.000080
0.000000
0.000000
0.000000
0.000000
0.000000
0.000000
0.000000
0.000000
0.000000
0.000000
0.000050
0.000000
0.000000
0.000000
0.000000
0.000000
0.000000
0.000000
0.000000
0.000000
0.000000
0.000000
0.000000
0.000000
0.000000
0.000000
0.000000
0.000000
0.000000
0.000000
0.000000
0.000000
0.000650
0.000000
0.000110
0.000000
0.000000
0.000000
0.000000
0.000060
0.000000
0.000000
0.000000
0.000600
0.000000
0.000000
0.000000
0.000000
0.000290
0.000000
0.000000
0.000000
0.000000
0.000000
0.000000
0.000000
0.000000
0.000000
0.000000
0.000000
0.000000
0.000000
0.000000
0.000000
0.000000
0.000000
0.000010
0.000000
0.000000
0.000000
0.000000
0.000000
0.000000
0.000000
0.000000
0.000000
0.000000
0.002110
0.000000
0.000000
0.000000
0.000000
0.000230
0.000000
0.000000
0.000020
0.000000
0.000000
0.000000
0.000000
0.000000
0.000000
0.000000
0.000000
0.000000
0.000090
0.000000
0.000000
0.000000
0.000010
0.000000
0.000000
0.000000
0.000000
0.000000
0.000000
0.000000
0.000000
0.000000
0.000000
0.000000
0.000000
0.000000
0.000020
0.000000
0.000000
0.000000
0.000000
0.000000
0.000000
0.000000
0.000000
0.000000
0.000000
0.000000
0.000000
0.000000
0.000000
0.000000
0.000000
0.000000
0.000000
0.000000
0.000000
0.000000
0.000000
0.000000
0.000000
0.000000
0.000000
0.000000
0.000000
0.000000
0.000000
0.000000
0.000000
0.000000
0.000000
0.000000
0.000000
0.000000
0.000000
0.000000
0.000000
0.000000
0.000000
0.000000
0.000000
0.000000
0.000000
0.000000
0.000090
0.000020
0.000000
0.000000
0.000000
0.000000
0.000030
0.000000
0.000000
0.000000
0.000000
0.000000
0.000000
0.000040
0.000000
0.000000
0.000000
0.000060
0.000000
0.000000
0.000000
0.200780
0.001030
0.000000
0.000000
0.000000
0.000000
0.000000
0.000000
0.000050
0.000000
0.000000
0.000000
0.000010
0.000000
0.000000
0.000000
0.000000
0.000000
0.000000
0.000000
0.000000
0.000000
0.000000
0.000220
0.000000
0.000000
0.000000
0.000000
0.000000
0.000000
0.000000
0.000000
0.000000
0.000000
0.000000
0.000000
0.000000
0.000000
0.000000
0.000000
0.000000
0.000000
0.000000
0.000000
0.000760
0.000010
0.000000
0.000040
0.000000
0.000000
0.000030
0.000000
0.000020
0.000000
0.000000
0.000000
0.000060
0.000000
0.000000
0.000000
0.000000
0.000000
0.000000
0.000000
0.000000
0.000000
0.000000
0.000000
0.000000
0.000000
0.000000
0.000000
0.000000
0.000030
0.000000
0.000000
0.000000
0.000000
0.000000
0.000000
0.000000
0.000000
0.000000
0.000310
0.000000
0.000000
0.000000
0.000000
0.000000
0.000000
0.001040
0.000000
0.000000
0.000000
0.000000
0.000000
0.000000
0.000030
0.000010
0.000000
0.000000
0.000000
0.000000
0.000000
0.000030
0.000000
0.000000
0.000000
0.000050
0.000000
0.000000
0.000000
0.000020
0.000000
0.000000
0.000000
0.000000
0.000000
0.000000
0.000000
0.000000
0.000000
0.000000
0.000000
0.000000
0.000000
0.000010
0.000000
0.000000
0.000000
0.000000
0.000000
0.000000
0.000000
0.000000
0.000000
0.000000
0.000000
0.000000
0.000000
0.000000
0.000000
0.000000
0.000000
0.000000
0.000000
0.000000
0.000000
0.000000
0.000000
0.000000
0.000000
0.000000
0.000000
0.000000
0.000000
0.000000
0.000000
0.000000
0.000000
0.000000
0.000000
0.000000
0.000000
0.000000
0.000000
0.000000
0.000000
0.000000
0.000000
0.000000
0.000000
0.000000
0.000050
0.000000
0.000780
0.000220
0.000560
0.000000
0.001380
0.000780
0.000000
0.000000
0.000000
0.000000
0.000000
0.000020
0.000000
0.000000
0.000090
0.000010
0.000130
0.000000
0.000000
0.001460
0.000720
0.000000
0.011830
0.000000
0.000000
0.000000
0.000070
0.000000
0.000000
0.000000
0.000000
0.000010
0.000000
0.000010
0.000000
0.000000
0.000000
0.000000
0.000000
0.000000
0.000340
0.000000
0.000210
0.000000
0.000000
0.000190
0.000000
0.000000
0.000000
0.000000
0.000000
0.000000
0.000000
0.000000
0.000000
0.000000
0.000000
0.000000
0.000000
0.000000
0.000010
0.000000
0.000760
0.000010
0.000000
0.000050
0.000000
0.000000
0.000000
0.000010
0.000000
0.000000
0.000000
0.000000
0.000000
0.000030
0.000000
0.000180
0.000000
0.000000
0.000020
0.000000
0.000080
0.000020
0.000050
0.000000
0.000000
0.000020
0.000000
0.000000
0.000000
0.000070
0.000000
0.000000
0.000000
0.000000
0.000000
0.000000
0.000020
0.000000
0.000000
0.000430
0.000000
0.000160
0.000000
0.471080
0.000000
0.000000
0.000940
0.000010
0.000000
0.000000
0.000090
0.000000
0.000030
0.000000
0.000000
0.000000
0.000000
0.000000
0.000000
0.000000
0.000030
0.000000
0.000010
0.000000
0.000000
0.000020
0.000000
0.000000
0.000060
0.000000
0.000000
0.000000
0.000000
0.000000
0.000000
0.000000
0.000000
0.000000
0.000000
0.001360
0.000000
0.000000
0.000000
0.000000
0.000000
0.000000
0.000000
0.000000
0.000000
0.000000
0.000000
0.000000
0.000000
0.000000
0.000000
0.000000
0.000000
0.000000
0.000000
0.000000
0.000000
0.000000
0.000000
0.000000
0.000000
0.000000
0.000000
0.000000
0.000000
0.000000
0.000000
0.000000
0.000000
0.000000
0.000000
0.000000
0.000000
0.000000
0.000000
0.000000
0.000000
0.000000
0.000000
0.000000
0.000000
0.000000
0.000000
0.000000
0.000000
0.000000
0.000000
0.000000
0.000000
0.000000
0.001970
0.000000
0.000000
0.005140
0.000080
0.000060
0.000020
0.000020
0.000000
0.000000
0.000040
0.000000
0.000000
0.000000
0.233400
0.000260
0.000000
0.000000
0.011580
0.000000
0.000510
0.000020
0.000050
0.000000
0.000000
0.000000
0.000050
0.000010
0.000000
0.000010
0.000000
0.000000
0.000010
0.000000
0.000040
0.000020
0.000230
0.000000
0.000260
0.000000
0.000010
0.000140
0.000000
0.000010
0.000000
0.000000
0.000000
0.000000
0.000000
0.000000
0.000000
0.000000
0.000000
0.000000
0.000000
0.000000
0.000010
0.000000
0.000400
0.000000
0.000000
0.000000
0.000000
0.000000
0.000000
0.000010
0.000000
0.000000
0.000000
0.000010
0.000010
0.000030
0.000000
0.000150
0.000000
0.000080
0.000010
0.000000
0.000060
0.000000
0.000000
0.000000
0.000010
0.000020
0.000000
0.000000
0.000000
0.000030
0.000000
0.000000
0.000000
0.000000
0.000000
0.000000
0.000010
0.000000
0.000000
0.000340
0.000000
0.000000
0.000000
0.479620
0.000000
0.000040
0.000490
0.000000
0.000000
0.000010
0.000050
0.000000
0.000030
0.000000
0.000000
0.000000
0.000000
0.000000
0.000020
0.000000
0.000020
0.000000
0.000000
0.000000
0.000260
0.000020
0.000000
0.000000
0.000030
0.000000
0.000000
0.000000
0.000000
0.000000
0.000020
0.000020
0.000000
0.000020
0.000040
0.001260
0.000000
0.002140
0.000040
0.000000
0.000000
0.000000
0.000000
0.000000
0.000000
0.000000
0.000000
0.000000
0.000000
0.000000
0.000000
0.000000
0.000000
0.000000
0.000000
0.000000
0.000000
0.000000
0.000000
0.000000
0.000000
0.000000
0.000000
0.000000
0.000000
0.000000
0.000000
0.000000
0.000000
0.000000
0.000000
0.000000
0.000000
0.000000
0.000000
0.000000
0.000000
0.000000
0.000000
0.000000
0.000000
0.000000
0.000000
0.000000
0.000000
0.000000
0.000010
0.000050
0.000150
0.002240
0.000000
0.000040
0.009080
0.000000
0.000000
0.000000
0.000000
0.000000
0.000000
0.000000
0.000000
0.000150
0.000010
0.247680
0.000000
0.000000
0.000140
0.010570
0.000000
0.000520
0.000000
0.000000
0.000000
0.000000
0.000000
0.000080
0.000000
0.000000
0.000000
0.000000
0.000000
0.000000
0.000000
0.000000
0.000000
0.000000
0.000000
0.000280
0.000000
0.000000
0.000000
0.000000
0.000020
0.000000
0.000000
0.000000
0.000000
0.000000
0.000000
0.000000
0.000010
0.000000
0.000000
0.000000
0.000000
0.000000
0.000000
0.000040
0.000000
0.000000
0.000000
0.000030
0.000010
0.000000
0.000000
0.000000
0.000000
0.000000
0.000010
0.000000
0.000000
0.000000
0.000070
0.000000
0.000130
0.000000
0.000000
0.000010
0.000000
0.000010
0.000010
0.000040
0.000000
0.000000
0.000000
0.000000
0.000000
0.000000
0.000000
0.000000
0.000000
0.000000
0.000000
0.000000
0.000000
0.000000
0.000000
0.000000
0.000070
0.000010
0.489150
0.000000
0.000040
0.000000
0.000000
0.000000
0.000010
0.000000
0.000000
0.000030
0.000000
0.000000
0.000000
0.000000
0.000020
0.000060
0.000000
0.000000
0.000000
0.000000
0.000000
0.000800
0.000000
0.000000
0.000000
0.000000
0.000000
0.000000
0.000000
0.000000
0.000000
0.000000
0.000000
0.000000
0.000000
0.000000
0.000000
0.000000
0.004580
0.000000
0.000000
0.000000
0.000000
0.000000
0.000000
0.000000
0.000000
0.000000
0.000000
0.000000
0.000000
0.000000
0.000000
0.000000
0.000000
0.000000
0.000000
0.000000
0.000000
0.000000
0.000000
0.000000
0.000000
0.000000
0.000000
0.000000
0.000000
0.000000
0.000000
0.000000
0.000000
0.000000
0.000000
0.000000
0.000000
0.000000
0.000000
0.000000
0.000000
0.000000
0.000000
0.000000
0.000000
0.000000
0.000000
0.000000
0.000000
0.000000
0.000000
0.000000
0.000000
0.000000
0.008930
0.000000
0.000000
0.000000
0.000000
0.000000
0.000000
0.000010
0.000000
0.000000
0.000000
0.245420
0.000000
0.000000
0.000000
0.008880
0.000140
0.000000
0.000000
0.000000
0.000000
0.000000
0.000000
0.000090
0.000010
0.000000
0.000000
0.000000
0.000000
0.000000
0.000000
0.000000
0.000000
0.000000
0.000000
0.000000
0.000000
0.000000
0.000030
0.000000
0.000000
0.000000
0.000000
0.000000
0.000000
0.000000
0.000000
0.000000
0.000000
0.000000
0.000000
0.000000
0.000000
0.000000
0.000000
0.000000
0.000010
0.000000
0.000000
0.000040
0.000000
0.000000
0.000000
0.000000
0.000000
0.000000
0.000000
0.000010
0.000000
0.000000
0.000000
0.000030
0.000000
0.000000
0.000000
0.000000
0.000000
0.000000
0.000000
0.000000
0.000000
0.000000
0.000000
0.000000
0.000000
0.000000
0.000000
0.000000
0.000020
0.000000
0.000000
0.000000
0.000000
0.000000
0.000120
0.000000
0.000000
0.000000
0.484640
0.000000
0.000000
0.000000
0.000000
0.000000
0.000000
0.000020
0.000000
0.000000
0.000000
0.000000
0.000000
0.000000
0.000020
0.000050
0.000000
0.000000
0.000000
0.000000
0.000000
0.000820
0.000000
0.000000
0.000000
0.000000
0.000000
0.000000
0.000000
0.000000
0.000000
0.000000
0.000000
0.000000
0.000000
0.000000
0.000000
0.000000
0.000000
0.000000
0.000000
0.000000
0.000000
0.000000
0.000000
0.000000
0.000010
0.000000
0.000000
0.000000
0.000000
0.000000
0.000000
0.000000
0.000000
0.000000
0.000000
0.000000
0.000000
0.000000
0.000000
0.000000
0.000000
0.000000
0.000000
0.000000
0.000000
0.000000
0.000000
0.000000
0.000000
0.000000
0.000000
0.000000
0.000000
0.000000
0.000000
0.000000
0.000000
0.000000
0.000000
0.000000
0.000000
0.000000
0.000000
0.000000
0.000000
0.000000
0.000000
0.000270
0.002950
0.000000
0.000880
0.005380
0.000000
0.000000
0.000000
0.000000
0.000000
0.000170
0.000000
0.000000
0.245470
0.000120
0.003670
0.000000
0.000000
0.000370
0.000050
0.000000
0.000010
0.000000
0.000000
0.000000
0.000110
0.000000
0.000000
0.000000
0.000000
0.000000
0.000000
0.000000
0.000000
0.000000
0.000000
0.000000
0.000000
0.000000
0.000270
0.000000
0.000000
0.000000
0.000000
0.000080
0.000000
0.000000
0.000000
0.000000
0.000000
0.000000
0.000000
0.000000
0.000000
0.000010
0.000000
0.000000
0.000020
0.000000
0.000010
0.000000
0.000040
0.000000
0.000000
0.000000
0.000000
0.000000
0.000000
0.000010
0.000000
0.000010
0.000000
0.000000
0.000000
0.000350
0.000000
0.000560
0.000000
0.000000
0.000040
0.000000
0.000080
0.000000
0.000010
0.000000
0.000000
0.000100
0.000000
0.000000
0.000000
0.000070
0.000000
0.000000
0.000000
0.000000
0.000000
0.000000
0.001590
0.000000
0.000000
0.483280
0.000000
0.000010
0.000000
0.000010
0.000000
0.000000
0.000020
0.000000
0.000000
0.000000
0.000000
0.000000
0.000000
0.000000
0.000040
0.000000
0.000030
0.000000
0.000000
0.000000
0.000790
0.000000
0.000000
0.000000
0.000000
0.000000
0.000000
0.000000
0.000020
0.000000
0.000000
0.000000
0.000000
0.000000
0.000000
0.000000
0.000000
0.000000
0.000000
0.008300
0.000000
0.000000
0.000000
0.000000
0.000000
0.000000
0.000000
0.000000
0.000000
0.000000
0.000000
0.000000
0.000000
0.000000
0.000000
0.000000
0.000000
0.000000
0.000000
0.000000
0.000000
0.000000
0.000000
0.000000
0.000000
0.000000
0.000000
0.000000
0.000000
0.000000
0.000000
0.000000
0.000000
0.000000
0.000000
0.000000
0.000000
0.000000
0.000000
0.000000
0.000000
0.000000
0.000000
0.000000
0.000000
0.000000
0.000000
0.000000
0.000000
0.000000
0.001410
0.000000
0.000000
0.000250
0.000200
0.000240
0.000020
0.000220
0.000000
0.000250
0.068820
0.000000
0.000000
0.000000
0.001410
0.000890
0.000000
0.000000
0.000010
0.000000
0.000000
0.000000
0.000090
0.000000
0.000000
0.000000
0.000000
0.000000
0.000000
0.000010
0.000000
0.000000
0.000000
0.000020
0.000010
0.000090
0.000280
0.000000
0.000020
0.000000
0.000020
0.000090
0.000000
0.000000
0.000000
0.000020
0.000010
0.000000
0.000140
0.000000
0.000000
0.000000
0.000000
0.000000
0.000040
0.000000
0.000010
0.000000
0.000040
0.000000
0.000000
0.000000
0.000000
0.000000
0.000000
0.000010
0.000000
0.000020
0.000000
0.000010
0.000010
0.000390
0.000000
0.000490
0.000000
0.000010
0.000050
0.000000
0.000080
0.000000
0.000000
0.000000
0.000000
0.000100
0.000000
0.000000
0.000000
0.000060
0.000000
0.000000
0.000010
0.000030
0.000290
0.006540
0.008120
0.000000
0.004630
0.394220
0.000000
0.000000
0.000000
0.000010
0.000000
0.000000
0.000020
0.000000
0.000000
0.000000
0.000000
0.000000
0.000000
0.000000
0.000020
0.000000
0.000000
0.000000
0.000000
0.000010
0.000680
0.000000
0.000000
0.000000
0.000000
0.000000
0.000000
0.000000
0.000020
0.000000
0.000000
0.000000
0.000000
0.000010
0.000070
0.000360
0.000970
0.005140
0.085250
0.004850
0.000000
0.000020
0.000010
0.000000
0.000000
0.000000
0.000000
0.000000
0.000000
0.000000
0.000000
0.000000
0.000000
0.000000
0.000000
0.000000
0.000000
0.000000
0.000000
0.000000
0.000000
0.000000
0.000000
0.000000
0.000000
0.000000
0.000000
0.000000
0.000000
0.000000
0.000000
0.000000
0.000000
0.000000
0.000000
0.000000
0.000000
0.000000
0.000000
0.000000
0.000000
0.000000
0.000000
0.000000
0.000000
0.000000
0.000000
0.000000
0.000000
0.000000
0.000240
0.000000
0.000000
0.000200
0.000270
0.000180
0.000290
0.008080
0.000000
0.022750
0.002770
0.000000
0.000000
0.000000
0.001000
0.000080
0.000000
0.000000
0.000000
0.000000
0.000010
0.000030
0.000000
0.000000
0.000000
0.000000
0.000010
0.000000
0.000000
0.000000
0.000000
0.000000
0.000010
0.000020
0.000670
0.000140
0.000670
0.000000
0.000030
0.000000
0.000080
0.000020
0.000000
0.000000
0.000020
0.000010
0.000010
0.000170
0.000010
0.000010
0.000000
0.000000
0.000000
0.000030
0.000000
0.000000
0.000010
0.000000
0.000000
0.000000
0.000000
0.000000
0.000000
0.000000
0.000010
0.000090
0.000000
0.000010
0.000000
0.000010
0.000350
0.002180
0.000000
0.000120
0.000000
0.000120
0.000030
0.000000
0.000090
0.000000
0.000000
0.000000
0.000090
0.000040
0.000000
0.000030
0.000050
0.000470
0.000000
0.000000
0.000010
0.000670
0.017200
0.014590
0.016830
0.000000
0.227470
0.018680
0.000000
0.000000
0.000000
0.000000
0.000000
0.000020
0.000000
0.000000
0.000000
0.000000
0.000000
0.000000
0.000000
0.000000
0.000000
0.000000
0.000000
0.000000
0.000020
0.000430
0.000010
0.000000
0.000000
0.000000
0.000000
0.000000
0.000000
0.000000
0.000000
0.000000
0.000000
0.000000
0.000040
0.000010
0.000450
0.002140
0.007190
0.109020
0.002760
0.000060
0.000000
0.000010
0.000010
0.000010
0.000000
0.000000
0.000000
0.000000
0.000000
0.000000
0.000000
0.000000
0.000000
0.000000
0.000000
0.000000
0.000000
0.000000
0.000000
0.000000
0.000000
0.000000
0.000000
0.000000
0.000000
0.000000
0.000000
0.000000
0.000000
0.000000
0.000000
0.000000
0.000000
0.000000
0.000000
0.000000
0.000000
0.000000
0.000000
0.000000
0.000000
0.000000
0.000000
0.000000
0.000000
0.000000
0.000000
0.000000
0.000000
0.000000
0.000000
0.000000
0.000000
0.000000
0.000000
0.012820
0.000000
0.000000
0.003730
0.020340
0.000000
0.000000
0.000000
0.000000
0.000140
0.000000
0.000000
0.000010
0.000000
0.000000
0.000000
0.000000
0.000000
0.000000
0.000000
0.000000
0.000000
0.000000
0.000000
0.000000
0.000000
0.000000
0.000770
0.000000
0.000730
0.000000
0.000000
0.000000
0.000000
0.000000
0.000080
0.000000
0.000000
0.000000
0.000000
0.000180
0.000000
0.000000
0.000030
0.000000
0.000000
0.000000
0.000000
0.000000
0.000000
0.000000
0.000000
0.000000
0.000000
0.000000
0.000000
0.000000
0.000000
0.000140
0.000000
0.000000
0.000000
0.000000
0.000340
0.002960
0.000000
0.000000
0.000410
0.000000
0.000000
0.000000
0.000000
0.000350
0.000000
0.000000
0.000000
0.000000
0.000000
0.000000
0.000000
0.000640
0.000000
0.000000
0.000000
0.000930
0.025640
0.000000
0.000000
0.000000
0.000000
0.035600
0.000000
0.000000
0.000000
0.000000
0.000000
0.000000
0.000000
0.000000
0.000000
0.000000
0.000000
0.000000
0.000000
0.000000
0.000000
0.000030
0.000000
0.000000
0.000000
0.000000
0.000000
0.000000
0.000000
0.000000
0.000000
0.000000
0.000000
0.000000
0.000000
0.000000
0.000000
0.000000
0.000020
0.000000
0.000280
0.002730
0.010280
0.119150
0.000000
0.000000
0.000060
0.000000
0.000000
0.000000
0.000000
0.000000
0.000010
0.000000
0.000000
0.000000
0.000000
0.000000
0.000000
0.000000
0.000000
0.000000
0.000000
0.000000
0.000000
0.000000
0.000000
0.000000
0.000000
0.000000
0.000000
0.000000
0.000000
0.000000
0.000000
0.000000
0.000000
0.000000
0.000000
0.000000
0.000000
0.000000
0.000000
0.000000
0.000000
0.000000
0.000000
0.000000
0.000000
0.000000
0.000000
0.000000
0.000000
0.000000
0.000000
0.000000
0.000000
0.000000
0.000000
0.000000
0.000000
0.005260
0.000000
0.000000
0.016620
0.433700
0.000000
0.000000
0.000000
0.000000
0.000030
0.000000
0.000000
0.000000
0.000000
0.000000
0.000000
0.000000
0.000000
0.000000
0.000000
0.000000
0.000000
0.000000
0.000000
0.000000
0.000000
0.000000
0.000080
0.000000
0.000020
0.000000
0.000000
0.000000
0.000000
0.000000
0.000000
0.000000
0.000000
0.000000
0.000000
0.000010
0.000000
0.000000
0.000060
0.000000
0.000000
0.000000
0.000000
0.000000
0.000000
0.000000
0.000000
0.000000
0.000000
0.000000
0.000000
0.000000
0.000000
0.000010
0.000000
0.000000
0.000000
0.000000
0.002150
0.006450
0.000000
0.000000
0.000110
0.000000
0.000000
0.000000
0.000000
0.000090
0.000000
0.000000
0.000000
0.000000
0.000000
0.000000
0.000000
0.000030
0.000000
0.000000
0.000000
0.020510
0.126720
0.000000
0.000000
0.000000
0.000000
0.002170
0.000000
0.000000
0.000000
0.000000
0.000000
0.000000
0.000000
0.000000
0.000000
0.000000
0.000000
0.000020
0.000000
0.000000
0.000000
0.000000
0.000000
0.000000
0.000000
0.000000
0.000000
0.000000
0.000000
0.000000
0.000000
0.000000
0.000000
0.000000
0.000010
0.000000
0.000000
0.000000
0.000000
0.000000
0.000530
0.009220
0.117240
0.000590
0.000000
0.000000
0.000000
0.000000
0.000000
0.000000
0.000000
0.000000
0.000000
0.000000
0.000000
0.000000
0.000000
0.000000
0.000000
0.000000
0.000000
0.000000
0.000000
0.000000
0.000000
0.000000
0.000000
0.000000
0.000000
0.000000
0.000000
0.000000
0.000000
0.000000
0.000000
0.000000
0.000000
0.000000
0.000000
0.000000
0.000000
0.000000
0.000000
0.000000
0.000000
0.000000
0.000000
0.000000
0.000000
0.000000
0.000000
0.000000
0.000000
0.000000
0.000000
0.000000
0.000000
0.000000
0.000000
0.000000
0.008280
0.000000
0.000000
0.507410
0.000480
0.000000
0.000000
0.000000
0.000000
0.000000
0.000000
0.000000
0.000160
0.000000
0.000000
0.000000
0.000000
0.000000
0.000000
0.000000
0.000000
0.000000
0.000000
0.000050
0.000000
0.000000
0.000000
0.000080
0.000000
0.000000
0.000000
0.000000
0.000000
0.000000
0.000000
0.000010
0.000000
0.000000
0.000000
0.000000
0.000050
0.000000
0.000000
0.000040
0.000000
0.000000
0.000000
0.000000
0.000000
0.000000
0.000000
0.000000
0.000000
0.000000
0.000000
0.000000
0.000000
0.000000
0.000060
0.000000
0.000000
0.000000
0.000000
0.007080
0.000060
0.000000
0.000000
0.006370
0.000000
0.000000
0.000000
0.000000
0.000570
0.000000
0.000000
0.000000
0.000000
0.000000
0.000000
0.000000
0.000250
0.000000
0.000000
0.000000
0.130880
0.004600
0.000000
0.000000
0.000000
0.000000
0.007060
0.000000
0.000000
0.000000
0.000000
0.000000
0.000000
0.000000
0.000000
0.000000
0.000000
0.000030
0.000010
0.000000
0.000000
0.000000
0.000030
0.000000
0.000000
0.000000
0.000000
0.000000
0.000000
0.000000
0.000000
0.000000
0.000000
0.000000
0.000000
0.000000
0.000000
0.000000
0.000000
0.000070
0.000000
0.005230
0.110360
0.000670
0.000020
0.000000
0.000000
0.000010
0.000000
0.000000
0.000000
0.000000
0.000000
0.000000
0.000000
0.000000
0.000000
0.000000
0.000000
0.000000
0.000000
0.000000
0.000000
0.000000
0.000000
0.000000
0.000000
0.000000
0.000000
0.000000
0.000000
0.000000
0.000000
0.000000
0.000000
0.000000
0.000000
0.000000
0.000000
0.000000
0.000000
0.000000
0.000000
0.000000
0.000000
0.000000
0.000000
0.000000
0.000000
0.000000
0.000000
0.000000
0.000000
0.000000
0.000000
0.000000
0.000000
0.000000
0.000000
0.000000
0.000000
0.000000
0.523930
0.000000
0.000000
0.000000
0.000080
0.000000
0.000000
0.000000
0.000030
0.000150
0.000000
0.000000
0.000000
0.000000
0.000000
0.000000
0.000000
0.000000
0.000000
0.000000
0.000040
0.000000
0.000000
0.000000
0.000000
0.000000
0.000000
0.000000
0.000000
0.000000
0.000000
0.000000
0.000000
0.000000
0.000000
0.000000
0.000000
0.000000
0.000000
0.000000
0.000000
0.000000
0.000000
0.000000
0.000000
0.000000
0.000000
0.000040
0.000000
0.000080
0.000000
0.000000
0.000120
0.000020
0.000000
0.000030
0.000000
0.000000
0.002880
0.000000
0.005920
0.000000
0.000000
0.000000
0.006850
0.000000
0.000000
0.000000
0.000000
0.000490
0.000000
0.000000
0.000000
0.000000
0.000000
0.000000
0.000000
0.000000
0.000000
0.000000
0.000000
0.109790
0.000000
0.000000
0.000000
0.000000
0.000000
0.007750
0.000000
0.000000
0.000000
0.000010
0.000000
0.000000
0.000000
0.000000
0.000000
0.000000
0.000030
0.000000
0.000000
0.000000
0.000000
0.000030
0.000000
0.000010
0.000030
0.000000
0.000000
0.000000
0.000000
0.000000
0.000000
0.000000
0.000000
0.000000
0.000010
0.000000
0.000000
0.000000
0.000070
0.000000
0.000000
0.000000
0.000000
0.000000
0.000000
0.000000
0.000000
0.000000
0.000000
0.000000
0.000000
0.000000
0.000000
0.000000
0.000000
0.000000
0.000000
0.000000
0.000000
0.000000
0.000000
0.000000
0.000000
0.000000
0.000000
0.000000
0.000000
0.000000
0.000000
0.000000
0.000000
0.000000
0.000000
0.000000
0.000000
0.000000
0.000000
0.000000
0.000000
0.000000
0.000000
0.000000
0.000000
0.000000
0.000000
0.000000
0.000000
0.000000
0.000000
0.000000
0.000000
0.000000
0.000000
0.000000
0.000000
0.000000
0.000000
0.000000
0.000940
0.001760
0.480630
0.000000
0.001250
0.064400
0.000000
0.000000
0.000000
0.000080
0.000010
0.000000
0.000000
0.000000
0.000000
0.000000
0.000010
0.000000
0.000000
0.000000
0.000000
0.000020
0.000020
0.000000
0.000000
0.000000
0.000000
0.000000
0.000010
0.000270
0.000000
0.000170
0.000000
0.000010
0.000000
0.000030
0.000010
0.000000
0.000070
0.000140
0.000140
0.000010
0.000440
0.000010
0.000020
0.000000
0.000000
0.000000
0.000000
0.000040
0.000000
0.000130
0.000000
0.000250
0.000000
0.000000
0.000000
0.000000
0.000000
0.000010
0.004990
0.000000
0.004100
0.000000
0.000000
0.000140
0.006880
0.000000
0.000000
0.000000
0.000010
0.000360
0.000000
0.000000
0.000000
0.000000
0.000000
0.000010
0.000020
0.000000
0.000170
0.000380
0.060490
0.000000
0.000000
0.000200
0.014920
0.013450
0.000490
0.005380
0.000000
0.000000
0.000420
0.000000
0.000000
0.000000
0.000000
0.000000
0.000000
0.000010
0.000000
0.000000
0.000000
0.000000
0.000000
0.000010
0.000000
0.000010
0.000000
0.000000
0.000000
0.000010
0.000000
0.000000
0.000000
0.000000
0.000000
0.000000
0.000010
0.000000
0.000000
0.000330
0.000000
0.000000
0.000030
0.004210
0.000080
0.000060
0.000020
0.000000
0.000060
0.000010
0.000010
0.000000
0.000000
0.000000
0.000000
0.000000
0.000000
0.000000
0.000000
0.000000
0.000000
0.000000
0.000000
0.000000
0.000000
0.000000
0.000000
0.000000
0.000000
0.000000
0.000000
0.000000
0.000000
0.000000
0.000000
0.000000
0.000000
0.000000
0.000000
0.000000
0.000000
0.000000
0.000000
0.000000
0.000000
0.000000
0.000000
0.000000
0.000000
0.000000
0.000000
0.000000
0.000000
0.000000
0.000000
0.000000
0.000000
0.000000
0.000000
0.000000
0.000000
0.410420
0.000000
0.000000
0.096290
0.002640
0.000000
0.000000
0.000000
0.000000
0.000210
0.000000
0.000000
0.000120
0.000000
0.000000
0.000000
0.000000
0.000000
0.000000
0.000000
0.000000
0.000000
0.000000
0.000050
0.000000
0.000000
0.000000
0.000340
0.000000
0.000200
0.000000
0.000000
0.000000
0.000000
0.000000
0.000190
0.000000
0.000000
0.000000
0.000000
0.000580
0.000000
0.000000
0.000040
0.000000
0.000000
0.000000
0.000000
0.000000
0.000000
0.000000
0.000000
0.000000
0.000000
0.000000
0.000000
0.000000
0.000000
0.006260
0.000000
0.000000
0.000000
0.000000
0.000320
0.006790
0.000000
0.000000
0.000140
0.000000
0.000000
0.000000
0.000000
0.000150
0.000000
0.000000
0.000000
0.000000
0.000000
0.000000
0.000000
0.071730
0.000000
0.000000
0.000000
0.023130
0.016980
0.000000
0.000000
0.000000
0.000000
0.000690
0.000000
0.000000
0.000000
0.000000
0.000000
0.000000
0.000010
0.000010
0.000000
0.000000
0.000000
0.000000
0.000000
0.000000
0.000000
0.000030
0.000000
0.000000
0.000000
0.000000
0.000000
0.000060
0.000000
0.000000
0.000000
0.000000
0.000000
0.000000
0.000430
0.000000
0.000000
0.000000
0.004240
0.000000
0.000280
0.000090
0.000020
0.000080
0.000000
0.000000
0.000000
0.000000
0.000000
0.000000
0.000000
0.000000
0.000000
0.000000
0.000000
0.000000
0.000000
0.000000
0.000000
0.000000
0.000000
0.000000
0.000000
0.000000
0.000000
0.000000
0.000000
0.000000
0.000000
0.000000
0.000000
0.000000
0.000000
0.000000
0.000000
0.000000
0.000000
0.000000
0.000000
0.000000
0.000000
0.000000
0.000000
0.000000
0.000000
0.000000
0.000000
0.000000
0.000000
0.000000
0.000000
0.000000
0.000000
0.000000
0.000000
0.000000
0.000000
0.000000
0.085300
0.000000
0.000000
0.000000
0.000100
0.000000
0.000000
0.000000
0.000020
0.000130
0.000000
0.000000
0.000000
0.000000
0.000000
0.000000
0.000000
0.000010
0.000000
0.000000
0.000080
0.000000
0.000000
0.000000
0.000000
0.000000
0.000000
0.000000
0.000000
0.000000
0.000000
0.000020
0.000000
0.000000
0.000000
0.000000
0.000000
0.000000
0.000000
0.000000
0.000000
0.000000
0.000000
0.000000
0.000000
0.000000
0.000000
0.000200
0.000000
0.000640
0.000000
0.000000
0.000040
0.000070
0.000000
0.003080
0.000000
0.000000
0.000130
0.000000
0.000360
0.000000
0.000000
0.000000
0.000100
0.000000
0.000000
0.000000
0.000000
0.000150
0.000000
0.000000
0.000000
0.000000
0.000000
0.000000
0.000000
0.000000
0.000000
0.000000
0.000000
0.017210
0.000000
0.000000
0.000000
0.000000
0.000000
0.000520
0.000000
0.000000
0.000000
0.000000
0.000000
0.000000
0.000000
0.000000
0.000000
0.000000
0.000000
0.000000
0.000000
0.000000
0.000000
0.000020
0.000000
0.000000
0.000000
0.000000
0.000000
0.000000
0.000000
0.000000
0.000000
0.000000
0.000000
0.000000
0.000320
0.000000
0.000000
0.000000
0.002910
0.000000
0.000000
0.000000
0.000000
0.000000
0.000000
0.000000
0.000000
0.000000
0.000000
0.000000
0.000000
0.000000
0.000000
0.000000
0.000000
0.000000
0.000000
0.000000
0.000000
0.000000
0.000000
0.000000
0.000000
0.000000
0.000000
0.000000
0.000000
0.000000
0.000000
0.000000
0.000000
0.000000
0.000000
0.000000
0.000000
0.000000
0.000000
0.000000
0.000000
0.000000
0.000000
0.000000
0.000000
0.000000
0.000000
0.000000
0.000000
0.000000
0.000000
0.000000
0.000000
0.000000
0.000000
0.000000
0.000000
0.000000
0.000000
0.000000
0.000500
0.000000
0.000000
0.000000
0.000110
0.000000
0.000000
0.000000
0.000120
0.000000
0.000000
0.000000
0.000000
0.000000
0.000000
0.000000
0.000020
0.001510
0.000000
0.000000
0.000030
0.000000
0.000000
0.000000
0.000000
0.000000
0.000000
0.000000
0.000000
0.000000
0.000000
0.000060
0.000000
0.000000
0.000000
0.000000
0.000000
0.000000
0.000000
0.000000
0.000000
0.000000
0.000000
0.000000
0.000000
0.000000
0.000000
0.000430
0.000000
0.000590
0.000000
0.000000
0.000280
0.002410
0.000000
0.000050
0.000000
0.000000
0.000130
0.000000
0.000120
0.000000
0.000000
0.000000
0.000020
0.000000
0.000000
0.000000
0.000000
0.000040
0.000000
0.000000
0.000000
0.000000
0.000000
0.000000
0.000000
0.000000
0.000000
0.000000
0.000000
0.000910
0.000000
0.000000
0.000000
0.000000
0.000000
0.000030
0.000000
0.000000
0.000000
0.000000
0.000000
0.000000
0.000000
0.000000
0.000000
0.000000
0.000000
0.000000
0.000000
0.000000
0.000000
0.000030
0.000000
0.000000
0.000010
0.000000
0.000000
0.000000
0.000000
0.000000
0.000000
0.000000
0.000000
0.000000
0.000060
0.000000
0.000000
0.000000
0.000050
0.000000
0.000000
0.000000
0.000000
0.000000
0.000000
0.000000
0.000000
0.000000
0.000000
0.000000
0.000000
0.000000
0.000000
0.000000
0.000000
0.000000
0.000000
0.000000
0.000000
0.000000
0.000000
0.000000
0.000000
0.000000
0.000000
0.000000
0.000000
0.000000
0.000000
0.000000
0.000000
0.000000
0.000000
0.000000
0.000000
0.000000
0.000000
0.000000
0.000000
0.000000
0.000000
0.000000
0.000000
0.000000
0.000000
0.000000
0.000000
0.000000
0.000000
0.000000
0.000000
0.000000
0.000000
0.000000
0.000000
0.000000
0.000000
0.000000
0.000000
0.000000
0.000000
0.007430
0.000000
0.000000
0.000000
0.000010
0.000010
0.000000
0.000000
0.000000
0.000000
0.000000
0.000000
0.002040
0.000020
0.000000
0.000000
0.000080
0.000000
0.000000
0.000000
0.000000
0.000000
0.000000
0.000000
0.000000
0.000000
0.000000
0.000210
0.000000
0.000000
0.000000
0.000000
0.000000
0.000000
0.000000
0.000000
0.000000
0.000000
0.000000
0.000000
0.000000
0.000000
0.000000
0.003790
0.000000
0.000620
0.000000
0.000000
0.004430
0.000080
0.000000
0.001670
0.000000
0.000000
0.000310
0.000000
0.000170
0.000000
0.000000
0.000000
0.000090
0.000000
0.000000
0.000000
0.000000
0.000030
0.000000
0.000000
0.000000
0.000000
0.000000
0.000000
0.000000
0.000000
0.000000
0.000000
0.000000
0.006990
0.000000
0.000000
0.000000
0.000000
0.000000
0.000050
0.000000
0.000000
0.000000
0.000030
0.000000
0.000000
0.000000
0.000000
0.000000
0.000000
0.000010
0.000000
0.000000
0.000000
0.000000
0.000000
0.000000
0.000020
0.000010
0.000000
0.000000
0.000000
0.000000
0.000000
0.000020
0.000000
0.000000
0.000000
0.000450
0.000000
0.000000
0.000000
0.000380
0.000000
0.000000
0.000000
0.000000
0.000000
0.000000
0.000000
0.000000
0.000000
0.000000
0.000000
0.000000
0.000000
0.000000
0.000000
0.000000
0.000000
0.000000
0.000000
0.000000
0.000000
0.000000
0.000000
0.000000
0.000000
0.000000
0.000000
0.000000
0.000000
0.000000
0.000000
0.000000
0.000000
0.000000
0.000000
0.000000
0.000000
0.000000
0.000000
0.000000
0.000000
0.000000
0.000000
0.000000
0.000000
0.000000
0.000000
0.000000
0.000000
0.000000
0.000000
0.000000
0.000000
0.000000
0.000000
0.000000
0.000000
0.000000
0.000000
0.000000
0.012330
0.000000
0.003230
0.000000
0.000000
0.000010
0.000080
0.000000
0.000070
0.000000
0.000000
0.000000
0.002230
0.000010
0.000030
0.000000
0.000000
0.000000
0.000000
0.000060
0.000000
0.000000
0.000000
0.000000
0.000000
0.000000
0.000340
0.000000
0.000220
0.000000
0.000000
0.005770
0.000000
0.000000
0.000000
0.000000
0.000000
0.000000
0.000000
0.000010
0.000050
0.004130
0.000000
0.000000
0.000380
0.000000
0.000130
0.000000
0.005110
0.000050
0.000040
0.001950
0.000040
0.000000
0.000000
0.000040
0.000000
0.000140
0.000000
0.000000
0.000000
0.000020
0.000000
0.000060
0.000000
0.000000
0.000010
0.000000
0.000240
0.000160
0.006770
0.000000
0.000000
0.045520
0.000000
0.000000
0.000000
0.009050
0.000210
0.000000
0.000000
0.000000
0.000000
0.000000
0.000020
0.000000
0.000000
0.000050
0.000000
0.000020
0.000000
0.000010
0.000000
0.000000
0.000010
0.000000
0.000000
0.000000
0.000000
0.000000
0.000010
0.000000
0.000010
0.000040
0.000110
0.000000
0.000000
0.000000
0.000040
0.000000
0.000150
0.000000
0.000000
0.000100
0.000000
0.000000
0.000640
0.000000
0.000000
0.000000
0.000000
0.000000
0.000000
0.000000
0.000000
0.000000
0.000000
0.000090
0.000000
0.000000
0.000000
0.000000
0.000000
0.000000
0.000000
0.000000
0.000000
0.000000
0.000000
0.000000
0.000000
0.000000
0.000000
0.000000
0.000000
0.000000
0.000000
0.000000
0.000000
0.000000
0.000000
0.000000
0.000000
0.000000
0.000000
0.000000
0.000000
0.000000
0.000000
0.000000
0.000000
0.000000
0.000000
0.000000
0.000000
0.000000
0.000000
0.000000
0.000000
0.000000
0.000000
0.000000
0.000000
0.000000
0.000000
0.000000
0.000000
0.000000
0.003240
0.000000
0.000000
0.000000
0.000130
0.000000
0.000000
0.000000
0.000000
0.000000
0.000000
0.000000
0.000000
0.000020
0.000000
0.000000
0.000080
0.000000
0.000000
0.000000
0.000000
0.000000
0.000000
0.000000
0.000000
0.000000
0.000000
0.017680
0.000000
0.000000
0.000000
0.000000
0.000000
0.000000
0.000000
0.000000
0.000000
0.000000
0.000000
0.000000
0.000000
0.000000
0.000000
0.002870
0.000000
0.001140
0.000000
0.000000
0.000070
0.001640
0.000000
0.000010
0.000000
0.000000
0.000180
0.000000
0.000080
0.000000
0.000000
0.000000
0.000080
0.000000
0.000000
0.000000
0.000000
0.000110
0.000000
0.000000
0.000000
0.000000
0.000000
0.000000
0.000000
0.000000
0.000000
0.000000
0.000000
0.000060
0.000000
0.000000
0.000000
0.000000
0.000000
0.000210
0.000000
0.000000
0.000000
0.000010
0.000000
0.000000
0.000000
0.000000
0.000000
0.000000
0.000000
0.000000
0.000000
0.000000
0.000000
0.000050
0.000000
0.000070
0.000070
0.000000
0.000000
0.000000
0.000000
0.000000
0.000080
0.000000
0.000000
0.000000
0.000510
0.000000
0.000000
0.000000
0.000000
0.000000
0.000000
0.000000
0.000000
0.000000
0.000000
0.000000
0.000000
0.000000
0.000000
0.000000
0.000000
0.000000
0.000000
0.000000
0.000000
0.000000
0.000000
0.000000
0.000000
0.000000
0.000000
0.000000
0.000000
0.000000
0.000000
0.000000
0.000000
0.000000
0.000000
0.000000
0.000000
0.000000
0.000000
0.000000
0.000000
0.000000
0.000000
0.000000
0.000000
0.000000
0.000000
0.000000
0.000000
0.000000
0.000000
0.000000
0.000000
0.000000
0.000000
0.000000
0.000000
0.000000
0.000000
0.000000
0.000000
0.000000
0.000000
0.000000
0.000000
0.000000
0.000350
0.000110
0.000000
0.000000
0.000170
0.000000
0.000090
0.000130
0.000010
0.000000
0.000000
0.000000
0.000020
0.000060
0.000000
0.000000
0.000000
0.000010
0.000000
0.000000
0.000010
0.000010
0.000170
0.000000
0.024990
0.000000
0.000780
0.000160
0.000000
0.000130
0.000080
0.000050
0.000000
0.000000
0.000010
0.000000
0.000000
0.000000
0.000000
0.004900
0.002590
0.000000
0.000650
0.000000
0.000400
0.000000
0.000000
0.000000
0.000000
0.000000
0.000190
0.000160
0.000000
0.000120
0.000000
0.000060
0.000000
0.000070
0.000000
0.000010
0.000000
0.000160
0.000140
0.000000
0.000040
0.000000
0.000000
0.000000
0.057140
0.001180
0.000000
0.004800
0.000520
0.000280
0.000000
0.000000
0.000560
0.000020
0.000000
0.000020
0.000200
0.000000
0.000090
0.000040
0.000000
0.000000
0.000000
0.000020
0.000000
0.000000
0.000000
0.000000
0.000000
0.000110
0.000000
0.000000
0.000070
0.000000
0.000060
0.000000
0.000000
0.000000
0.000020
0.000010
0.000000
0.000000
0.000000
0.000000
0.000610
0.000530
0.000000
0.000110
0.000000
0.000000
0.000000
0.000020
0.000000
0.000000
0.000100
0.000100
0.000060
0.000030
0.000070
0.000000
0.000000
0.000030
0.000010
0.000000
0.000000
0.000000
0.000000
0.000000
0.000000
0.000000
0.000000
0.000000
0.000000
0.000000
0.000000
0.000000
0.000000
0.000000
0.000000
0.000000
0.000000
0.000000
0.000000
0.000000
0.000000
0.000000
0.000000
0.000000
0.000000
0.000000
0.000000
0.000000
0.000000
0.000000
0.000000
0.000000
0.000000
0.000000
0.000000
0.000000
0.000000
0.000000
0.000000
0.000000
0.000000
0.000000
0.000000
0.000000
0.000000
0.000000
0.000370
0.000000
0.000000
0.000000
0.000260
0.000000
0.000100
0.000000
0.000000
0.000000
0.000010
0.000770
0.000030
0.000000
0.000000
0.000000
0.000000
0.000010
0.000000
0.000000
0.000000
0.000000
0.000000
0.000000
0.028110
0.000000
0.000770
0.000000
0.000000
0.000210
0.000000
0.000000
0.000000
0.000000
0.000000
0.000000
0.000000
0.000000
0.030130
0.005290
0.000000
0.000000
0.000100
0.000000
0.000060
0.000000
0.000440
0.000300
0.000000
0.000020
0.000160
0.000000
0.000000
0.000060
0.000000
0.000070
0.000000
0.000000
0.000000
0.000040
0.000000
0.000170
0.000000
0.000000
0.000060
0.000000
0.000100
0.081810
0.058790
0.000000
0.000000
0.004860
0.000000
0.000000
0.000000
0.000360
0.000900
0.000000
0.000000
0.000000
0.000000
0.000000
0.000160
0.000000
0.000000
0.000020
0.000020
0.000000
0.000000
0.000010
0.000000
0.000000
0.000000
0.000170
0.000000
0.000000
0.000050
0.000000
0.000060
0.000000
0.000000
0.000020
0.000050
0.000000
0.000000
0.000000
0.000010
0.001120
0.000720
0.000000
0.000000
0.000080
0.000000
0.000000
0.000020
0.000060
0.000000
0.000000
0.000000
0.000000
0.000000
0.000000
0.000000
0.000000
0.000000
0.000020
0.000000
0.000000
0.000000
0.000000
0.000000
0.000000
0.000000
0.000000
0.000000
0.000000
0.000000
0.000000
0.000000
0.000000
0.000000
0.000000
0.000000
0.000000
0.000000
0.000000
0.000000
0.000000
0.000000
0.000000
0.000000
0.000000
0.000000
0.000000
0.000000
0.000000
0.000000
0.000000
0.000000
0.000000
0.000000
0.000000
0.000000
0.000000
0.000000
0.000000
0.000000
0.000000
0.000000
0.000000
0.000000
0.000000
0.000000
0.000000
0.000000
0.000000
0.000000
0.000330
0.000010
0.000000
0.003650
0.000000
0.000000
0.000000
0.001670
0.000010
0.000000
0.000000
0.000000
0.000000
0.000000
0.000080
0.000000
0.000000
0.000000
0.000000
0.000000
0.000000
0.004240
0.000000
0.000030
0.000000
0.000000
0.001870
0.000000
0.000000
0.000000
0.000000
0.000000
0.000000
0.000000
0.034030
0.003240
0.000020
0.000000
0.000000
0.000030
0.000000
0.000060
0.000000
0.000560
0.000020
0.000000
0.000130
0.000010
0.000000
0.000000
0.000010
0.000000
0.000010
0.000000
0.000000
0.000000
0.000070
0.000000
0.002430
0.000000
0.000000
0.000020
0.000000
0.090570
0.052610
0.001060
0.000000
0.000000
0.000650
0.000000
0.000000
0.000000
0.001410
0.000060
0.000000
0.000000
0.000000
0.000000
0.000000
0.000310
0.000000
0.000000
0.000040
0.000000
0.000000
0.000000
0.000000
0.000000
0.000000
0.000200
0.000000
0.000000
0.000000
0.000220
0.000000
0.000000
0.000000
0.000020
0.000040
0.000020
0.000000
0.000000
0.000000
0.001890
0.000100
0.000020
0.000000
0.000000
0.000000
0.000000
0.000000
0.000110
0.000000
0.000000
0.000000
0.000000
0.000000
0.000000
0.000000
0.000000
0.000000
0.000000
0.000150
0.000000
0.000000
0.000000
0.000000
0.000000
0.000000
0.000000
0.000000
0.000000
0.000000
0.000000
0.000000
0.000000
0.000000
0.000000
0.000000
0.000000
0.000000
0.000000
0.000000
0.000000
0.000000
0.000000
0.000000
0.000000
0.000000
0.000000
0.000000
0.000000
0.000000
0.000000
0.000000
0.000000
0.000000
0.000000
0.000000
0.000000
0.000000
0.000000
0.000000
0.000000
0.000000
0.000000
0.000000
0.000000
0.000000
0.000000
0.000000
0.000000
0.000440
0.000000
0.000000
0.003460
0.000000
0.000000
0.000000
0.001780
0.000000
0.000000
0.000000
0.000000
0.000000
0.000000
0.000090
0.000000
0.000000
0.000000
0.000170
0.000000
0.067130
0.000000
0.000000
0.000000
0.000000
0.000000
0.001900
0.000000
0.000000
0.000000
0.000000
0.000070
0.000000
0.000000
0.036390
0.000000
0.000000
0.000000
0.000000
0.000000
0.000000
0.000000
0.000000
0.000000
0.000000
0.000000
0.000000
0.000000
0.000000
0.000090
0.000000
0.000000
0.000000
0.000000
0.000070
0.000310
0.000000
0.000000
0.002690
0.000000
0.000000
0.000000
0.000000
0.092540
0.000000
0.000000
0.000000
0.000000
0.000000
0.000000
0.000000
0.002670
0.000000
0.000000
0.000000
0.001480
0.014560
0.000000
0.000000
0.000000
0.000000
0.001570
0.000000
0.000000
0.000000
0.000000
0.000000
0.000000
0.000000
0.000200
0.000000
0.000000
0.000010
0.000200
0.000000
0.000000
0.000000
0.000030
0.000000
0.000000
0.000000
0.000000
0.000000
0.001950
0.000000
0.000000
0.000000
0.000000
0.000000
0.000000
0.000000
0.000000
0.000000
0.000000
0.000000
0.000000
0.148540
0.000660
0.000260
0.000130
0.000000
0.000000
0.000170
0.000000
0.000000
0.000000
0.000000
0.000000
0.000000
0.000000
0.000000
0.000000
0.000000
0.000000
0.000000
0.000000
0.000000
0.000000
0.000000
0.000000
0.000000
0.000000
0.000000
0.000000
0.000000
0.000000
0.000000
0.000000
0.000000
0.000000
0.000000
0.000000
0.000000
0.000000
0.000000
0.000000
0.000000
0.000000
0.000000
0.000000
0.000000
0.000000
0.000000
0.000000
0.000000
0.000000
0.000000
0.000000
0.000000
0.000000
0.000000
0.000000
0.000000
0.000000
0.000000
0.000030
0.000000
0.000080
0.001390
0.000000
0.000000
0.000000
0.000000
0.000020
0.000040
0.000000
0.000000
0.000000
0.000000
0.000140
0.000050
0.072310
0.000070
0.011590
0.000000
0.000030
0.000000
0.001180
0.000000
0.000000
0.000000
0.000010
0.000040
0.000000
0.002620
0.028510
0.000050
0.000000
0.000000
0.000000
0.000000
0.000000
0.000000
0.000150
0.000000
0.000170
0.000000
0.000000
0.000000
0.000000
0.000000
0.000000
0.001040
0.000000
0.000000
0.000000
0.000060
0.000340
0.001460
0.000000
0.000020
0.000000
0.000320
0.000720
0.000000
0.002770
0.000000
0.000000
0.000000
0.000150
0.000070
0.000000
0.002100
0.000030
0.002130
0.000000
0.000000
0.001760
0.061000
0.003640
0.000800
0.000500
0.000000
0.000070
0.004420
0.000000
0.000000
0.000000
0.000000
0.000000
0.000140
0.000000
0.000000
0.000000
0.000020
0.000110
0.000000
0.000000
0.000000
0.000000
0.000000
0.000000
0.000000
0.000000
0.001260
0.000000
0.000000
0.000000
0.000000
0.000000
0.000000
0.000000
0.000010
0.000270
0.000000
0.000000
0.000000
0.157800
0.000310
0.000180
0.000080
0.000040
0.000000
0.000120
0.000000
0.000000
0.000000
0.000000
0.000000
0.000000
0.000000
0.000040
0.000000
0.000000
0.000000
0.000000
0.000000
0.000000
0.000000
0.000000
0.000000
0.000000
0.000000
0.000000
0.000000
0.000000
0.000000
0.000000
0.000000
0.000000
0.000000
0.000000
0.000000
0.000000
0.000000
0.000000
0.000000
0.000000
0.000000
0.000000
0.000000
0.000000
0.000000
0.000000
0.000000
0.000000
0.000000
0.000000
0.000000
0.000000
0.000000
0.000000
0.000000
0.000000
0.000000
0.000000
0.000320
0.000000
0.000000
0.000000
0.000110
0.000000
0.000000
0.000000
0.000000
0.000000
0.000000
0.000030
0.000000
0.000000
0.000000
0.072420
0.000000
0.013450
0.000000
0.000000
0.000000
0.000000
0.000000
0.000010
0.000000
0.000000
0.000000
0.000000
0.005290
0.000000
0.000000
0.000050
0.000000
0.000000
0.000000
0.000000
0.000000
0.000000
0.000000
0.000000
0.000000
0.000000
0.000000
0.000000
0.000000
0.000000
0.001350
0.000000
0.000000
0.000000
0.000000
0.000810
0.001700
0.000000
0.000000
0.002110
0.000000
0.000000
0.000000
0.000000
0.015590
0.000000
0.000000
0.000000
0.000000
0.000000
0.000000
0.000000
0.002510
0.000000
0.000000
0.000000
0.154050
0.002950
0.000000
0.000000
0.000000
0.000000
0.007130
0.000000
0.000000
0.000000
0.000000
0.000000
0.000000
0.000020
0.000010
0.000000
0.000000
0.000280
0.000010
0.000000
0.000000
0.000000
0.000050
0.000000
0.000000
0.000000
0.000000
0.000000
0.000020
0.000000
0.000000
0.000000
0.000000
0.000000
0.000000
0.000350
0.000000
0.000000
0.000000
0.161050
0.000000
0.000090
0.000050
0.000020
0.000040
0.000000
0.000000
0.000000
0.000000
0.000000
0.000000
0.000000
0.000000
0.000040
0.000000
0.000000
0.000000
0.000000
0.000000
0.000000
0.000000
0.000000
0.000000
0.000000
0.000000
0.000000
0.000000
0.000000
0.000000
0.000000
0.000000
0.000000
0.000000
0.000000
0.000000
0.000000
0.000000
0.000000
0.000000
0.000000
0.000000
0.000000
0.000000
0.000000
0.000000
0.000000
0.000000
0.000000
0.000000
0.000000
0.000000
0.000000
0.000000
0.000000
0.000000
0.000000
0.000000
0.000000
0.000000
0.000000
0.000000
0.000000
0.000000
0.000000
0.001520
0.000010
0.000000
0.000000
0.000050
0.000000
0.000000
0.000000
0.000000
0.000000
0.000000
0.000000
0.000000
0.000000
0.000000
0.000060
0.000000
0.000000
0.000000
0.000000
0.000000
0.000000
0.000000
0.000000
0.000000
0.000000
0.000000
0.000000
0.000000
0.000000
0.000000
0.000090
0.000000
0.000100
0.000000
0.000000
0.000860
0.000000
0.000000
0.001070
0.000000
0.000000
0.000040
0.000000
0.000730
0.000000
0.000000
0.000000
0.001770
0.000000
0.000000
0.000000
0.000000
0.013650
0.000000
0.000000
0.000000
0.000000
0.000000
0.000000
0.000000
0.000000
0.000000
0.000000
0.000000
0.158030
0.000000
0.000000
0.000000
0.000000
0.000000
0.006310
0.000000
0.000000
0.000000
0.000100
0.000000
0.000000
0.000000
0.000000
0.000000
0.000000
0.000300
0.000000
0.000000
0.000000
0.000000
0.000030
0.000000
0.000000
0.000030
0.000000
0.000000
0.000000
0.000000
0.000000
0.000040
0.000000
0.000000
0.000000
0.000280
0.000000
0.000000
0.000000
0.160070
0.000000
0.000000
0.000000
0.000000
0.000000
0.000000
0.000000
0.000000
0.000000
0.000000
0.000000
0.000000
0.000000
0.000050
0.000000
0.000000
0.000000
0.000000
0.000000
0.000000
0.000000
0.000000
0.000000
0.000000
0.000000
0.000000
0.000000
0.000000
0.000000
0.000000
0.000000
0.000000
0.000000
0.000000
0.000000
0.000000
0.000000
0.000000
0.000000
0.000000
0.000000
0.000000
0.000000
0.000000
0.000000
0.000000
0.000000
0.000000
0.000000
0.000000
0.000000
0.000000
0.000000
0.000000
0.000000
0.000000
0.000000
0.000000
0.000000
0.000590
0.000000
0.000000
0.000000
0.002490
0.000010
0.000000
0.000000
0.000000
0.000300
0.000000
0.000420
0.000000
0.000000
0.000000
0.000000
0.000000
0.000000
0.002090
0.000000
0.000060
0.000000
0.000000
0.000630
0.000000
0.000000
0.000000
0.000000
0.000000
0.000000
0.000000
0.000160
0.000050
0.000110
0.000000
0.000000
0.006100
0.000000
0.000260
0.000000
0.001470
0.000000
0.000000
0.000810
0.000010
0.000000
0.000000
0.000140
0.000000
0.000070
0.000000
0.000000
0.000000
0.000480
0.000000
0.004840
0.000000
0.000000
0.134170
0.000000
0.002040
0.000390
0.000460
0.000000
0.000000
0.017750
0.000000
0.000000
0.000000
0.157430
0.000010
0.000000
0.000000
0.000000
0.000000
0.000000
0.000700
0.000000
0.000000
0.000290
0.000000
0.000010
0.000000
0.000130
0.000000
0.000000
0.000270
0.000000
0.000000
0.000000
0.000010
0.000000
0.000040
0.000000
0.000000
0.000030
0.000030
0.000000
0.000000
0.000000
0.000060
0.000000
0.000030
0.000000
0.000000
0.000990
0.000000
0.000000
0.160100
0.000000
0.000000
0.000000
0.000000
0.000000
0.000000
0.000000
0.000000
0.000000
0.000000
0.000060
0.000000
0.000000
0.000000
0.000000
0.000000
0.000000
0.000100
0.000000
0.000000
0.000000
0.000000
0.000000
0.000000
0.000000
0.000000
0.000000
0.000000
0.000000
0.000000
0.000000
0.000000
0.000000
0.000000
0.000000
0.000000
0.000000
0.000000
0.000000
0.000000
0.000000
0.000000
0.000000
0.000000
0.000000
0.000000
0.000000
0.000000
0.000000
0.000000
0.000000
0.000000
0.000000
0.000000
0.000000
0.000000
0.000000
0.000000
0.000000
0.000000
0.000000
0.000280
0.001630
0.000000
0.000000
0.000000
0.000020
0.000360
0.000000
0.000380
0.000000
0.000540
0.146740
0.000320
0.000570
0.000160
0.001880
0.000000
0.000030
0.000000
0.000010
0.000540
0.000000
0.000130
0.031530
0.000270
0.000110
0.000070
0.000040
0.000140
0.000000
0.000000
0.000000
0.000040
0.010110
0.000000
0.000490
0.000000
0.001140
0.000000
0.000000
0.000000
0.000000
0.000000
0.000020
0.000220
0.000000
0.000070
0.000000
0.000000
0.000060
0.000480
0.000000
0.001960
0.000000
0.000480
0.164630
0.000000
0.001380
0.000000
0.000000
0.000000
0.000070
0.018750
0.000000
0.000220
0.011980
0.114000
0.000000
0.000000
0.000020
0.000090
0.000080
0.000200
0.000790
0.000000
0.000000
0.000250
0.000000
0.000000
0.000000
0.000030
0.000000
0.000000
0.000210
0.000000
0.000000
0.000000
0.000010
0.000000
0.000010
0.000000
0.000000
0.000000
0.000000
0.000000
0.000000
0.000010
0.000050
0.000000
0.000000
0.000000
0.000020
0.003770
0.000000
0.000760
0.143070
0.000000
0.000000
0.000000
0.000000
0.000000
0.000000
0.000000
0.000010
0.000000
0.000000
0.000050
0.000000
0.000000
0.000300
0.000000
0.000000
0.000000
0.000100
0.000000
0.000000
0.000000
0.000000
0.000000
0.000000
0.000000
0.000000
0.000000
0.000000
0.000000
0.000000
0.000000
0.000000
0.000000
0.000000
0.000000
0.000000
0.000000
0.000000
0.000000
0.000000
0.000000
0.000000
0.000000
0.000000
0.000000
0.000000
0.000000
0.000000
0.000000
0.000000
0.000000
0.000000
0.000000
0.000000
0.000000
0.000000
0.000000
0.000000
0.000000
0.000000
0.000000
0.000650
0.000250
0.000000
0.000000
0.000000
0.000360
0.000060
0.000000
0.000050
0.000000
0.182200
0.000880
0.000350
0.000140
0.001360
0.000010
0.000000
0.000230
0.000000
0.000370
0.000020
0.000000
0.035880
0.000330
0.000130
0.000090
0.000050
0.000120
0.000020
0.000000
0.000000
0.000000
0.011510
0.000250
0.000000
0.000370
0.000000
0.000060
0.000000
0.000000
0.000000
0.000000
0.000000
0.000220
0.000040
0.000000
0.000080
0.000000
0.000100
0.000380
0.000150
0.000000
0.000150
0.000000
0.175870
0.000200
0.000000
0.000050
0.000000
0.000000
0.000000
0.019180
0.000480
0.000000
0.032770
0.074060
0.000150
0.000000
0.000000
0.000090
0.000070
0.000240
0.000640
0.000050
0.000000
0.000260
0.000000
0.000000
0.000000
0.000000
0.000000
0.000000
0.000200
0.000000
0.000000
0.000000
0.000010
0.000000
0.000000
0.000300
0.000000
0.000010
0.000000
0.000000
0.000000
0.000030
0.000010
0.000000
0.000000
0.000000
0.000000
0.006800
0.000760
0.000000
0.125220
0.000090
0.000000
0.000000
0.000000
0.000000
0.000000
0.000000
0.000000
0.000000
0.000010
0.000030
0.000000
0.000000
0.000400
0.000000
0.000000
0.000000
0.000090
0.000000
0.000000
0.000000
0.000000
0.000000
0.000000
0.000000
0.000000
0.000000
0.000000
0.000000
0.000000
0.000000
0.000000
0.000000
0.000000
0.000000
0.000000
0.000000
0.000000
0.000000
0.000000
0.000000
0.000000
0.000000
0.000000
0.000000
0.000000
0.000000
0.000000
0.000000
0.000000
0.000000
0.000000
0.000000
0.000000
0.000000
0.000000
0.000000
0.000000
0.000000
0.000000
0.000000
0.000000
0.000000
0.000970
0.000020
0.000340
0.000000
0.000000
0.000150
0.000000
0.216820
0.000000
0.000000
0.000000
0.000000
0.000000
0.000000
0.000430
0.000000
0.000200
0.000000
0.000000
0.039840
0.000000
0.000000
0.000000
0.000000
0.000000
0.000000
0.000000
0.001120
0.000310
0.012210
0.000000
0.000000
0.000300
0.000000
0.000050
0.000000
0.000190
0.000000
0.000020
0.000020
0.000070
0.000000
0.000000
0.000100
0.000000
0.000160
0.000000
0.000000
0.000000
0.000140
0.000000
0.185880
0.000000
0.000000
0.000040
0.000000
0.005560
0.000350
0.018690
0.000000
0.000000
0.038040
0.000000
0.000000
0.000000
0.000100
0.000060
0.000000
0.000000
0.000000
0.000000
0.000000
0.000150
0.000000
0.000000
0.000020
0.000000
0.000020
0.000000
0.000110
0.000000
0.000000
0.000070
0.000000
0.000000
0.000000
0.000540
0.000000
0.000000
0.000000
0.000100
0.000010
0.000030
0.000000
0.000000
0.000000
0.000710
0.000000
0.009090
0.000000
0.000000
0.081130
0.000000
0.000000
0.000020
0.000000
0.000000
0.000000
0.000000
0.000000
0.000000
0.000000
0.000000
0.000000
0.000000
0.000480
0.000000
0.000000
0.000000
0.000110
0.000000
0.000000
0.000000
0.000000
0.000000
0.000000
0.000000
0.000000
0.000000
0.000000
0.000000
0.000000
0.000000
0.000000
0.000000
0.000000
0.000000
0.000000
0.000000
0.000000
0.000000
0.000000
0.000000
0.000000
0.000000
0.000000
0.000000
0.000000
0.000000
0.000000
0.000000
0.000000
0.000000
0.000000
0.000000
0.000000
0.000000
0.000000
0.000000
0.000000
0.000000
0.000000
0.000000
0.000000
0.000000
0.000000
0.000000
0.000000
0.000000
0.000000
0.000000
0.216800
0.000000
0.000000
0.000000
0.000710
0.000000
0.000300
0.000000
0.000000
0.000000
0.000000
0.000000
0.039200
0.000000
0.000000
0.000000
0.000000
0.000210
0.000000
0.000000
0.001220
0.000000
0.000000
0.000000
0.000000
0.000000
0.000000
0.000000
0.000000
0.000000
0.000000
0.000000
0.000000
0.000000
0.000000
0.000940
0.000000
0.000000
0.000000
0.000000
0.000900
0.000340
0.000000
0.000000
0.184990
0.000000
0.000000
0.000000
0.000000
0.006330
0.000000
0.000000
0.000000
0.000000
0.000000
0.000000
0.000000
0.001400
0.000000
0.000000
0.000000
0.000510
0.000230
0.000000
0.000000
0.000000
0.000000
0.000070
0.000000
0.000000
0.000000
0.000000
0.000000
0.000000
0.000020
0.000070
0.000000
0.000000
0.000080
0.000550
0.000000
0.000000
0.000000
0.000200
0.000000
0.000000
0.000000
0.000000
0.000000
0.000760
0.000000
0.000000
0.000000
0.000000
0.000000
0.000000
0.005050
0.000000
0.000000
0.000000
0.000000
0.000000
0.000010
0.000000
0.000000
0.000020
0.000000
0.000000
0.000470
0.000000
0.000000
0.000000
0.000110
0.000000
0.000020
0.000000
0.000000
0.000000
0.000000
0.000000
0.000000
0.000000
0.000000
0.000000
0.000000
0.000000
0.000000
0.000000
0.000000
0.000000
0.000000
0.000000
0.000000
0.000000
0.000000
0.000000
0.000000
0.000000
0.000000
0.000000
0.000000
0.000000
0.000000
0.000000
0.000000
0.000000
0.000000
0.000000
0.000000
0.000000
0.000000
0.000000
0.000000
0.000000
0.000000
0.000000
0.000000
0.000000
0.000000
0.000090
0.000150
0.000000
0.000000
0.190900
0.000000
0.000000
0.000000
0.000000
0.000000
0.000000
0.000000
0.000000
0.000000
0.000000
0.003140
0.000000
0.000000
0.000000
0.000000
0.000000
0.000000
0.000000
0.000000
0.000000
0.000000
0.000000
0.000000
0.000000
0.000000
0.000000
0.000090
0.000000
0.000030
0.000000
0.000000
0.000000
0.000110
0.000000
0.000350
0.000000
0.000000
0.000150
0.000000
0.000780
0.000000
0.000000
0.000000
0.127080
0.000000
0.000000
0.000000
0.000000
0.004440
0.000000
0.000000
0.000000
0.000000
0.000000
0.000000
0.000000
0.000000
0.000000
0.000000
0.000000
0.000310
0.000000
0.000000
0.000000
0.000000
0.000000
0.000060
0.000000
0.000000
0.000000
0.000000
0.000000
0.000000
0.000000
0.000000
0.000000
0.000000
0.000040
0.000000
0.000000
0.000000
0.000000
0.000200
0.000000
0.000040
0.000080
0.000000
0.000000
0.000000
0.000000
0.000000
0.000940
0.000000
0.000000
0.000000
0.004920
0.000000
0.000000
0.000000
0.000000
0.000000
0.000000
0.000000
0.000000
0.000000
0.000000
0.000000
0.000000
0.000000
0.000000
0.000000
0.000000
0.000000
0.000020
0.000000
0.000000
0.000000
0.000000
0.000000
0.000000
0.000000
0.000000
0.000000
0.000000
0.000000
0.000000
0.000000
0.000000
0.000000
0.000000
0.000000
0.000000
0.000000
0.000000
0.000000
0.000000
0.000000
0.000000
0.000000
0.000000
0.000000
0.000000
0.000000
0.000000
0.000000
0.000000
0.000000
0.000000
0.000000
0.000000
0.000000
0.000000
0.000000
0.000000
0.000000
0.000000
0.000000
0.000000
0.000000
0.000630
0.000000
0.000000
0.004550
0.000000
0.000000
0.000000
0.000000
0.000000
0.000000
0.000000
0.000000
0.000000
0.000000
0.008440
0.000000
0.000000
0.000000
0.000000
0.000000
0.000000
0.000000
0.000000
0.000000
0.000000
0.000000
0.000000
0.000000
0.000000
0.000000
0.000040
0.000000
0.000070
0.000000
0.000000
0.000260
0.000030
0.000000
0.000270
0.000000
0.000000
0.000790
0.000000
0.001680
0.000000
0.000000
0.000000
0.003830
0.000000
0.000000
0.000000
0.000000
0.000180
0.000000
0.000000
0.000000
0.000000
0.000000
0.000000
0.000000
0.000000
0.000000
0.000000
0.000000
0.000440
0.000000
0.000000
0.000000
0.000000
0.000000
0.000030
0.000000
0.000000
0.000000
0.000050
0.000000
0.000000
0.000000
0.000000
0.000000
0.000000
0.000930
0.000000
0.000000
0.000000
0.000000
0.000090
0.000000
0.000110
0.000460
0.000000
0.000000
0.000000
0.000000
0.000000
0.105440
0.000000
0.000000
0.000000
0.000060
0.000000
0.000000
0.000000
0.000040
0.000000
0.000000
0.000000
0.000000
0.000000
0.000000
0.000000
0.000000
0.000000
0.000000
0.000000
0.000000
0.000000
0.000000
0.000000
0.000000
0.000010
0.000000
0.000000
0.000000
0.000000
0.000000
0.000000
0.000000
0.000000
0.000000
0.000000
0.000000
0.000000
0.000000
0.000000
0.000000
0.000000
0.000000
0.000000
0.000000
0.000000
0.000000
0.000000
0.000000
0.000000
0.000000
0.000000
0.000000
0.000000
0.000000
0.000000
0.000000
0.000000
0.000000
0.000000
0.000000
0.000000
0.000000
0.000000
0.000000
0.000000
0.000000
0.000000
0.000000
0.000000
0.000260
0.000000
0.042830
0.000000
0.000000
0.000000
0.000000
0.000000
0.000000
0.012460
0.000000
0.000150
0.000000
0.000000
0.127900
0.000000
0.000000
0.000000
0.000000
0.000000
0.000000
0.000000
0.138060
0.000550
0.000310
0.000000
0.000000
0.000010
0.000000
0.000000
0.000000
0.000210
0.000000
0.000000
0.000040
0.000010
0.000000
0.000000
0.000080
0.000000
0.000390
0.000000
0.000000
0.000000
0.000390
0.000000
0.002570
0.000000
0.000000
0.000120
0.000000
0.072360
0.005290
0.007780
0.000000
0.000000
0.000220
0.000000
0.000000
0.000000
0.000500
0.000010
0.000000
0.000000
0.000000
0.000000
0.000000
0.000000
0.000000
0.000000
0.000050
0.000000
0.000020
0.000000
0.000000
0.000000
0.000000
0.001170
0.000000
0.000000
0.000000
0.001490
0.000000
0.000020
0.000000
0.000530
0.000010
0.000010
0.000000
0.000000
0.000000
0.136660
0.000150
0.000120
0.000000
0.000000
0.000010
0.000000
0.000000
0.000050
0.000000
0.000000
0.000000
0.000000
0.000000
0.000000
0.000000
0.000000
0.000000
0.000000
0.000880
0.000000
0.000000
0.000000
0.000000
0.000000
0.000000
0.000000
0.000000
0.000000
0.000000
0.000000
0.000000
0.000000
0.000000
0.000000
0.000000
0.000000
0.000000
0.000000
0.000000
0.000000
0.000000
0.000000
0.000000
0.000000
0.000000
0.000000
0.000000
0.000000
0.000000
0.000000
0.000000
0.000000
0.000000
0.000000
0.000000
0.000000
0.000000
0.000000
0.000000
0.000000
0.000000
0.000000
0.000000
0.000000
0.000000
0.000000
0.000000
0.000000
0.000000
0.000000
0.039140
0.000000
0.000000
0.000000
0.009050
0.000000
0.049660
0.000000
0.000000
0.000000
0.000000
0.000000
0.128700
0.000000
0.000000
0.000000
0.000000
0.004890
0.000000
0.000000
0.142160
0.000000
0.000000
0.000000
0.000000
0.000000
0.000000
0.000000
0.000000
0.000000
0.000000
0.000000
0.000000
0.000000
0.000000
0.000640
0.000000
0.000000
0.000000
0.000000
0.008220
0.011970
0.000000
0.000000
0.002580
0.000000
0.000000
0.000000
0.000000
0.074920
0.000000
0.000000
0.000000
0.000000
0.000000
0.000000
0.000000
0.000700
0.000000
0.000000
0.000000
0.000010
0.000050
0.000000
0.000000
0.000000
0.000000
0.000060
0.000000
0.000000
0.000000
0.000000
0.000000
0.000000
0.000020
0.001150
0.000000
0.000000
0.000020
0.001470
0.000000
0.000000
0.000000
0.000620
0.000000
0.000000
0.000000
0.000000
0.000000
0.137350
0.000000
0.000000
0.000000
0.000000
0.000000
0.000000
0.000050
0.000000
0.000000
0.000000
0.000000
0.000000
0.000000
0.000010
0.000040
0.000010
0.000000
0.000000
0.000900
0.000000
0.000000
0.000000
0.000000
0.000000
0.000000
0.000000
0.000000
0.000000
0.000000
0.000000
0.000000
0.000000
0.000000
0.000000
0.000000
0.000000
0.000000
0.000000
0.000000
0.000000
0.000000
0.000000
0.000000
0.000000
0.000000
0.000000
0.000000
0.000000
0.000000
0.000000
0.000000
0.000000
0.000000
0.000000
0.000000
0.000000
0.000000
0.000000
0.000000
0.000000
0.000000
0.000000
0.000000
0.000000
0.000000
0.000000
0.000000
0.000000
0.000000
0.000000
0.002040
0.000000
0.000680
0.009160
0.000650
0.049680
0.000500
0.001970
0.000000
0.000270
0.000000
0.110670
0.001230
0.000000
0.000020
0.000450
0.006000
0.000160
0.002390
0.136590
0.000040
0.000000
0.000000
0.000000
0.000000
0.000000
0.000000
0.000040
0.000000
0.000000
0.000000
0.000000
0.000000
0.000000
0.000000
0.000030
0.000300
0.000000
0.000320
0.000000
0.007560
0.000690
0.000580
0.000000
0.000020
0.000000
0.000030
0.002040
0.000000
0.001130
0.000000
0.000000
0.000000
0.000030
0.000240
0.000000
0.000490
0.000030
0.000010
0.000000
0.000000
0.000040
0.000000
0.000020
0.000010
0.000030
0.000000
0.000000
0.000030
0.000000
0.000000
0.000000
0.000000
0.000000
0.000700
0.000010
0.000000
0.000000
0.000800
0.000000
0.000000
0.000010
0.000000
0.000030
0.000000
0.000000
0.000000
0.000490
0.122910
0.000020
0.000000
0.000000
0.000000
0.000000
0.000060
0.000000
0.000000
0.000000
0.000000
0.000000
0.000000
0.000000
0.000010
0.000040
0.000010
0.000000
0.000000
0.000840
0.000000
0.000000
0.000000
0.000000
0.000000
0.000000
0.000000
0.000000
0.000000
0.000000
0.000000
0.000000
0.000000
0.000000
0.000000
0.000000
0.000000
0.000000
0.000000
0.000000
0.000000
0.000000
0.000000
0.000000
0.000000
0.000000
0.000000
0.000000
0.000000
0.000000
0.000000
0.000000
0.000000
0.000000
0.000000
0.000000
0.000000
0.000000
0.000000
0.000000
0.000000
0.000000
0.000000
0.000000
0.000000
0.000000
0.000000
0.000000
0.000000
0.000000
0.000000
0.000160
0.000000
0.004920
0.001420
0.040220
0.000740
0.002020
0.000230
0.000000
0.000680
0.000000
0.006710
0.000800
0.000000
0.000360
0.005540
0.000720
0.003800
0.118150
0.000190
0.000010
0.000000
0.000000
0.000000
0.000000
0.000020
0.000000
0.000020
0.000000
0.000010
0.000000
0.000000
0.000000
0.000000
0.000000
0.000330
0.000270
0.000000
0.004670
0.000000
0.001280
0.000420
0.000210
0.000000
0.000050
0.000000
0.000780
0.008040
0.000000
0.004380
0.000000
0.000000
0.000000
0.000190
0.000220
0.000000
0.000050
0.000010
0.000010
0.000000
0.000000
0.000020
0.000020
0.000010
0.000030
0.000010
0.000000
0.000030
0.000000
0.000000
0.000000
0.000000
0.000010
0.000000
0.000020
0.000000
0.000000
0.000000
0.000010
0.000010
0.000000
0.000000
0.000000
0.000040
0.000000
0.000000
0.000000
0.086470
0.000410
0.000000
0.000000
0.000000
0.000000
0.000050
0.000030
0.000000
0.000010
0.000000
0.000000
0.000000
0.000000
0.000010
0.000020
0.000000
0.000000
0.000000
0.000520
0.000000
0.000000
0.000000
0.000010
0.000000
0.000000
0.000000
0.000000
0.000000
0.000000
0.000000
0.000000
0.000000
0.000000
0.000000
0.000000
0.000000
0.000000
0.000000
0.000000
0.000000
0.000000
0.000000
0.000000
0.000000
0.000000
0.000000
0.000000
0.000000
0.000000
0.000000
0.000000
0.000000
0.000000
0.000000
0.000000
0.000000
0.000000
0.000000
0.000000
0.000000
0.000000
0.000000
0.000000
0.000000
0.000000
0.000000
0.000000
0.000000
0.000000
0.000000
0.000000
0.000000
0.000000
0.000000
0.000000
0.000000
0.000000
0.000000
0.000000
0.000000
0.007300
0.000000
0.000000
0.000000
0.000000
0.000000
0.000000
0.000000
0.000000
0.000000
0.000000
0.000000
0.000000
0.000000
0.000000
0.000000
0.000040
0.000000
0.000010
0.000000
0.000000
0.000010
0.000010
0.000000
0.000100
0.000000
0.000000
0.003920
0.000000
0.001170
0.000000
0.000000
0.000000
0.000110
0.000000
0.000000
0.000000
0.000000
0.008130
0.000000
0.000000
0.000000
0.000000
0.000000
0.000000
0.000000
0.000000
0.000000
0.000000
0.000000
0.000000
0.000000
0.000000
0.000000
0.000000
0.000000
0.000020
0.000000
0.000000
0.000000
0.000000
0.000000
0.000000
0.000000
0.000000
0.000000
0.000000
0.000030
0.000000
0.000000
0.000000
0.000000
0.000050
0.000000
0.001670
0.023470
0.000000
0.000000
0.000000
0.000000
0.000000
0.000000
0.000000
0.000000
0.000000
0.000000
0.000000
0.000000
0.000000
0.000000
0.000000
0.000000
0.000000
0.000000
0.000000
0.000000
0.000000
0.000000
0.000000
0.000000
0.000000
0.000000
0.000000
0.000000
0.000000
0.000000
0.000000
0.000000
0.000000
0.000000
0.000000
0.000000
0.000000
0.000000
0.000000
0.000000
0.000000
0.000000
0.000000
0.000000
0.000000
0.000000
0.000000
0.000000
0.000000
0.000000
0.000000
0.000000
0.000000
0.000000
0.000000
0.000000
0.000000
0.000000
0.000000
0.000000
0.000000
0.000000
0.000000
0.000000
0.000000
0.000000
0.000000
0.000000
0.000000
0.000000
0.000000
0.000000
0.000000
0.000000
0.000000
0.000000
0.000000
0.000000
0.000000
0.000000
0.000000
0.082050
0.000000
0.000000
0.000000
0.000000
0.000000
0.000000
0.000000
0.000000
0.000000
0.000000
0.000000
0.000000
0.000000
0.000000
0.000000
0.000030
0.000000
0.000000
0.000000
0.000000
0.000000
0.000000
0.000000
0.000130
0.000000
0.000000
0.002050
0.000000
0.001480
0.000000
0.000000
0.000000
0.000380
0.000000
0.000000
0.000000
0.000000
0.004070
0.000000
0.000000
0.000000
0.000000
0.000000
0.000000
0.000000
0.000000
0.000000
0.000000
0.000000
0.000010
0.000000
0.000000
0.000000
0.000000
0.000000
0.000050
0.000000
0.000000
0.000000
0.000010
0.000000
0.000000
0.000000
0.000000
0.000000
0.000000
0.000060
0.000000
0.000000
0.000000
0.000000
0.011440
0.000000
0.023160
0.004180
0.000000
0.000000
0.000000
0.000000
0.000000
0.000010
0.000000
0.000000
0.000000
0.000020
0.000000
0.000000
0.000000
0.000000
0.000000
0.000000
0.000000
0.000000
0.000000
0.000000
0.000000
0.000000
0.000000
0.000000
0.000000
0.000000
0.000000
0.000000
0.000000
0.000000
0.000000
0.000000
0.000000
0.000000
0.000000
0.000000
0.000000
0.000000
0.000000
0.000000
0.000000
0.000000
0.000000
0.000000
0.000000
0.000000
0.000000
0.000000
0.000000
0.000000
0.000000
0.000000
0.000000
0.000000
0.000000
0.000000
0.000000
0.000000
0.000000
0.000000
0.000000
0.000000
0.000000
0.000000
0.000000
0.000000
0.000000
0.000000
0.000000
0.000000
0.000000
0.000000
0.000000
0.000470
0.001330
0.000990
0.001990
0.004910
0.000000
0.107920
0.000000
0.000260
0.000240
0.000000
0.144480
0.003050
0.000980
0.000250
0.000000
0.000020
0.000010
0.000000
0.000000
0.000000
0.000030
0.000040
0.000000
0.000000
0.000000
0.000000
0.000000
0.000000
0.000000
0.000000
0.000000
0.000650
0.002070
0.000000
0.001330
0.000000
0.000120
0.000060
0.000380
0.000000
0.000110
0.000000
0.118010
0.002330
0.000000
0.000190
0.000000
0.000000
0.000000
0.000150
0.000060
0.000000
0.000150
0.000010
0.000010
0.000000
0.000000
0.000010
0.000000
0.000000
0.000020
0.000040
0.000000
0.000000
0.000000
0.000000
0.000000
0.000000
0.000060
0.000000
0.000050
0.000010
0.000000
0.000000
0.000010
0.000010
0.000000
0.013550
0.000000
0.019550
0.000000
0.000000
0.000000
0.000990
0.000010
0.000000
0.000000
0.000000
0.000000
0.000010
0.000010
0.000000
0.000000
0.000000
0.000000
0.000000
0.000010
0.000000
0.000000
0.000020
0.000010
0.000000
0.000000
0.000000
0.000000
0.000000
0.000080
0.000000
0.000000
0.000000
0.000000
0.000000
0.000000
0.000000
0.000000
0.000000
0.000000
0.000000
0.000000
0.000000
0.000000
0.000000
0.000000
0.000000
0.000000
0.000000
0.000000
0.000000
0.000000
0.000000
0.000000
0.000000
0.000000
0.000000
0.000000
0.000000
0.000000
0.000000
0.000000
0.000000
0.000000
0.000000
0.000000
0.000000
0.000000
0.000000
0.000000
0.000000
0.000000
0.000000
0.000000
0.000000
0.000000
0.000000
0.000000
0.000000
0.000000
0.000000
0.000000
0.114160
0.000000
0.000250
0.000000
0.000000
0.205290
0.000000
0.000000
0.000000
0.000000
0.000000
0.000000
0.000000
0.000150
0.000010
0.000030
0.000000
0.000000
0.000000
0.000000
0.000000
0.000000
0.000000
0.000000
0.000000
0.000130
0.000120
0.000000
0.000000
0.000410
0.000000
0.000040
0.000000
0.000000
0.000000
0.000110
0.000000
0.160540
0.000000
0.000000
0.000190
0.000000
0.005190
0.000110
0.000170
0.000000
0.000000
0.000160
0.000000
0.000000
0.000000
0.000010
0.000000
0.000000
0.000000
0.000000
0.000000
0.000000
0.000000
0.000000
0.000000
0.000020
0.000000
0.000060
0.000000
0.000050
0.000000
0.000000
0.000810
0.000000
0.000000
0.000000
0.014790
0.000000
0.003490
0.000000
0.015330
0.000120
0.001450
0.000000
0.000000
0.000000
0.000410
0.000000
0.000010
0.000000
0.000000
0.000000
0.000000
0.000000
0.000030
0.000010
0.000000
0.000000
0.000000
0.000000
0.000000
0.000000
0.000000
0.000000
0.000000
0.000130
0.000000
0.000000
0.000000
0.000000
0.000000
0.000000
0.000000
0.000000
0.000000
0.000000
0.000000
0.000000
0.000000
0.000000
0.000000
0.000000
0.000000
0.000000
0.000000
0.000000
0.000000
0.000000
0.000000
0.000000
0.000000
0.000000
0.000000
0.000000
0.000000
0.000000
0.000000
0.000000
0.000000
0.000000
0.000000
0.000000
0.000000
0.000000
0.000000
0.000000
0.000000
0.000000
0.000000
0.000000
0.000000
0.000000
0.000000
0.000000
0.000000
0.000000
0.043350
0.000000
0.000000
0.000000
0.000000
0.000000
0.202910
0.000000
0.000000
0.000000
0.000000
0.000110
0.000000
0.000000
0.000150
0.000000
0.000000
0.000000
0.000000
0.000000
0.000000
0.000000
0.000000
0.000000
0.000000
0.000000
0.000000
0.000000
0.000000
0.002130
0.000000
0.000000
0.000000
0.000000
0.000500
0.000280
0.000000
0.000000
0.160540
0.000000
0.000000
0.000000
0.000000
0.005600
0.000000
0.000000
0.000000
0.000000
0.000000
0.000000
0.000000
0.000040
0.000000
0.000000
0.000000
0.000040
0.000010
0.000000
0.000000
0.000000
0.000000
0.000030
0.000000
0.000000
0.000000
0.000000
0.000000
0.000000
0.000010
0.000830
0.000000
0.000000
0.000130
0.014390
0.000000
0.000000
0.000000
0.017320
0.000000
0.000000
0.000000
0.000000
0.000000
0.000410
0.000000
0.000000
0.000000
0.000000
0.000000
0.000000
0.000050
0.000000
0.000000
0.000000
0.000010
0.000000
0.000000
0.000020
0.000010
0.000010
0.000000
0.000000
0.000130
0.000000
0.000000
0.000000
0.000000
0.000000
0.000000
0.000000
0.000000
0.000000
0.000000
0.000000
0.000000
0.000000
0.000000
0.000000
0.000000
0.000000
0.000000
0.000000
0.000000
0.000000
0.000000
0.000000
0.000000
0.000000
0.000000
0.000000
0.000000
0.000000
0.000000
0.000000
0.000000
0.000000
0.000000
0.000000
0.000000
0.000000
0.000000
0.000000
0.000000
0.000000
0.000000
0.000000
0.000000
0.000000
0.000000
0.000000
0.000000
0.000000
0.000000
0.000000
0.000000
0.000000
0.000000
0.009560
0.000000
0.000000
0.000000
0.000000
0.000000
0.000000
0.000000
0.000000
0.000000
0.000000
0.000000
0.000000
0.000000
0.000000
0.000000
0.000000
0.000000
0.000000
0.000000
0.000000
0.000010
0.000520
0.000000
0.000890
0.000000
0.000000
0.000030
0.000000
0.000390
0.000000
0.000000
0.000000
0.117680
0.000000
0.000000
0.000000
0.000000
0.004270
0.000000
0.000000
0.000000
0.000000
0.000000
0.000000
0.000000
0.000000
0.000000
0.000000
0.000000
0.000030
0.000000
0.000000
0.000000
0.000000
0.000000
0.000030
0.000000
0.000000
0.000000
0.000000
0.000000
0.000000
0.000000
0.000000
0.000000
0.000000
0.000120
0.000000
0.000000
0.000000
0.000000
0.006660
0.000000
0.000100
0.000380
0.000000
0.000000
0.000000
0.000000
0.000000
0.000010
0.000000
0.000000
0.000000
0.000110
0.000000
0.000000
0.000000
0.000000
0.000000
0.000000
0.000000
0.000000
0.000000
0.000000
0.000000
0.000000
0.000000
0.000000
0.000000
0.000000
0.000000
0.000000
0.000000
0.000000
0.000000
0.000000
0.000000
0.000000
0.000000
0.000000
0.000000
0.000000
0.000000
0.000000
0.000000
0.000000
0.000000
0.000000
0.000000
0.000000
0.000000
0.000000
0.000000
0.000000
0.000000
0.000000
0.000000
0.000000
0.000000
0.000000
0.000000
0.000000
0.000000
0.000000
0.000000
0.000000
0.000000
0.000000
0.000000
0.000000
0.000000
0.000000
0.000000
0.000000
0.000000
0.000000
0.000000
0.000000
0.000000
0.000000
0.034330
0.000000
0.000000
0.000000
0.000000
0.000000
0.000000
0.000000
0.000000
0.000000
0.000000
0.000000
0.000000
0.000000
0.000000
0.000000
0.000020
0.000000
0.000020
0.000000
0.000000
0.001140
0.000070
0.000000
0.000910
0.000000
0.000000
0.000070
0.000000
0.000250
0.000000
0.000000
0.000000
0.011460
0.000000
0.000000
0.000000
0.000000
0.000570
0.000000
0.000000
0.000000
0.000000
0.000000
0.000000
0.000000
0.000000
0.000000
0.000000
0.000000
0.000080
0.000000
0.000000
0.000000
0.000000
0.000000
0.000030
0.000000
0.000000
0.000000
0.000030
0.000000
0.000000
0.000000
0.000000
0.000000
0.000000
0.001850
0.000000
0.000000
0.000000
0.000000
0.000210
0.000000
0.000330
0.000060
0.000000
0.000000
0.000000
0.000000
0.000000
0.000320
0.000000
0.000000
0.000000
0.000150
0.000000
0.000000
0.000000
0.000130
0.000000
0.000000
0.000000
0.000000
0.000000
0.000000
0.000000
0.000000
0.000000
0.000000
0.000000
0.000000
0.000000
0.000000
0.000000
0.000000
0.000000
0.000000
0.000000
0.000000
0.000000
0.000000
0.000000
0.000000
0.000000
0.000000
0.000000
0.000000
0.000000
0.000000
0.000000
0.000000
0.000000
0.000000
0.000000
0.000000
0.000000
0.000000
0.000000
0.000000
0.000000
0.000000
0.000000
0.000000
0.000000
0.000000
0.000000
0.000000
0.000000
0.000000
0.000000
0.000000
0.000000
0.000000
0.000000
0.000000
0.000000
0.000000
0.000000
0.005090
0.000000
0.000660
0.000000
0.000000
0.015510
0.000000
0.000000
0.000000
0.000000
0.000000
0.000000
0.000000
0.000440
0.000200
0.000540
0.000000
0.000000
0.000000
0.000000
0.000020
0.000000
0.001510
0.000030
0.000560
0.001310
0.000010
0.000000
0.000000
0.000040
0.000000
0.000070
0.000000
0.000000
0.000000
0.003160
0.000000
0.031380
0.000000
0.000000
0.000200
0.000000
0.000300
0.000440
0.003820
0.000000
0.000000
0.001200
0.000000
0.000000
0.000000
0.000230
0.000020
0.000000
0.000000
0.000000
0.000000
0.000000
0.000040
0.000000
0.000000
0.000060
0.000000
0.002520
0.000000
0.000090
0.000000
0.000000
0.001540
0.000050
0.000000
0.000000
0.000920
0.000000
0.000060
0.000000
0.000050
0.000080
0.003190
0.000000
0.000000
0.000000
0.000420
0.000000
0.012090
0.000000
0.000000
0.000010
0.000000
0.000000
0.000220
0.000000
0.000000
0.000000
0.000000
0.000000
0.000000
0.000000
0.000000
0.000000
0.000000
0.000030
0.000000
0.000000
0.000000
0.000000
0.000000
0.000000
0.000000
0.000000
0.000000
0.000000
0.000000
0.000000
0.000000
0.000000
0.000000
0.000000
0.000000
0.000000
0.000000
0.000000
0.000000
0.000000
0.000000
0.000000
0.000000
0.000000
0.000000
0.000000
0.000000
0.000000
0.000000
0.000000
0.000000
0.000000
0.000000
0.000000
0.000000
0.000000
0.000000
0.000000
0.000000
0.000000
0.000000
0.000000
0.000000
0.000000
0.000000
0.000000
0.000000
0.000000
0.011080
0.000000
0.000000
0.000000
0.000000
0.000000
0.000000
0.000000
0.000000
0.000000
0.000000
0.000000
0.000000
0.000000
0.000000
0.000000
0.000040
0.000000
0.000340
0.000000
0.000000
0.001100
0.001130
0.000000
0.000220
0.000000
0.000000
0.000080
0.000000
0.000150
0.000000
0.000000
0.000000
0.035210
0.000000
0.000000
0.000000
0.000000
0.000160
0.000000
0.000000
0.000000
0.000000
0.000000
0.000000
0.000000
0.000000
0.000000
0.000000
0.000000
0.000320
0.000000
0.000000
0.000000
0.000000
0.000000
0.000070
0.000000
0.000000
0.000000
0.002550
0.000000
0.000000
0.000000
0.000000
0.000000
0.000000
0.000450
0.000000
0.000000
0.000000
0.000000
0.000060
0.000000
0.000080
0.002620
0.000000
0.000000
0.000000
0.000000
0.000000
0.012080
0.000000
0.000000
0.000000
0.000100
0.000000
0.000000
0.000000
0.000230
0.000000
0.000000
0.000000
0.000000
0.000000
0.000000
0.000000
0.000000
0.000000
0.000000
0.000000
0.000000
0.000000
0.000000
0.000000
0.000000
0.000000
0.000000
0.000000
0.000000
0.000000
0.000000
0.000000
0.000000
0.000000
0.000000
0.000000
0.000000
0.000000
0.000000
0.000000
0.000000
0.000000
0.000000
0.000000
0.000000
0.000000
0.000000
0.000000
0.000000
0.000000
0.000000
0.000000
0.000000
0.000000
0.000000
0.000000
0.000000
0.000000
0.000000
0.000000
0.000000
0.000000
0.000000
0.000000
0.000000
0.000000
0.000000
0.000000
0.000170
0.000000
0.000000
0.011500
0.000000
0.000000
0.000000
0.000000
0.000000
0.000000
0.000000
0.000710
0.000300
0.000200
0.000000
0.000000
0.000020
0.000000
0.000100
0.000000
0.001430
0.000520
0.000000
0.000290
0.000010
0.000000
0.000000
0.000020
0.000000
0.000320
0.000000
0.000000
0.000000
0.001910
0.000000
0.007650
0.000000
0.000000
0.000060
0.000000
0.001930
0.004310
0.001100
0.000000
0.000000
0.000910
0.000000
0.000000
0.000000
0.000410
0.000010
0.000000
0.000000
0.000000
0.000000
0.000000
0.000060
0.000000
0.000000
0.002510
0.000000
0.000220
0.000000
0.000350
0.000000
0.000000
0.000570
0.000000
0.000000
0.000000
0.000440
0.000000
0.000030
0.000000
0.000810
0.001960
0.001580
0.000000
0.000000
0.000000
0.011540
0.000000
0.000640
0.000000
0.000000
0.000020
0.000000
0.000000
0.000430
0.000010
0.000000
0.000000
0.000000
0.000000
0.000000
0.000000
0.000000
0.000000
0.000000
0.000010
0.000000
0.000000
0.000000
0.000000
0.000000
0.000000
0.000000
0.000000
0.000000
0.000000
0.000000
0.000000
0.000000
0.000000
0.000000
0.000000
0.000000
0.000000
0.000000
0.000000
0.000000
0.000000
0.000000
0.000000
0.000000
0.000000
0.000000
0.000000
0.000000
0.000000
0.000000
0.000000
0.000000
0.000000
0.000000
0.000000
0.000000
0.000000
0.000000
0.000000
0.000000
0.000000
0.000000
0.000000
0.000000
0.000000
0.000000
0.000000
0.000000
0.000000
0.000000
0.000000
0.000000
0.000000
0.000000
0.000000
0.000000
0.000000
0.000000
0.000000
0.000000
0.000000
0.000000
0.000000
0.000230
0.000000
0.000200
0.000000
0.000000
0.000040
0.000180
0.000000
0.000000
0.000000
0.000000
0.000070
0.000000
0.000200
0.000000
0.000000
0.000000
0.001620
0.000000
0.000000
0.000000
0.000000
0.000060
0.000000
0.000000
0.000000
0.000000
0.000000
0.000000
0.000000
0.000000
0.000000
0.000000
0.000000
0.000060
0.000000
0.000000
0.000000
0.000000
0.000000
0.000170
0.000000
0.000000
0.000000
0.000200
0.000000
0.000000
0.000000
0.000000
0.000000
0.000000
0.000000
0.000000
0.000000
0.000000
0.000000
0.000050
0.000000
0.004440
0.001210
0.000000
0.000000
0.000000
0.000000
0.000000
0.000520
0.000000
0.000000
0.000000
0.000080
0.000000
0.000000
0.000000
0.000000
0.000000
0.000000
0.000000
0.000000
0.000000
0.000000
0.000000
0.000000
0.000000
0.000000
0.000000
0.000000
0.000000
0.000000
0.000000
0.000000
0.000000
0.000000
0.000000
0.000000
0.000000
0.000000
0.000000
0.000000
0.000000
0.000000
0.000000
0.000000
0.000000
0.000000
0.000000
0.000000
0.000000
0.000000
0.000000
0.000000
0.000000
0.000000
0.000000
0.000000
0.000000
0.000000
0.000000
0.000000
0.000000
0.000000
0.000000
0.000000
0.000000
0.000000
0.000000
0.000000
0.000000
0.000000
0.000000
0.000000
0.000000
0.000000
0.000000
0.000450
0.000000
0.000000
0.000000
0.000000
0.001350
0.000000
0.000000
0.000460
0.000000
0.000000
0.000000
0.000000
0.000000
0.000000
0.000000
0.000000
0.000000
0.000000
0.000000
0.000000
0.000000
0.000000
0.000310
0.000000
0.000000
0.000000
0.000000
0.369190
0.004500
0.000000
0.000000
0.005750
0.000000
0.000000
0.000000
0.000000
0.010400
0.000000
0.000000
0.000000
0.000000
0.000000
0.000000
0.000000
0.000480
0.000000
0.000000
0.000000
0.001100
0.000340
0.000000
0.000000
0.000000
0.000000
0.003420
0.000000
0.000000
0.000000
0.000000
0.000000
0.000000
0.000410
0.000060
0.000000
0.000000
0.000530
0.000260
0.000000
0.000000
0.000000
0.005620
0.000000
0.000000
0.000000
0.000000
0.000000
0.001980
0.000000
0.000000
0.000000
0.000000
0.000000
0.000000
0.001940
0.000000
0.000000
0.000000
0.000010
0.000000
0.000000
0.000000
0.000000
0.000010
0.000000
0.000000
0.000020
0.000000
0.000000
0.000000
0.000000
0.000000
0.000000
0.000000
0.000000
0.000000
0.000000
0.000000
0.000000
0.000000
0.000000
0.000000
0.000000
0.000000
0.000000
0.000000
0.000000
0.000000
0.000000
0.000000
0.000000
0.000000
0.000000
0.000000
0.000000
0.000000
0.000000
0.000000
0.000000
0.000000
0.000000
0.000000
0.000000
0.000000
0.000000
0.000000
0.000000
0.000000
0.000000
0.000000
0.000000
0.000000
0.000000
0.000000
0.000000
0.000000
0.000000
0.000000
0.000000
0.000000
0.000000
0.000000
0.000000
0.000000
0.000000
0.000000
0.000000
0.000000
0.000000
0.000000
0.000730
0.000000
0.001260
0.000000
0.000000
0.000000
0.000020
0.000000
0.000130
0.000000
0.000000
0.000830
0.000000
0.373640
0.000000
0.000000
0.000000
0.005920
0.000000
0.000000
0.000000
0.000000
0.010250
0.000000
0.000000
0.000000
0.000000
0.000000
0.000000
0.000000
0.000000
0.000000
0.000000
0.000000
0.000690
0.000000
0.000000
0.000000
0.000000
0.000000
0.003450
0.000000
0.000000
0.000000
0.000020
0.000000
0.000000
0.000000
0.000000
0.000000
0.000000
0.000280
0.000000
0.000000
0.000000
0.000000
0.005040
0.000000
0.000070
0.000000
0.000000
0.000000
0.000000
0.000000
0.000000
0.000010
0.000000
0.000000
0.000000
0.002070
0.000000
0.000000
0.000000
0.000000
0.000000
0.000000
0.000000
0.000000
0.000000
0.000000
0.000000
0.000000
0.000000
0.000000
0.000000
0.000000
0.000000
0.000000
0.000000
0.000000
0.000000
0.000000
0.000000
0.000000
0.000000
0.000000
0.000000
0.000000
0.000000
0.000000
0.000000
0.000000
0.000000
0.000000
0.000000
0.000000
0.000000
0.000000
0.000000
0.000000
0.000000
0.000000
0.000000
0.000000
0.000000
0.000000
0.000000
0.000000
0.000000
0.000000
0.000000
0.000000
0.000000
0.000000
0.000000
0.000000
0.000000
0.000000
0.000000
0.000000
0.000000
0.000000
0.000000
0.000120
0.000640
0.000370
0.000210
0.000130
0.000360
0.000060
0.000000
0.000000
0.000000
0.000180
0.000710
0.000000
0.001620
0.000000
0.000460
0.000000
0.000000
0.000000
0.000000
0.000000
0.000230
0.000940
0.000000
0.361140
0.000000
0.003980
0.000280
0.005320
0.000000
0.000110
0.000000
0.000160
0.009900
0.000000
0.000060
0.000000
0.000000
0.000000
0.000080
0.000160
0.000000
0.000070
0.000030
0.000050
0.000000
0.000000
0.001310
0.000030
0.000080
0.000120
0.002710
0.000000
0.000050
0.000020
0.000000
0.000000
0.000000
0.000010
0.000000
0.000010
0.000000
0.000000
0.000000
0.001090
0.000010
0.000000
0.004560
0.000000
0.000090
0.000000
0.000000
0.000000
0.000120
0.000240
0.000000
0.000000
0.000000
0.000000
0.000050
0.001730
0.000000
0.000010
0.000000
0.000000
0.000000
0.000000
0.000000
0.000000
0.000000
0.000000
0.000000
0.000000
0.000000
0.000000
0.000000
0.000000
0.000000
0.000000
0.000000
0.000000
0.000000
0.000000
0.000000
0.000000
0.000000
0.000000
0.000000
0.000000
0.000000
0.000000
0.000000
0.000000
0.000000
0.000000
0.000000
0.000000
0.000000
0.000000
0.000000
0.000000
0.000000
0.000000
0.000000
0.000000
0.000000
0.000000
0.000000
0.000000
0.000000
0.000000
0.000000
0.000000
0.000000
0.000000
0.000000
0.000000
0.000000
0.000000
0.000000
0.000000
0.000000
0.000000
0.000000
0.000000
0.000000
0.000000
0.000000
0.000000
0.000000
0.000000
0.000000
0.000000
0.000000
0.000000
0.000000
0.001500
0.000000
0.000460
0.000000
0.000000
0.000630
0.000000
0.000000
0.000470
0.000000
0.000000
0.341570
0.000000
0.006210
0.000000
0.000000
0.000000
0.000140
0.000000
0.000000
0.000000
0.000000
0.000080
0.000000
0.000000
0.000000
0.000000
0.000000
0.000000
0.000000
0.000000
0.000000
0.000000
0.000000
0.002510
0.000000
0.000000
0.000000
0.000000
0.000000
0.000150
0.000000
0.000000
0.000000
0.000120
0.000000
0.000000
0.000000
0.000000
0.000000
0.000000
0.001920
0.000000
0.000000
0.000000
0.000000
0.000070
0.000000
0.000040
0.003160
0.000000
0.000000
0.000000
0.000000
0.000000
0.003950
0.000000
0.000000
0.000000
0.000020
0.000000
0.000000
0.000000
0.000070
0.000000
0.000000
0.000000
0.000000
0.000000
0.000000
0.000000
0.000000
0.000000
0.000000
0.000000
0.000000
0.000000
0.000000
0.000000
0.000000
0.000000
0.000000
0.000000
0.000000
0.000000
0.000000
0.000000
0.000000
0.000000
0.000000
0.000000
0.000000
0.000000
0.000000
0.000000
0.000000
0.000000
0.000000
0.000000
0.000000
0.000000
0.000000
0.000000
0.000000
0.000000
0.000000
0.000000
0.000000
0.000000
0.000000
0.000000
0.000000
0.000000
0.000000
0.000000
0.000000
0.000000
0.000000
0.000000
0.000000
0.000000
0.000000
0.000000
0.000000
0.000000
0.000000
0.000000
0.000000
0.014270
0.000330
0.000430
0.000000
0.000000
0.000030
0.000000
0.000010
0.000000
0.000820
0.000000
0.000020
0.000590
0.000050
0.000000
0.000000
0.001600
0.000000
0.000970
0.000000
0.000000
0.000000
0.000030
0.000000
0.013030
0.000000
0.000000
0.000010
0.000000
0.009530
0.000080
0.000230
0.000000
0.000000
0.000490
0.000000
0.000000
0.000000
0.002990
0.000090
0.000000
0.000000
0.000000
0.000000
0.000000
0.000080
0.000000
0.000000
0.000130
0.000000
0.000020
0.000000
0.000030
0.000000
0.000000
0.002250
0.000000
0.000000
0.000000
0.004960
0.000000
0.000010
0.000000
0.004820
0.000040
0.000200
0.000000
0.000000
0.000000
0.005640
0.000000
0.000040
0.000000
0.000000
0.000000
0.000000
0.000000
0.000100
0.000000
0.000000
0.000000
0.000000
0.000000
0.000000
0.000000
0.000000
0.000000
0.000000
0.000180
0.000000
0.000000
0.000000
0.000000
0.000000
0.000000
0.000000
0.000000
0.000000
0.000000
0.000000
0.000000
0.000000
0.000000
0.000000
0.000000
0.000000
0.000000
0.000000
0.000000
0.000000
0.000000
0.000000
0.000000
0.000000
0.000000
0.000000
0.000000
0.000000
0.000000
0.000000
0.000000
0.000000
0.000000
0.000000
0.000000
0.000000
0.000000
0.000000
0.000000
0.000000
0.000000
0.000000
0.000000
0.000000
0.000000
0.000000
0.000000
0.000000
0.000160
0.000000
0.000000
0.014340
0.000000
0.000000
0.000000
0.000000
0.000000
0.000000
0.000000
0.000000
0.000000
0.000000
0.000000
0.000000
0.000000
0.000000
0.129870
0.000000
0.000000
0.000000
0.000000
0.005670
0.000560
0.000000
0.000000
0.013030
0.000000
0.000000
0.000000
0.000000
0.009760
0.000000
0.000000
0.000000
0.000000
0.000000
0.000000
0.000000
0.002080
0.000000
0.000000
0.000000
0.000770
0.000700
0.000000
0.000000
0.000000
0.000000
0.000370
0.000000
0.000000
0.000000
0.000000
0.000000
0.000000
0.000040
0.002190
0.000000
0.000000
0.000030
0.004950
0.000000
0.000000
0.000000
0.005250
0.000000
0.000000
0.000000
0.000000
0.000000
0.005650
0.000000
0.000000
0.000000
0.000000
0.000000
0.000000
0.000090
0.000000
0.000000
0.000000
0.000020
0.000000
0.000010
0.000000
0.000000
0.000000
0.000000
0.000000
0.000180
0.000000
0.000000
0.000000
0.000000
0.000000
0.000000
0.000000
0.000000
0.000000
0.000000
0.000000
0.000000
0.000000
0.000000
0.000000
0.000000
0.000000
0.000000
0.000000
0.000000
0.000000
0.000000
0.000000
0.000000
0.000000
0.000000
0.000000
0.000000
0.000000
0.000000
0.000000
0.000000
0.000000
0.000000
0.000000
0.000000
0.000000
0.000000
0.000000
0.000000
0.000000
0.000000
0.000000
0.000000
0.000000
0.000000
0.000000
0.000000
0.000000
0.000000
0.000000
0.000000
0.000000
0.000000
0.000000
0.000000
0.000000
0.000000
0.000120
0.000000
0.000230
0.000000
0.000000
0.000040
0.000200
0.000000
0.058690
0.000000
0.000000
0.001250
0.000000
0.004670
0.000000
0.000000
0.000000
0.009060
0.000000
0.000000
0.000000
0.000000
0.006460
0.000000
0.000000
0.000000
0.000000
0.000000
0.000000
0.000000
0.000000
0.000000
0.000000
0.000000
0.000530
0.000000
0.000000
0.000000
0.000000
0.000000
0.000230
0.000000
0.000000
0.000000
0.000000
0.000000
0.000000
0.000000
0.000000
0.000000
0.000000
0.000050
0.000000
0.000000
0.000000
0.000000
0.002860
0.000000
0.000030
0.000080
0.000000
0.000000
0.000000
0.000000
0.000000
0.000000
0.000000
0.000000
0.000000
0.000090
0.000000
0.000000
0.000000
0.000010
0.000000
0.000000
0.000000
0.000000
0.000000
0.000000
0.000000
0.000000
0.000000
0.000000
0.000000
0.000000
0.000000
0.000000
0.000000
0.000000
0.000000
0.000000
0.000000
0.000000
0.000000
0.000000
0.000000
0.000000
0.000000
0.000000
0.000000
0.000000
0.000000
0.000000
0.000000
0.000000
0.000000
0.000000
0.000000
0.000000
0.000000
0.000000
0.000000
0.000000
0.000000
0.000000
0.000000
0.000000
0.000000
0.000000
0.000000
0.000000
0.000000
0.000000
0.000000
0.000000
0.000000
0.000000
0.000000
0.000000
0.000000
0.000000
0.000000
0.000000
0.000000
0.000000
0.000000
0.000000
0.000000
0.000000
0.000130
0.000000
0.000190
0.000000
0.000000
0.000200
0.007520
0.000000
0.008140
0.000000
0.000000
0.002920
0.000000
0.000370
0.000000
0.000000
0.000000
0.000310
0.000000
0.000000
0.000000
0.000000
0.000150
0.000000
0.000000
0.000000
0.000000
0.000000
0.000000
0.000000
0.000000
0.000000
0.000000
0.000000
0.000070
0.000000
0.000000
0.000000
0.000000
0.000000
0.000040
0.000000
0.000000
0.000000
0.000000
0.000000
0.000000
0.000000
0.000000
0.000000
0.000000
0.000010
0.000000
0.000000
0.000000
0.000000
0.000060
0.000000
0.000070
0.000150
0.000000
0.000000
0.000000
0.000000
0.000000
0.000020
0.000000
0.000000
0.000000
0.000020
0.000000
0.000000
0.000000
0.000010
0.000000
0.000000
0.000000
0.000000
0.000000
0.000000
0.000000
0.000000
0.000000
0.000000
0.000000
0.000000
0.000000
0.000000
0.000000
0.000000
0.000000
0.000000
0.000000
0.000000
0.000000
0.000000
0.000000
0.000000
0.000000
0.000000
0.000000
0.000000
0.000000
0.000000
0.000000
0.000000
0.000000
0.000000
0.000000
0.000000
0.000000
0.000000
0.000000
0.000000
0.000000
0.000000
0.000000
0.000000
0.000000
0.000000
0.000000
0.000000
0.000000
0.000000
0.000000
0.000000
0.000000
0.000000
0.000000
0.000000
0.000000
0.000000
0.000000
0.000000
0.000000
0.000000
0.000000
0.000000
0.000000
0.000510
0.000000
0.000260
0.000000
0.000000
0.010250
0.000270
0.000000
0.520250
0.000000
0.000000
0.000320
0.000000
0.000250
0.000000
0.000000
0.000000
0.000150
0.000000
0.000000
0.000000
0.000000
0.000270
0.000000
0.000000
0.000000
0.000000
0.000000
0.000000
0.000000
0.000000
0.000000
0.000000
0.000000
0.000410
0.000000
0.000000
0.000000
0.000000
0.000000
0.000030
0.000000
0.000000
0.000000
0.000060
0.000000
0.000000
0.000000
0.000000
0.000000
0.000000
0.000040
0.000000
0.000000
0.000000
0.000000
0.000160
0.000000
0.000180
0.000080
0.000000
0.000000
0.000000
0.000000
0.000000
0.000020
0.000000
0.000000
0.000000
0.000020
0.000000
0.000000
0.000000
0.000010
0.000000
0.000000
0.000000
0.000000
0.000000
0.000000
0.000000
0.000000
0.000000
0.000000
0.000000
0.000000
0.000000
0.000000
0.000000
0.000000
0.000000
0.000000
0.000000
0.000000
0.000000
0.000000
0.000000
0.000000
0.000000
0.000000
0.000000
0.000000
0.000000
0.000000
0.000000
0.000000
0.000000
0.000000
0.000000
0.000000
0.000000
0.000000
0.000000
0.000000
0.000000
0.000000
0.000000
0.000000
0.000000
0.000000
0.000000
0.000000
0.000000
0.000000
0.000000
0.000000
0.000000
0.000000
0.000000
0.000000
0.000000
0.000000
0.000000
0.000310
0.001040
0.001120
0.000000
0.000000
0.000080
0.000000
0.000070
0.000000
0.011180
0.000130
0.000350
0.672100
0.000120
0.000000
0.000000
0.000010
0.000000
0.000010
0.000000
0.000000
0.000000
0.000110
0.000000
0.005090
0.000000
0.000000
0.000090
0.000000
0.000170
0.000040
0.000090
0.000000
0.000000
0.000050
0.000000
0.000000
0.000000
0.000510
0.000010
0.000000
0.000000
0.000000
0.000000
0.000000
0.000010
0.000000
0.000000
0.000080
0.000000
0.000610
0.000000
0.000150
0.000000
0.000000
0.000030
0.000070
0.000000
0.000000
0.000520
0.000000
0.000000
0.000000
0.000040
0.000030
0.002050
0.000000
0.000000
0.000000
0.000030
0.000000
0.000270
0.000000
0.000000
0.000000
0.000000
0.000000
0.000030
0.000000
0.000000
0.000000
0.000000
0.000000
0.000000
0.000000
0.000000
0.000000
0.000000
0.000420
0.000000
0.000000
0.000000
0.000000
0.000000
0.000000
0.000000
0.000000
0.000000
0.000000
0.000000
0.000000
0.000000
0.000000
0.000000
0.000000
0.000000
0.000000
0.000000
0.000000
0.000000
0.000000
0.000000
0.000000
0.000000
0.000000
0.000000
0.000000
0.000000
0.000000
0.000000
0.000000
0.000000
0.000000
0.000000
0.000000
0.000000
0.000000
0.000000
0.000000
0.000000
0.000000
0.000000
0.000000
0.000000
0.000000
0.000000
0.000000
0.000000
0.000000
0.000000
0.000000
0.000000
0.000320
0.000000
0.000730
0.000000
0.000000
0.000360
0.670110
0.000000
0.000000
0.000000
0.000000
0.000000
0.000000
0.000080
0.000000
0.000000
0.000000
0.000040
0.000000
0.000000
0.000000
0.000000
0.000020
0.000000
0.000000
0.000000
0.000000
0.000000
0.000000
0.000000
0.000000
0.000000
0.000000
0.000000
0.000020
0.000000
0.000000
0.000000
0.000000
0.000000
0.000030
0.000000
0.000000
0.000000
0.000330
0.000000
0.000000
0.000000
0.000000
0.000000
0.000000
0.000040
0.000000
0.000000
0.000000
0.000000
0.000040
0.000000
0.000020
0.001900
0.000000
0.000000
0.000000
0.000000
0.000000
0.000150
0.000000
0.000000
0.000000
0.000000
0.000000
0.000000
0.000000
0.000000
0.000000
0.000000
0.000000
0.000000
0.000000
0.000000
0.000000
0.000000
0.000000
0.000000
0.000000
0.000000
0.000000
0.000000
0.000000
0.000000
0.000000
0.000000
0.000000
0.000000
0.000000
0.000000
0.000000
0.000000
0.000000
0.000000
0.000000
0.000000
0.000000
0.000000
0.000000
0.000000
0.000000
0.000000
0.000000
0.000000
0.000000
0.000000
0.000000
0.000000
0.000000
0.000000
0.000000
0.000000
0.000000
0.000000
0.000000
0.000000
0.000000
0.000000
0.000000
0.000000
0.000000
0.000000
0.000000
0.000000
0.000000
0.000000
0.000000
0.000000
0.000000
0.000000
0.000840
0.000000
0.005470
0.000000
0.000000
0.674690
0.000140
0.000000
0.000230
0.000000
0.000000
0.000030
0.000000
0.000180
0.000000
0.000000
0.000000
0.000680
0.000000
0.000000
0.000000
0.000000
0.000050
0.000000
0.000000
0.000000
0.000000
0.000000
0.000000
0.000000
0.000000
0.000000
0.000000
0.000000
0.000060
0.000000
0.000000
0.000000
0.000000
0.000000
0.000010
0.000000
0.000000
0.000000
0.000400
0.000000
0.000000
0.000000
0.000000
0.000000
0.000000
0.005170
0.000000
0.000000
0.000000
0.000000
0.000000
0.000000
0.001730
0.000120
0.000000
0.000000
0.000000
0.000000
0.000000
0.000330
0.000000
0.000000
0.000000
0.000010
0.000000
0.000000
0.000000
0.000010
0.000000
0.000000
0.000000
0.000000
0.000000
0.000000
0.000000
0.000000
0.000000
0.000000
0.000000
0.000000
0.000000
0.000000
0.000000
0.000000
0.000000
0.000000
0.000000
0.000000
0.000000
0.000000
0.000000
0.000000
0.000000
0.000000
0.000000
0.000000
0.000000
0.000000
0.000000
0.000000
0.000000
0.000000
0.000000
0.000000
0.000000
0.000000
0.000000
0.000000
0.000000
0.000000
0.000000
0.000000
0.000000
0.000000
0.000000
0.000000
0.000000
0.000000
0.000000
0.000000
0.000000
0.000000
0.000000
0.000000
0.000000
0.000000
0.000000
0.000000
0.000000
0.000200
0.000000
0.000970
0.000000
0.665810
0.000160
0.000080
0.000250
0.000030
0.000000
0.000000
0.000090
0.000000
0.000010
0.000000
0.000000
0.000000
0.001220
0.000000
0.008490
0.000000
0.000000
0.000000
0.000000
0.000230
0.000030
0.000010
0.000000
0.000000
0.000030
0.000000
0.000000
0.000000
0.000090
0.000000
0.000000
0.000000
0.000000
0.000000
0.000000
0.000000
0.000000
0.000000
0.000620
0.000000
0.000030
0.000000
0.000000
0.000000
0.000000
0.006060
0.000000
0.000000
0.000000
0.000750
0.000000
0.000010
0.000000
0.000130
0.000000
0.000000
0.000000
0.000000
0.000000
0.000520
0.000000
0.000010
0.000000
0.000000
0.000000
0.000000
0.000000
0.000010
0.000000
0.000000
0.000000
0.000000
0.000000
0.000000
0.000000
0.000000
0.000000
0.000000
0.000030
0.000000
0.000000
0.000000
0.000000
0.000000
0.000000
0.000000
0.000000
0.000000
0.000000
0.000000
0.000000
0.000000
0.000000
0.000000
0.000000
0.000000
0.000000
0.000000
0.000000
0.000000
0.000000
0.000000
0.000000
0.000000
0.000000
0.000000
0.000000
0.000000
0.000000
0.000000
0.000000
0.000000
0.000000
0.000000
0.000000
0.000000
0.000000
0.000000
0.000000
0.000000
0.000000
0.000000
0.000000
0.000000
0.000000
0.000000
0.000000
0.000000
0.000000
0.000000
0.000000
0.000000
0.000000
0.000000
0.000000
0.000000
0.000000
0.000000
0.000120
0.000000
0.000000
0.000000
0.000000
0.000140
0.005920
0.000000
0.000000
0.008210
0.000000
0.000000
0.000000
0.000000
0.000240
0.000000
0.000000
0.000000
0.000000
0.000000
0.000000
0.000000
0.000000
0.000000
0.000000
0.000000
0.000010
0.000080
0.000000
0.000000
0.000000
0.000000
0.000090
0.000000
0.000000
0.000000
0.000000
0.000000
0.000000
0.000000
0.005990
0.000000
0.000000
0.000020
0.000710
0.000000
0.000000
0.000000
0.000210
0.000000
0.000000
0.000000
0.000000
0.000000
0.000520
0.000000
0.000000
0.000000
0.000000
0.000000
0.000000
0.000000
0.000000
0.000000
0.000000
0.000000
0.000000
0.000000
0.000020
0.000180
0.000650
0.000000
0.000000
0.000030
0.000000
0.000000
0.000000
0.000000
0.000000
0.000000
0.000000
0.000000
0.000000
0.000000
0.000000
0.000000
0.000000
0.000000
0.000000
0.000000
0.000000
0.000000
0.000000
0.000000
0.000000
0.000000
0.000000
0.000000
0.000000
0.000000
0.000000
0.000000
0.000000
0.000000
0.000000
0.000000
0.000000
0.000000
0.000000
0.000000
0.000000
0.000000
0.000000
0.000000
0.000000
0.000000
0.000000
0.000000
0.000000
0.000000
0.000000
0.000000
0.000000
0.000000
0.000000
0.000000
0.000000
0.000000
0.000000
0.000000
0.000000
0.000000
0.000000
0.000420
0.000000
0.000000
0.000000
0.000000
0.006150
0.074350
0.000000
0.000000
0.000140
0.000000
0.000000
0.000000
0.000000
0.000020
0.000000
0.000000
0.000000
0.000000
0.000000
0.000000
0.000000
0.000040
0.000000
0.000000
0.000000
0.000090
0.000870
0.000000
0.000000
0.000000
0.000000
0.000310
0.000000
0.000000
0.000000
0.000000
0.000000
0.000000
0.005820
0.000240
0.000000
0.000000
0.000610
0.000220
0.000000
0.000000
0.000000
0.000010
0.000000
0.000000
0.000000
0.000000
0.000000
0.000000
0.000000
0.000000
0.000000
0.000000
0.000000
0.000000
0.000000
0.000000
0.000000
0.000000
0.000000
0.000000
0.000020
0.000210
0.000720
0.000060
0.000000
0.000000
0.000000
0.000000
0.000000
0.000000
0.000000
0.000000
0.000000
0.000000
0.000000
0.000000
0.000000
0.000000
0.000000
0.000000
0.000000
0.000000
0.000000
0.000000
0.000000
0.000000
0.000000
0.000000
0.000000
0.000000
0.000000
0.000000
0.000000
0.000000
0.000000
0.000000
0.000000
0.000000
0.000000
0.000000
0.000000
0.000000
0.000000
0.000000
0.000000
0.000000
0.000000
0.000000
0.000000
0.000000
0.000000
0.000000
0.000000
0.000000
0.000000
0.000000
0.000000
0.000000
0.000000
0.000000
0.000000
0.000000
0.000000
0.000000
0.000000
0.001850
0.000000
0.000000
0.000000
0.000000
0.079900
0.002310
0.000000
0.000000
0.000300
0.000000
0.000000
0.000000
0.000000
0.000190
0.000000
0.000000
0.000000
0.000000
0.000000
0.000000
0.000000
0.000060
0.000000
0.000000
0.000000
0.001060
0.000040
0.000000
0.000000
0.000000
0.000000
0.002300
0.000000
0.000000
0.000000
0.000000
0.000000
0.000000
0.000330
0.000020
0.000000
0.000000
0.000270
0.000010
0.000000
0.000000
0.000000
0.000100
0.000000
0.000000
0.000000
0.000000
0.000000
0.000030
0.000000
0.000000
0.000000
0.000000
0.000000
0.000000
0.000070
0.000000
0.000000
0.000000
0.000040
0.000000
0.000220
0.000750
0.000140
0.000030
0.000000
0.000000
0.000020
0.000000
0.000000
0.000000
0.000010
0.000000
0.000010
0.000000
0.000000
0.000000
0.000000
0.000000
0.000000
0.000000
0.000000
0.000000
0.000000
0.000000
0.000000
0.000000
0.000000
0.000000
0.000000
0.000000
0.000000
0.000000
0.000000
0.000000
0.000000
0.000000
0.000000
0.000000
0.000000
0.000000
0.000000
0.000000
0.000000
0.000000
0.000000
0.000000
0.000000
0.000000
0.000000
0.000000
0.000000
0.000000
0.000000
0.000000
0.000000
0.000000
0.000000
0.001070
0.000000
0.000000
0.000160
0.000720
0.000000
0.001430
0.000000
0.000000
0.000270
0.000000
0.052940
0.000000
0.000000
0.000000
0.000360
0.000000
0.000000
0.000000
0.000000
0.000190
0.000000
0.000000
0.000000
0.000000
0.000000
0.000000
0.000000
0.000000
0.000000
0.000000
0.000000
0.000870
0.000000
0.000000
0.000000
0.000000
0.000000
0.001880
0.000000
0.000000
0.000000
0.000060
0.000000
0.000000
0.000000
0.000000
0.000000
0.000000
0.000110
0.000000
0.000000
0.000000
0.000000
0.000040
0.000000
0.000000
0.000240
0.000000
0.000000
0.000000
0.000000
0.000000
0.000000
0.000000
0.000000
0.000000
0.000050
0.000000
0.000000
0.000000
0.000010
0.000000
0.000000
0.000000
0.000000
0.000000
0.000000
0.000000
0.000000
0.000000
0.000000
0.000000
0.000000
0.000000
0.000000
0.000000
0.000000
0.000000
0.000000
0.000000
0.000000
0.000000
0.000000
0.000000
0.000000
0.000000
0.000000
0.000000
0.000000
0.000000
0.000000
0.000000
0.000000
0.000000
0.000000
0.000000
0.000000
0.000000
0.000000
0.000000
0.000000
0.000000
0.000000
0.000000
0.000000
0.000000
0.000000
0.000000
0.000000
0.000000
0.000000
0.000000
0.000000
0.000000
0.000000
0.000000
0.000000
0.000000
0.000000
0.000000
0.000000
0.000000
0.001570
0.000680
0.000000
0.000910
0.000000
0.000000
0.004260
0.000000
0.032280
0.000000
0.000000
0.000000
0.001010
0.000000
0.000000
0.000000
0.000000
0.000220
0.000000
0.000000
0.000000
0.000000
0.000000
0.000000
0.000000
0.000000
0.000000
0.000000
0.000000
0.000030
0.000000
0.000000
0.000000
0.000000
0.000000
0.001590
0.000000
0.000000
0.000000
0.000060
0.000000
0.000000
0.000000
0.000000
0.000000
0.000000
0.000040
0.000000
0.000000
0.000000
0.000000
0.000020
0.000000
0.000330
0.000000
0.000000
0.000000
0.000000
0.000000
0.000000
0.000000
0.000000
0.000000
0.000000
0.000030
0.000000
0.000000
0.000000
0.000010
0.000000
0.000000
0.000000
0.000000
0.000000
0.000000
0.000000
0.000000
0.000000
0.000000
0.000000
0.000000
0.000000
0.000030
0.000000
0.000000
0.000010
0.000000
0.000000
0.000000
0.000000
0.000000
0.000000
0.000000
0.000000
0.000000
0.000000
0.000000
0.000000
0.000000
0.000000
0.000000
0.000000
0.000000
0.000000
0.000000
0.000000
0.000000
0.000000
0.000000
0.000000
0.000000
0.000000
0.000000
0.000010
0.000000
0.000000
0.000000
0.000000
0.000000
0.000000
0.000000
0.000000
0.000000
0.000000
0.000000
0.000000
0.000000
0.000000
0.000000
0.000000
0.000000
0.000000
0.000000
0.001480
0.003150
0.000000
0.053110
0.000000
0.011490
0.000110
0.001200
0.000000
0.000350
0.000000
0.000070
0.000160
0.000000
0.000240
0.000000
0.000000
0.000000
0.000010
0.000000
0.000000
0.000010
0.000010
0.000100
0.000000
0.000000
0.000110
0.000070
0.000160
0.000360
0.001620
0.000000
0.000300
0.000160
0.000000
0.000000
0.000000
0.000040
0.000000
0.000020
0.000010
0.000000
0.000000
0.000000
0.000010
0.000000
0.000040
0.000000
0.000320
0.000000
0.000000
0.000000
0.000000
0.000000
0.000010
0.000000
0.000000
0.000000
0.000000
0.000050
0.000000
0.000000
0.000030
0.000000
0.000000
0.000030
0.000020
0.000010
0.000000
0.000030
0.000080
0.000100
0.000310
0.000030
0.000000
0.000060
0.000040
0.000030
0.000000
0.000000
0.000000
0.000000
0.000000
0.000000
0.000000
0.000000
0.000000
0.000000
0.000000
0.000000
0.000000
0.000000
0.000000
0.000000
0.000000
0.000000
0.000000
0.000000
0.000000
0.000000
0.000000
0.000000
0.000000
0.000000
0.000000
0.000000
0.000000
0.000000
0.000000
0.000000
0.000000
0.000000
0.000000
0.000000
0.000000
0.000000
0.000000
0.000000
0.000000
0.000000
0.000000
0.000000
0.000000
0.000000
0.000290
0.000810
0.000000
0.002580
0.000000
0.000000
0.053270
0.000000
0.019410
0.000000
0.000000
0.000000
0.003170
0.000000
0.000000
0.000000
0.000000
0.000320
0.000000
0.000000
0.000000
0.000000
0.000000
0.000000
0.000000
0.000000
0.000000
0.000000
0.000000
0.000120
0.000000
0.000000
0.000000
0.000000
0.000000
0.001020
0.000000
0.000000
0.000000
0.000030
0.000000
0.000000
0.000000
0.000000
0.000000
0.000000
0.000000
0.000000
0.000000
0.000000
0.000000
0.000270
0.000000
0.000050
0.000000
0.000000
0.000000
0.000000
0.000000
0.000000
0.000000
0.000000
0.000000
0.000000
0.000010
0.000000
0.000000
0.000000
0.000010
0.000000
0.000000
0.000000
0.000000
0.000000
0.000000
0.000000
0.000000
0.000000
0.000000
0.000000
0.000000
0.000000
0.000020
0.000000
0.000000
0.000000
0.000000
0.000000
0.000000
0.000000
0.000000
0.000000
0.000000
0.000000
0.000000
0.000000
0.000000
0.000000
0.000000
0.000000
0.000000
0.000000
0.000000
0.000000
0.000000
0.000000
0.000000
0.000000
0.000000
0.000000
0.000000
0.000010
0.000000
0.000000
0.000000
0.000000
0.000000
0.000000
0.000000
0.000000
0.000000
0.000000
0.000000
0.000000
0.000000
0.000000
0.000000
0.000000
0.000000
0.000000
0.000000
0.004080
0.037330
0.000000
0.024300
0.000000
0.000770
0.000040
0.003590
0.000000
0.000360
0.000000
0.000160
0.000270
0.000000
0.000040
0.000000
0.000000
0.000000
0.000000
0.000010
0.000000
0.000020
0.000000
0.000010
0.000000
0.000000
0.000790
0.000760
0.000630
0.000790
0.000890
0.000000
0.000230
0.000210
0.000000
0.000000
0.000000
0.000010
0.000000
0.000000
0.000000
0.000000
0.000000
0.000000
0.000000
0.000000
0.000210
0.000000
0.000060
0.000000
0.000000
0.000000
0.000000
0.000010
0.000010
0.000000
0.000000
0.000000
0.000000
0.000000
0.000000
0.000000
0.000020
0.000000
0.000000
0.000010
0.000000
0.000000
0.000020
0.000060
0.000130
0.000180
0.000320
0.000040
0.000000
0.000670
0.000050
0.000010
0.000000
0.000040
0.000000
0.000000
0.000000
0.000000
0.000000
0.000000
0.000000
0.000000
0.000000
0.000000
0.000000
0.000000
0.000000
0.000000
0.000000
0.000000
0.000000
0.000000
0.000000
0.000000
0.000000
0.000000
0.000000
0.000000
0.000000
0.000000
0.000000
0.000000
0.000000
0.000000
0.000000
0.000000
0.000000
0.000000
0.000000
0.000000
0.000000
0.000000
0.000000
0.000000
0.000000
0.000000
0.000000
0.000000
0.000000
0.006390
0.000000
0.000000
0.023980
0.000000
0.001130
0.000000
0.000000
0.000000
0.001690
0.000000
0.000000
0.000000
0.000000
0.000050
0.000000
0.000000
0.000000
0.000000
0.000000
0.000000
0.000000
0.000000
0.000000
0.000000
0.000000
0.000810
0.000000
0.000000
0.000000
0.000000
0.000000
0.000350
0.000000
0.000000
0.000000
0.000020
0.000000
0.000000
0.000000
0.000000
0.000000
0.000000
0.000000
0.000000
0.000000
0.000000
0.000000
0.000050
0.000000
0.000130
0.000000
0.000000
0.000000
0.000000
0.000000
0.000000
0.000010
0.000000
0.000000
0.000000
0.000010
0.000000
0.000000
0.000000
0.000010
0.000000
0.000000
0.000000
0.000000
0.000000
0.000000
0.000000
0.000000
0.000000
0.000000
0.000000
0.000000
0.000000
0.000120
0.000000
0.000000
0.000000
0.000000
0.000000
0.000000
0.000000
0.000000
0.000000
0.000000
0.000000
0.000000
0.000000
0.000000
0.000000
0.000000
0.000000
0.000000
0.000000
0.000000
0.000000
0.000000
0.000000
0.000000
0.000000
0.000000
0.000000
0.000000
0.000000
0.000000
0.000000
0.000000
0.000000
0.000000
0.000000
0.000000
0.000000
0.000000
0.000000
0.000000
0.000000
0.000000
0.000000
0.000000
0.000000
0.000000
0.017390
0.000000
0.000000
0.000000
0.000000
0.002120
0.017570
0.000000
0.000000
0.001610
0.000000
0.000000
0.000000
0.000000
0.000080
0.000000
0.000000
0.000000
0.000000
0.000000
0.000000
0.000000
0.000180
0.000000
0.000000
0.000000
0.002560
0.007150
0.000000
0.000000
0.000000
0.000000
0.000250
0.000000
0.000000
0.000000
0.000000
0.000000
0.000000
0.000070
0.000010
0.000000
0.000000
0.000010
0.000120
0.000000
0.000000
0.000000
0.000190
0.000000
0.000000
0.000000
0.000000
0.000000
0.000180
0.000000
0.000000
0.000000
0.000000
0.000000
0.000000
0.000120
0.000000
0.000000
0.000000
0.000020
0.000000
0.000160
0.002070
0.000340
0.002460
0.000000
0.000000
0.007850
0.000000
0.000000
0.000000
0.000170
0.000000
0.000010
0.000000
0.000000
0.000000
0.000000
0.000000
0.000000
0.000000
0.000000
0.000000
0.000000
0.000000
0.000000
0.000000
0.000000
0.000000
0.000000
0.000000
0.000000
0.000000
0.000000
0.000000
0.000000
0.000000
0.000000
0.000000
0.000000
0.000000
0.000000
0.000000
0.000000
0.000000
0.000000
0.000000
0.000000
0.000000
0.000000
0.000000
0.000000
0.000000
0.000000
0.000000
0.000000
0.000000
0.000000
0.000430
0.000570
0.000000
0.000310
0.000000
0.016650
0.000450
0.003730
0.000000
0.000080
0.000000
0.000010
0.000040
0.000000
0.000060
0.000000
0.000000
0.000000
0.000000
0.000040
0.000000
0.000160
0.000010
0.000640
0.000000
0.000000
0.007040
0.000090
0.000260
0.001550
0.000110
0.000000
0.000000
0.000010
0.000000
0.000000
0.000000
0.000000
0.000000
0.000010
0.000000
0.000000
0.000000
0.000060
0.000010
0.000000
0.000010
0.000000
0.000000
0.000000
0.000000
0.000000
0.000000
0.000150
0.000010
0.000000
0.000000
0.000000
0.000000
0.000010
0.000000
0.000030
0.000010
0.000000
0.000000
0.000000
0.000120
0.002100
0.000230
0.002440
0.000120
0.000270
0.008970
0.000040
0.000000
0.000010
0.000160
0.000000
0.000000
0.000000
0.000000
0.000000
0.000000
0.000000
0.000000
0.000000
0.000000
0.000000
0.000000
0.000000
0.000000
0.000000
0.000000
0.000000
0.000000
0.000000
0.000000
0.000000
0.000000
0.000000
0.000000
0.000000
0.000000
0.000000
0.000000
0.000000
0.000000
0.000000
0.000000
0.000000
0.000000
0.000000
0.000000
0.000000
0.000000
0.000000
0.000000
0.000000
0.000000
0.000000
0.000000
0.000000
0.000000
0.000000
0.000090
0.000000
0.000160
0.000000
0.000710
0.004990
0.027120
0.000000
0.000020
0.000000
0.000040
0.000010
0.000000
0.000010
0.000000
0.000000
0.000000
0.000010
0.000010
0.000000
0.000030
0.000020
0.060360
0.000000
0.000000
0.000080
0.000290
0.001880
0.000050
0.000000
0.000000
0.000000
0.000050
0.000000
0.000000
0.000000
0.000000
0.000000
0.000000
0.000000
0.000000
0.000000
0.000000
0.000010
0.000000
0.000000
0.000000
0.000000
0.000000
0.000000
0.000000
0.000060
0.000050
0.000000
0.000000
0.000000
0.000000
0.000010
0.000040
0.000000
0.000010
0.000080
0.000000
0.000000
0.000060
0.002180
0.000100
0.002360
0.000260
0.000270
0.009010
0.000070
0.000020
0.000000
0.000070
0.000010
0.000000
0.000000
0.000000
0.000000
0.000000
0.000000
0.000000
0.000000
0.000000
0.000000
0.000000
0.000000
0.000000
0.000000
0.000000
0.000000
0.000000
0.000000
0.000000
0.000000
0.000000
0.000000
0.000000
0.000000
0.000000
0.000110
0.000000
0.000000
0.000000
0.000000
0.000000
0.000000
0.000000
0.000000
0.000000
0.000000
0.000000
0.000000
0.000000
0.000000
0.000000
0.000000
0.000000
0.000000
0.000000
0.000000
0.000000
0.000000
0.000000
0.000000
0.005970
0.034380
0.000000
0.000000
0.000090
0.000000
0.000000
0.000000
0.000000
0.000030
0.000000
0.000000
0.000000
0.000000
0.000000
0.000000
0.000000
0.076460
0.000000
0.000000
0.000000
0.000370
0.002120
0.000000
0.000000
0.000000
0.000000
0.000070
0.000000
0.000000
0.000000
0.000000
0.000000
0.000000
0.000000
0.000010
0.000000
0.000000
0.000030
0.000010
0.000000
0.000000
0.000000
0.000010
0.000000
0.000000
0.000000
0.000000
0.000000
0.000160
0.000000
0.000000
0.000000
0.000000
0.000000
0.000000
0.000120
0.000000
0.000000
0.000000
0.002280
0.000000
0.002400
0.000360
0.000390
0.008920
0.000000
0.000000
0.000110
0.000000
0.000000
0.000000
0.000000
0.000000
0.000000
0.000000
0.000000
0.000000
0.000000
0.000000
0.000000
0.000000
0.000000
0.000000
0.000000
0.000000
0.000000
0.000000
0.000000
0.000000
0.000000
0.000000
0.000000
0.000000
0.000000
0.000000
0.000110
0.000000
0.000000
0.000000
0.000000
0.000000
0.000000
0.000000
0.000000
0.000000
0.000000
0.000000
0.000000
0.000000
0.000000
0.000000
0.000000
0.000000
0.000000
0.000000
0.000000
0.000000
0.000000
0.000190
0.000000
0.019840
0.000680
0.000590
0.000000
0.000200
0.000000
0.002000
0.000100
0.000000
0.000100
0.000000
0.000000
0.000000
0.000370
0.000120
0.000000
0.082410
0.000100
0.000100
0.000000
0.000000
0.002030
0.000010
0.000000
0.000020
0.000000
0.000000
0.000010
0.000000
0.000000
0.000000
0.000000
0.000030
0.000000
0.000020
0.000010
0.000000
0.000000
0.000000
0.000000
0.000000
0.000030
0.000000
0.000030
0.000000
0.000000
0.000000
0.000800
0.000220
0.000010
0.000000
0.000000
0.000000
0.000940
0.000010
0.000000
0.000020
0.000030
0.000000
0.000000
0.000050
0.001650
0.000210
0.000360
0.006220
0.000010
0.000020
0.000080
0.000010
0.000000
0.000020
0.000010
0.000000
0.000000
0.000000
0.000000
0.000000
0.000000
0.000000
0.000000
0.000000
0.000000
0.000000
0.000000
0.000000
0.000000
0.000000
0.000000
0.000000
0.000000
0.000000
0.000000
0.000000
0.000000
0.000000
0.000120
0.000000
0.000000
0.000000
0.000000
0.000000
0.000000
0.000000
0.000000
0.000000
0.000000
0.000000
0.000000
0.000000
0.000000
0.000000
0.000000
0.000000
0.000000
0.000000
0.000000
0.000000
0.000000
0.000000
0.010960
0.000000
0.000000
0.000000
0.001420
0.000000
0.006220
0.000000
0.000000
0.000150
0.000000
0.000800
0.000310
0.000870
0.000000
0.000000
0.087540
0.000000
0.000000
0.000000
0.001020
0.001650
0.000000
0.000000
0.000000
0.000000
0.000000
0.000040
0.000000
0.000000
0.000010
0.000010
0.000100
0.000000
0.000110
0.000000
0.000000
0.000250
0.000010
0.000000
0.000000
0.000090
0.000000
0.000010
0.000000
0.000010
0.000540
0.003250
0.000000
0.000000
0.000000
0.000970
0.000030
0.002260
0.000000
0.000000
0.000040
0.000000
0.000000
0.001620
0.000030
0.000000
0.000000
0.000000
0.000000
0.000000
0.000000
0.000000
0.000000
0.000000
0.000040
0.000000
0.000000
0.000000
0.000010
0.000000
0.000000
0.000000
0.000000
0.000000
0.000000
0.000000
0.000000
0.000000
0.000000
0.000000
0.000000
0.000000
0.000000
0.000000
0.000000
0.000000
0.000000
0.000000
0.000000
0.000120
0.000000
0.000000
0.000000
0.000000
0.000000
0.000000
0.000000
0.000000
0.000000
0.000000
0.000000
0.000000
0.000000
0.000000
0.000000
0.000000
0.000000
0.000000
0.000000
0.000000
0.000000
0.000000
0.000000
0.000000
0.000000
0.000000
0.000000
0.002360
0.000000
0.000000
0.000000
0.000000
0.000800
0.000000
0.000000
0.000000
0.000000
0.000000
0.000000
0.000000
0.000000
0.000000
0.000000
0.000000
0.000010
0.000000
0.000000
0.000000
0.000000
0.000000
0.000020
0.000000
0.000000
0.000000
0.000060
0.000000
0.000000
0.000000
0.000000
0.000000
0.000000
0.000030
0.000000
0.000000
0.000000
0.000000
0.000070
0.000000
0.001060
0.002660
0.000000
0.000000
0.000000
0.000000
0.000000
0.001800
0.000000
0.000000
0.000000
0.000150
0.000000
0.000000
0.000000
0.000100
0.000000
0.000000
0.000000
0.000000
0.000000
0.000000
0.000000
0.000000
0.000000
0.000000
0.000000
0.000000
0.000000
0.000000
0.000000
0.000000
0.000000
0.000000
0.000000
0.000000
0.000000
0.000000
0.000000
0.000000
0.000000
0.000000
0.000000
0.000000
0.000000
0.000000
0.000000
0.000000
0.000000
0.000080
0.000000
0.000000
0.000000
0.000000
0.000000
0.000000
0.000000
0.000000
0.000000
0.000000
0.000000
0.000000
0.000000
0.000000
0.000000
0.000000
0.000000
0.000000
0.000000
0.000000
0.000000
0.000000
0.000000
0.000000
0.000000
0.000140
0.001890
0.000000
0.000500
0.000000
0.000180
0.000900
0.000000
0.001710
0.000000
0.000000
0.000000
0.002810
0.006290
0.000000
0.001360
0.000220
0.000400
0.000000
0.000000
0.000040
0.000010
0.000020
0.000020
0.000020
0.000000
0.000010
0.000020
0.000000
0.000000
0.000000
0.000010
0.000000
0.000060
0.000050
0.000000
0.000000
0.000000
0.000010
0.000000
0.000040
0.000000
0.001310
0.000000
0.000000
0.000000
0.000140
0.001030
0.000730
0.000000
0.000000
0.000000
0.000020
0.000190
0.000000
0.000900
0.000080
0.000000
0.000000
0.000070
0.000110
0.000030
0.000040
0.000010
0.000010
0.000000
0.000000
0.000000
0.000000
0.000000
0.000000
0.000000
0.000000
0.000000
0.000000
0.000000
0.000000
0.000000
0.000000
0.000000
0.000000
0.000000
0.000000
0.000000
0.000000
0.000000
0.000000
0.000000
0.000000
0.000010
0.000000
0.000000
0.000000
0.000000
0.000000
0.000000
0.000000
0.000000
0.000000
0.000000
0.000000
0.000000
0.000000
0.000000
0.000000
0.000000
0.000000
0.000000
0.000000
0.000000
0.000000
0.000000
0.000000
0.000000
0.000000
0.000000
0.000000
0.000000
0.000000
0.001700
0.000000
0.000000
0.000000
0.000000
0.003490
0.000000
0.000000
0.000000
0.000000
0.000000
0.000000
0.000000
0.000000
0.000000
0.000000
0.000000
0.000050
0.000000
0.000000
0.000000
0.000000
0.000000
0.000040
0.000000
0.000000
0.000000
0.000010
0.000000
0.000000
0.000000
0.000000
0.000000
0.000000
0.000000
0.000000
0.000000
0.000000
0.000000
0.001310
0.000000
0.001300
0.000130
0.000000
0.000000
0.000000
0.000000
0.000000
0.000040
0.000000
0.000000
0.000000
0.001010
0.000000
0.000000
0.000000
0.000050
0.000000
0.000000
0.000000
0.000000
0.000000
0.000000
0.000000
0.000000
0.000000
0.000000
0.000000
0.000000
0.000000
0.000000
0.000000
0.000000
0.000000
0.000000
0.000000
0.000000
0.000000
0.000000
0.000000
0.000000
0.000000
0.000000
0.000000
0.000000
0.000000
0.000000
0.000000
0.000000
0.000000
0.000000
0.000000
0.000000
0.000000
0.000000
0.000000
0.000000
0.000000
0.000000
0.000000
0.000000
0.000000
0.000000
0.000000
0.000000
0.000000
0.000000
0.000000
0.000000
0.000000
0.000000
0.000000
0.000000
0.000000
0.000000
0.000000
0.000000
0.000220
0.000000
0.004170
0.003680
0.000000
0.002670
0.000000
0.000000
0.000000
0.064370
0.001320
0.000000
0.004700
0.000040
0.000050
0.000000
0.000000
0.000500
0.000000
0.000030
0.000010
0.000040
0.000000
0.000060
0.000000
0.000000
0.000000
0.000000
0.000930
0.000000
0.000400
0.000010
0.000000
0.000000
0.000080
0.000020
0.000000
0.001310
0.000000
0.001340
0.000000
0.000000
0.000000
0.012580
0.000700
0.000230
0.000000
0.000000
0.000000
0.000650
0.000990
0.000000
0.000060
0.000000
0.000000
0.000000
0.000260
0.000020
0.000000
0.000030
0.000000
0.000000
0.000000
0.000010
0.000000
0.000000
0.000020
0.000020
0.000000
0.000000
0.000010
0.000000
0.000000
0.000000
0.000000
0.000000
0.000000
0.000000
0.000000
0.000000
0.000000
0.000000
0.000000
0.000000
0.000000
0.000000
0.000080
0.000000
0.000000
0.000000
0.000000
0.000000
0.000000
0.000000
0.000000
0.000000
0.000000
0.000000
0.000000
0.000000
0.000000
0.000000
0.000000
0.000000
0.000000
0.000000
0.000000
0.000000
0.000000
0.000000
0.000000
0.000010
0.000000
0.000000
0.000000
0.000000
0.005780
0.000000
0.000000
0.004650
0.000000
0.001080
0.052360
0.087170
0.000000
0.000000
0.005330
0.000000
0.000000
0.000000
0.000590
0.000670
0.000000
0.000000
0.000000
0.000000
0.000000
0.000080
0.000000
0.000000
0.000090
0.000120
0.001100
0.000000
0.000970
0.000000
0.000000
0.000000
0.000100
0.000000
0.000000
0.001110
0.000000
0.000740
0.000000
0.000690
0.000330
0.020410
0.000000
0.000000
0.000000
0.000130
0.000410
0.000760
0.000000
0.000000
0.000060
0.000000
0.000000
0.000110
0.000350
0.000000
0.000000
0.000000
0.000000
0.000000
0.000000
0.000000
0.000000
0.000000
0.000040
0.000000
0.000000
0.000000
0.000020
0.000000
0.000000
0.000000
0.000000
0.000000
0.000000
0.000000
0.000000
0.000000
0.000000
0.000000
0.000000
0.000000
0.000000
0.000020
0.000100
0.000000
0.000000
0.000000
0.000000
0.000000
0.000000
0.000000
0.000000
0.000000
0.000000
0.000000
0.000000
0.000000
0.000000
0.000000
0.000000
0.000000
0.000000
0.000000
0.000000
0.000000
0.000000
0.000000
0.000000
0.000000
0.000000
0.000000
0.000000
0.000000
0.000870
0.000000
0.000000
0.000280
0.000000
0.057200
0.084550
0.001910
0.000000
0.000000
0.001690
0.000000
0.000000
0.000000
0.000850
0.000020
0.000000
0.000000
0.000000
0.000000
0.000000
0.000080
0.000000
0.000000
0.000420
0.000590
0.001800
0.000000
0.000210
0.000000
0.000000
0.000150
0.000000
0.000000
0.000000
0.000110
0.000000
0.000320
0.000000
0.000530
0.018070
0.008740
0.000000
0.000000
0.000000
0.000940
0.000320
0.001460
0.000000
0.000000
0.000030
0.000000
0.000000
0.000370
0.000010
0.000000
0.000000
0.000000
0.000000
0.000000
0.000000
0.000000
0.000000
0.000000
0.000090
0.000000
0.000000
0.000000
0.000000
0.000000
0.000000
0.000000
0.000000
0.000000
0.000000
0.000000
0.000000
0.000000
0.000000
0.000000
0.000000
0.000000
0.000020
0.000080
0.000000
0.000000
0.000000
0.000000
0.000000
0.000000
0.000000
0.000000
0.000000
0.000000
0.000000
0.000000
0.000000
0.000000
0.000000
0.000000
0.000000
0.000000
0.000000
0.000000
0.000000
0.000000
0.000000
0.000000
0.000010
0.000000
0.000000
0.000000
0.000000
0.000000
0.000000
0.000000
0.002160
0.000000
0.000000
0.000000
0.000000
0.000000
0.000000
0.000000
0.000000
0.000000
0.000000
0.000000
0.000030
0.000000
0.000000
0.000000
0.000000
0.000000
0.000650
0.000000
0.000000
0.000000
0.000880
0.000000
0.000000
0.000000
0.000000
0.000000
0.000000
0.000020
0.000000
0.000000
0.000000
0.000000
0.025390
0.000000
0.013940
0.007210
0.000000
0.000000
0.000000
0.000000
0.000000
0.001340
0.000000
0.000000
0.000000
0.000020
0.000000
0.000000
0.000000
0.000000
0.000000
0.000000
0.000000
0.000000
0.000000
0.000000
0.000000
0.000000
0.000000
0.000000
0.000000
0.000000
0.000000
0.000000
0.000000
0.000000
0.000020
0.000000
0.000000
0.000000
0.000000
0.000000
0.000000
0.000000
0.000000
0.000000
0.000000
0.000000
0.000000
0.000000
0.000000
0.000000
0.000000
0.000000
0.000000
0.000000
0.000000
0.000000
0.000000
0.000000
0.000000
0.000000
0.000000
0.000000
0.000000
0.000000
0.000000
0.000000
0.000000
0.000000
0.000000
0.000000
0.000010
0.000000
0.000000
0.000000
0.000000
0.000000
0.000000
0.001300
0.000000
0.005200
0.000000
0.000000
0.000000
0.002810
0.000570
0.000000
0.003960
0.000150
0.000170
0.000000
0.000000
0.000180
0.000030
0.000180
0.000100
0.000650
0.000000
0.000090
0.000340
0.000000
0.000000
0.000000
0.000290
0.000000
0.000040
0.000000
0.000000
0.000000
0.000030
0.000010
0.000000
0.036350
0.000000
0.009910
0.000000
0.000000
0.000000
0.001890
0.000250
0.000050
0.000000
0.000000
0.000000
0.000050
0.000040
0.000000
0.000020
0.000000
0.000000
0.000000
0.000010
0.000000
0.000000
0.000010
0.000010
0.000000
0.000010
0.000020
0.000020
0.000000
0.010120
0.000090
0.000000
0.000000
0.000030
0.000010
0.000000
0.000000
0.000000
0.000000
0.000000
0.000000
0.000000
0.000000
0.000000
0.000000
0.000010
0.000000
0.000000
0.000000
0.000000
0.000000
0.000000
0.000000
0.000000
0.000000
0.000000
0.000000
0.000000
0.000000
0.000000
0.000000
0.000000
0.000000
0.000000
0.000000
0.000000
0.000000
0.000000
0.000000
0.000000
0.000000
0.000000
0.000000
0.000000
0.000000
0.000000
0.000000
0.000000
0.002870
0.000000
0.031660
0.000750
0.003280
0.000000
0.000000
0.004530
0.000000
0.000000
0.000000
0.000380
0.000180
0.000000
0.000000
0.000000
0.000000
0.000000
0.000230
0.000000
0.000000
0.001830
0.000020
0.000360
0.000000
0.000060
0.000000
0.000000
0.000620
0.000020
0.000000
0.000000
0.043020
0.000000
0.003480
0.000000
0.011910
0.000290
0.002990
0.000000
0.000000
0.000000
0.002160
0.000000
0.000140
0.000000
0.000000
0.000020
0.000000
0.000000
0.000000
0.000010
0.000000
0.000000
0.000000
0.000000
0.000000
0.000000
0.000000
0.000000
0.000000
0.014970
0.000000
0.000000
0.000000
0.000050
0.000000
0.000000
0.000000
0.000000
0.000000
0.000000
0.000000
0.000000
0.000000
0.000000
0.000000
0.000000
0.000000
0.000000
0.000000
0.000000
0.000000
0.000000
0.000000
0.000000
0.000000
0.000000
0.000000
0.000000
0.000000
0.000000
0.000000
0.000000
0.000000
0.000000
0.000000
0.000000
0.000000
0.000000
0.000000
0.000000
0.000000
0.000000
0.000000
0.000000
0.000000
0.000000
0.000000
0.000000
0.000000
0.030050
0.000000
0.000000
0.000000
0.000000
0.000000
0.000000
0.000000
0.000740
0.000000
0.000000
0.000000
0.001650
0.000410
0.000000
0.000000
0.000000
0.000000
0.013610
0.000000
0.000000
0.000000
0.000000
0.000000
0.000000
0.000010
0.000630
0.000000
0.000000
0.001050
0.042140
0.000000
0.000000
0.000000
0.015990
0.000000
0.000000
0.000000
0.000000
0.000000
0.002190
0.000000
0.000000
0.000000
0.000000
0.000000
0.000000
0.000220
0.000000
0.000000
0.000000
0.000010
0.000000
0.000020
0.000000
0.000000
0.000050
0.000000
0.000000
0.014830
0.000000
0.000000
0.000000
0.000050
0.000000
0.000020
0.000000
0.000000
0.000000
0.000000
0.000000
0.000000
0.000000
0.000000
0.000000
0.000000
0.000000
0.000000
0.000000
0.000000
0.000000
0.000000
0.000000
0.000000
0.000000
0.000000
0.000000
0.000000
0.000000
0.000000
0.000000
0.000000
0.000000
0.000000
0.000000
0.000000
0.000000
0.000000
0.000000
0.000000
0.000000
0.000000
0.000000
0.000000
0.000000
0.000000
0.000000
0.000000
0.000000
0.000000
0.000000
0.000000
0.000000
0.000000
0.000000
0.000000
0.000000
0.000000
0.000000
0.000000
0.001350
0.000000
0.000000
0.000000
0.000000
0.000000
0.012800
0.000000
0.000000
0.000000
0.000000
0.000000
0.000000
0.000000
0.000000
0.000000
0.000000
0.000890
0.000000
0.000000
0.000000
0.000000
0.008330
0.000000
0.000590
0.000920
0.000000
0.000000
0.000000
0.000000
0.000000
0.000010
0.000000
0.000000
0.000000
0.000170
0.000000
0.000000
0.000000
0.000000
0.000000
0.000000
0.000000
0.000000
0.000000
0.000000
0.000000
0.000000
0.000000
0.000000
0.000000
0.000000
0.000000
0.000010
0.000000
0.000000
0.000000
0.000000
0.000000
0.000000
0.000000
0.000000
0.000000
0.000000
0.000000
0.000000
0.000000
0.000000
0.000000
0.000000
0.000000
0.000000
0.000000
0.000000
0.000000
0.000000
0.000000
0.000000
0.000000
0.000000
0.000000
0.000000
0.000000
0.000000
0.000000
0.000000
0.000000
0.000000
0.000000
0.000000
0.000000
0.000000
0.000000
0.000000
0.000000
0.000000
0.000000
0.000000
0.000000
0.000000
0.000000
0.000000
0.000000
0.000000
0.000000
0.000000
0.000000
0.000000
0.000200
0.000000
0.000000
0.000000
0.000000
0.000000
0.007990
0.000000
0.000000
0.000000
0.000000
0.000000
0.000000
0.000000
0.000000
0.000000
0.000000
0.002210
0.000000
0.000000
0.000000
0.000000
0.085570
0.000000
0.001350
0.000210
0.000000
0.000000
0.000000
0.000000
0.000000
0.000070
0.000000
0.000000
0.000000
0.000080
0.000000
0.000000
0.000000
0.000000
0.000000
0.000000
0.000000
0.000000
0.000000
0.000000
0.000000
0.000000
0.000000
0.000000
0.000000
0.000000
0.000000
0.000000
0.000000
0.000000
0.000000
0.000000
0.000000
0.000000
0.000000
0.000000
0.000000
0.000000
0.000000
0.000000
0.000000
0.000000
0.000000
0.000000
0.000000
0.000000
0.000000
0.000000
0.000000
0.000000
0.000000
0.000000
0.000000
0.000000
0.000000
0.000000
0.000000
0.000000
0.000000
0.000000
0.000000
0.000000
0.000000
0.000000
0.000000
0.000000
0.000000
0.000000
0.000000
0.000000
0.000000
0.000000
0.000000
0.000000
0.000450
0.001530
0.000000
0.012110
0.000430
0.000530
0.000000
0.000000
0.000230
0.000030
0.000460
0.002080
0.007130
0.000000
0.000220
0.000040
0.000000
0.000000
0.000000
0.000090
0.000000
0.000090
0.000000
0.000000
0.000000
0.000350
0.000040
0.000000
0.109020
0.000000
0.001020
0.000000
0.000000
0.000000
0.000900
0.000080
0.000030
0.000000
0.000000
0.000000
0.000140
0.000080
0.000000
0.000010
0.000010
0.000000
0.000000
0.000000
0.000000
0.000000
0.000000
0.000020
0.000100
0.000870
0.000790
0.000070
0.000000
0.000650
0.000000
0.000000
0.000000
0.000000
0.000000
0.000000
0.000000
0.000000
0.000000
0.000000
0.000000
0.000000
0.000000
0.000000
0.000000
0.000000
0.000000
0.000000
0.000000
0.000000
0.000000
0.000000
0.000000
0.000000
0.000000
0.000000
0.000000
0.000000
0.000000
0.000000
0.000000
0.000000
0.000000
0.000000
0.000000
0.000000
0.000000
0.000000
0.000000
0.000000
0.000000
0.000000
0.000000
0.000000
0.000000
0.000000
0.000000
0.000000
0.000000
0.000000
0.013530
0.000000
0.000000
0.000000
0.002730
0.000200
0.000000
0.000000
0.000000
0.000000
0.000000
0.000810
0.000000
0.000000
0.000290
0.000000
0.000260
0.000000
0.000170
0.000000
0.000000
0.045070
0.000320
0.000000
0.000000
0.115940
0.000000
0.000520
0.000000
0.002280
0.000070
0.001520
0.000000
0.000000
0.000000
0.001600
0.000000
0.000140
0.000000
0.000000
0.000010
0.000000
0.000000
0.000060
0.000000
0.000000
0.000000
0.000000
0.000000
0.000000
0.000000
0.000000
0.000000
0.000000
0.000990
0.000000
0.000000
0.000000
0.000000
0.000000
0.000000
0.000000
0.000000
0.000000
0.000000
0.000000
0.000000
0.000000
0.000000
0.000000
0.000000
0.000000
0.000000
0.000000
0.000000
0.000000
0.000000
0.000000
0.000000
0.000000
0.000000
0.000000
0.000000
0.000000
0.000000
0.000000
0.000000
0.000000
0.000000
0.000000
0.000000
0.000000
0.000000
0.000000
0.000000
0.000000
0.000000
0.000000
0.000000
0.000000
0.000000
0.000000
0.000000
0.000000
0.000000
0.000000
0.000000
0.002210
0.000000
0.000000
0.000000
0.000870
0.027850
0.000000
0.000000
0.000000
0.000000
0.000220
0.000000
0.000000
0.000000
0.000000
0.000000
0.000000
0.000060
0.044850
0.000000
0.000000
0.000100
0.107460
0.000000
0.000000
0.000000
0.002800
0.000000
0.000000
0.000000
0.000000
0.000000
0.001570
0.000000
0.000000
0.000000
0.000000
0.000000
0.000000
0.000010
0.000000
0.000000
0.000000
0.000000
0.000000
0.000010
0.000270
0.007060
0.013840
0.000000
0.000000
0.000870
0.000000
0.000000
0.000000
0.000000
0.000000
0.000000
0.000000
0.000000
0.000000
0.000000
0.000000
0.000000
0.000000
0.000000
0.000000
0.000000
0.000000
0.000000
0.000000
0.000000
0.000000
0.000000
0.000000
0.000000
0.000000
0.000000
0.000000
0.000000
0.000000
0.000000
0.000000
0.000000
0.000000
0.000000
0.000000
0.000000
0.000000
0.000000
0.000000
0.000010
0.000000
0.000000
0.000000
0.000000
0.000000
0.000000
0.000000
0.000000
0.000000
0.000000
0.000000
0.000000
0.001860
0.000000
0.000000
0.000000
0.027430
0.046760
0.000000
0.000000
0.000000
0.000000
0.000270
0.000000
0.000000
0.000000
0.000000
0.000000
0.000000
0.041980
0.003400
0.000000
0.000000
0.090190
0.008260
0.000000
0.000000
0.000000
0.000830
0.000000
0.000000
0.000000
0.000000
0.000000
0.000120
0.000000
0.000000
0.000000
0.000000
0.000000
0.000000
0.000090
0.000000
0.000000
0.000000
0.000000
0.000000
0.000240
0.007700
0.014690
0.000670
0.000000
0.000000
0.000010
0.000000
0.000000
0.000000
0.000000
0.000000
0.000000
0.000000
0.000000
0.000000
0.000000
0.000000
0.000000
0.000000
0.000000
0.000000
0.000000
0.000000
0.000000
0.000000
0.000000
0.000000
0.000000
0.000000
0.000000
0.000000
0.000000
0.000000
0.000000
0.000000
0.000000
0.000000
0.000000
0.000000
0.000000
0.000000
0.000000
0.000000
0.000000
0.000010
0.000000
0.000000
0.000000
0.000000
0.000000
0.000000
0.000000
0.000000
0.000000
0.000000
0.000000
0.000000
0.008590
0.000000
0.000000
0.000000
0.054280
0.000970
0.000000
0.000000
0.000000
0.000000
0.003320
0.000000
0.000000
0.000000
0.000000
0.000000
0.000000
0.005810
0.006000
0.000000
0.000000
0.014060
0.001430
0.000000
0.000000
0.000000
0.007290
0.000000
0.000000
0.000000
0.000000
0.000000
0.000840
0.000000
0.000000
0.000000
0.000000
0.000000
0.000000
0.006300
0.000000
0.000000
0.000000
0.000640
0.000000
0.007850
0.014700
0.000720
0.000110
0.000000
0.000000
0.000030
0.000000
0.000000
0.000000
0.000010
0.000000
0.000000
0.000000
0.000000
0.000000
0.000000
0.000000
0.000000
0.000000
0.000000
0.000000
0.000000
0.000000
0.000000
0.000000
0.000000
0.000000
0.000000
0.000000
0.000000
0.000000
0.000000
0.000000
0.000000
0.000000
0.000000
0.000000
0.000000
0.000000
0.000000
0.000000
0.000000
0.000000
0.000000
0.000000
0.000000
0.000000
0.000000
0.000000
0.000000
0.000000
0.000000
0.000000
0.000000
0.000000
0.000000
0.000000
0.000000
0.000000
0.034210
0.000000
0.000000
0.000000
0.000000
0.000000
0.003050
0.000000
0.000000
0.000000
0.000470
0.000000
0.000000
0.000000
0.000000
0.000000
0.000000
0.016100
0.000000
0.000000
0.000000
0.000000
0.006320
0.000000
0.000420
0.034870
0.000000
0.000000
0.000000
0.000000
0.000000
0.000080
0.000000
0.000000
0.000000
0.004760
0.000000
0.000000
0.000000
0.000520
0.000000
0.000000
0.000000
0.000000
0.000000
0.000000
0.000000
0.000000
0.000000
0.000000
0.000000
0.000000
0.000000
0.000000
0.000000
0.000000
0.000000
0.000000
0.000000
0.000000
0.000000
0.000000
0.000000
0.000000
0.000000
0.000000
0.000000
0.000000
0.000000
0.000000
0.000000
0.000000
0.000000
0.000000
0.000000
0.000000
0.000000
0.000000
0.000000
0.000000
0.000000
0.000000
0.000000
0.000000
0.000000
0.000000
0.000000
0.000000
0.000000
0.000000
0.000000
0.000000
0.000000
0.000000
0.000000
0.000000
0.000000
0.000000
0.000000
0.000000
0.000000
0.001390
0.000000
0.000000
0.000000
0.000000
0.000000
0.000600
0.000000
0.000000
0.000000
0.000770
0.000000
0.000000
0.000000
0.000000
0.000000
0.000000
0.001440
0.000000
0.000000
0.000000
0.000000
0.000170
0.000000
0.062490
0.000200
0.000000
0.000000
0.000000
0.000000
0.000000
0.000150
0.000000
0.000000
0.000000
0.000580
0.000000
0.000000
0.000000
0.000250
0.000000
0.000000
0.000000
0.000000
0.000000
0.000000
0.000000
0.000000
0.000000
0.000000
0.000000
0.000000
0.000000
0.000000
0.000000
0.000000
0.000000
0.000000
0.000000
0.000000
0.000000
0.000000
0.000000
0.000000
0.000000
0.000000
0.000000
0.000000
0.000000
0.000000
0.000000
0.000000
0.000000
0.000000
0.000000
0.000000
0.000000
0.000000
0.000000
0.000000
0.000000
0.000000
0.000000
0.000000
0.000000
0.000000
0.000000
0.000000
0.000000
0.000000
0.000000
0.000000
0.000000
0.000000
0.000000
0.000000
0.000000
0.000000
0.000000
0.000000
0.000000
0.004830
0.001050
0.000000
0.000000
0.000000
0.000000
0.014520
0.000000
0.000000
0.000000
0.000000
0.000000
0.000000
0.031460
0.015470
0.000000
0.000000
0.089330
0.000520
0.000000
0.000000
0.000000
0.068860
0.000000
0.000000
0.000000
0.000000
0.000000
0.000070
0.000000
0.000000
0.000000
0.000000
0.000000
0.000000
0.002270
0.000000
0.000000
0.000000
0.010190
0.000000
0.000120
0.000140
0.000070
0.000070
0.000000
0.000000
0.000020
0.000000
0.000000
0.000000
0.000000
0.000000
0.000000
0.000000
0.000000
0.000000
0.000000
0.000000
0.000000
0.000000
0.000000
0.000000
0.000000
0.000000
0.000000
0.000000
0.000000
0.000000
0.000000
0.000000
0.000000
0.000000
0.000000
0.000000
0.000000
0.000000
0.000000
0.000000
0.000000
0.000000
0.000000
0.000000
0.000000
0.000000
0.000000
0.000000
0.000000
0.000000
0.000000
0.000000
0.000000
0.000000
0.000000
0.000000
0.000000
0.000000
0.000000
0.003540
0.000000
0.000000
0.000000
0.000000
0.000000
0.014780
0.000000
0.000000
0.000000
0.024820
0.000000
0.000000
0.000000
0.000000
0.000000
0.000000
0.104600
0.000000
0.000000
0.000000
0.000000
0.058640
0.000000
0.000040
0.000020
0.000000
0.000000
0.000000
0.000000
0.000000
0.005100
0.000000
0.000000
0.000000
0.002040
0.000000
0.000000
0.000000
0.010780
0.000000
0.000000
0.000000
0.000000
0.000000
0.000000
0.000000
0.000000
0.000000
0.000000
0.000000
0.000000
0.000000
0.000000
0.000000
0.000000
0.000000
0.000000
0.000000
0.000000
0.000000
0.000000
0.000000
0.000000
0.000000
0.000000
0.000000
0.000000
0.000000
0.000000
0.000000
0.000000
0.000000
0.000000
0.000000
0.000000
0.000000
0.000000
0.000000
0.000000
0.000000
0.000000
0.000000
0.000000
0.000010
0.000000
0.000000
0.000000
0.000000
0.000000
0.000000
0.000000
0.000000
0.000000
0.000000
0.000000
0.000000
0.000000
0.000000
0.000000
0.000000
0.000000
0.000000
0.000000
0.000530
0.000000
0.000000
0.030140
0.003210
0.027620
0.000000
0.022460
0.000000
0.000000
0.114160
0.001240
0.000000
0.000000
0.016000
0.000000
0.000050
0.000000
0.000030
0.000030
0.000260
0.000000
0.000000
0.000000
0.007840
0.000290
0.005470
0.000000
0.000000
0.000040
0.000000
0.000000
0.010560
0.000010
0.000000
0.000000
0.000000
0.000000
0.000000
0.000000
0.000000
0.000000
0.000000
0.000060
0.000000
0.000000
0.000000
0.000000
0.000000
0.000000
0.000000
0.000000
0.000000
0.000000
0.000000
0.000000
0.000000
0.000000
0.000000
0.000000
0.000000
0.000000
0.000000
0.000000
0.000000
0.000000
0.000000
0.000000
0.000000
0.000000
0.000000
0.000000
0.000000
0.000000
0.000000
0.000000
0.000000
0.000010
0.000000
0.000000
0.000000
0.000000
0.000000
0.000000
0.000000
0.000000
0.000000
0.000000
0.000000
0.000000
0.000000
0.000000
0.000000
0.000000
0.000000
0.000000
0.000000
0.002710
0.000000
0.000000
0.000000
0.022590
0.000000
0.000000
0.000000
0.000000
0.000000
0.000000
0.000570
0.000000
0.000000
0.000000
0.000000
0.000160
0.000000
0.000090
0.000220
0.000000
0.000000
0.000000
0.000000
0.000000
0.004730
0.000000
0.000000
0.000000
0.000250
0.000000
0.000000
0.000000
0.000000
0.000000
0.000000
0.000000
0.000000
0.000000
0.000000
0.000000
0.000000
0.000000
0.000000
0.000000
0.000000
0.000000
0.000040
0.000000
0.000000
0.000000
0.000000
0.000000
0.000000
0.000000
0.000000
0.000000
0.000000
0.000000
0.000000
0.000000
0.000000
0.000000
0.000000
0.000000
0.000000
0.000000
0.000000
0.000000
0.000000
0.000000
0.000000
0.000000
0.000000
0.000000
0.000000
0.000010
0.000000
0.000000
0.000000
0.000000
0.000000
0.000000
0.000000
0.000000
0.000000
0.000000
0.000000
0.000000
0.000000
0.000000
0.000000
0.000000
0.000000
0.000000
0.000000
0.000000
0.015440
0.000000
0.000000
0.000000
0.000000
0.000000
0.000000
0.013160
0.092770
0.000000
0.000000
0.000340
0.078700
0.000000
0.000000
0.000000
0.000150
0.000000
0.000000
0.000000
0.000000
0.000000
0.009430
0.000000
0.000000
0.000000
0.000000
0.000000
0.000000
0.001990
0.000000
0.000000
0.000000
0.000170
0.000000
0.000200
0.000200
0.000210
0.000160
0.000000
0.000000
0.000070
0.000000
0.000000
0.000000
0.000090
0.000000
0.000010
0.000000
0.000000
0.000000
0.000000
0.000000
0.000000
0.000000
0.000000
0.000000
0.000000
0.000000
0.000000
0.000000
0.000000
0.000000
0.000000
0.000000
0.000000
0.000000
0.000000
0.000000
0.000000
0.000000
0.000000
0.000000
0.000000
0.000000
0.000000
0.000000
0.000000
0.000000
0.000000
0.000000
0.000000
0.000000
0.000000
0.000000
0.000000
0.000000
0.000000
0.000000
0.000000
0.000000
0.000000
0.000200
0.004170
0.000000
0.027900
0.003830
0.000000
0.000000
0.000000
0.024780
0.000000
0.088850
0.000130
0.000000
0.000000
0.080810
0.000000
0.000000
0.000130
0.000000
0.000040
0.000000
0.000000
0.000000
0.005960
0.007150
0.000150
0.000000
0.000000
0.000000
0.001610
0.000190
0.000000
0.000130
0.000060
0.000000
0.000000
0.000120
0.000090
0.000080
0.000150
0.000120
0.000000
0.000000
0.000070
0.000000
0.000000
0.000060
0.000090
0.000000
0.000000
0.000010
0.000000
0.000000
0.000000
0.000000
0.000000
0.000000
0.000000
0.000000
0.000000
0.000000
0.000000
0.000000
0.000000
0.000000
0.000000
0.000010
0.000000
0.000000
0.000000
0.000000
0.000000
0.000000
0.000000
0.000000
0.000000
0.000010
0.000000
0.000000
0.000000
0.000000
0.000000
0.000000
0.000000
0.000000
0.000000
0.000000
0.000000
0.000000
0.000000
0.000000
0.000010
0.000000
0.000000
0.000000
0.000000
0.055930
0.000000
0.000000
0.035510
0.007950
0.031000
0.000000
0.086470
0.000000
0.000000
0.000310
0.082940
0.000000
0.000000
0.000160
0.000000
0.000030
0.000000
0.000020
0.000080
0.011550
0.000000
0.000000
0.000000
0.000060
0.000270
0.001880
0.000000
0.000000
0.000120
0.000000
0.000000
0.000410
0.000320
0.000000
0.000000
0.000000
0.000000
0.000000
0.000000
0.000000
0.000000
0.000000
0.000070
0.000000
0.000000
0.000000
0.000010
0.000000
0.000000
0.000010
0.000000
0.000000
0.000000
0.000000
0.000000
0.000000
0.000000
0.000000
0.000000
0.000000
0.000000
0.000000
0.000010
0.000000
0.000000
0.000000
0.000000
0.000000
0.000000
0.000000
0.000000
0.000000
0.000010
0.000000
0.000000
0.000000
0.000000
0.000000
0.000000
0.000000
0.000000
0.000000
0.000000
0.000000
0.000000
0.000000
0.000000
0.000010
0.000000
0.000000
0.000000
0.000000
0.000780
0.000000
0.000000
0.014030
0.021150
0.034360
0.000000
0.001850
0.000000
0.000000
0.083780
0.000020
0.000000
0.000000
0.000180
0.000000
0.000030
0.000000
0.000130
0.009390
0.008020
0.000000
0.000000
0.000000
0.000570
0.000710
0.001310
0.000000
0.000000
0.000040
0.000000
0.000000
0.000520
0.000010
0.000000
0.000000
0.000000
0.000000
0.000000
0.000000
0.000000
0.000000
0.000000
0.000200
0.000000
0.000000
0.000000
0.000000
0.000000
0.000000
0.000000
0.000000
0.000000
0.000000
0.000000
0.000000
0.000000
0.000000
0.000000
0.000000
0.000000
0.000000
0.000010
0.000000
0.000000
0.000000
0.000000
0.000000
0.000010
0.000000
0.000000
0.000000
0.000010
0.000000
0.000000
0.000000
0.000000
0.000000
0.000000
0.000000
0.000000
0.000000
0.000000
0.000000
0.000000
0.000000
0.000000
0.000010
0.000000
0.000000
0.000000
0.000000
0.000000
0.000000
0.000000
0.000000
0.030580
0.000000
0.000000
0.000000
0.000000
0.000000
0.000000
0.000040
0.000000
0.000000
0.000000
0.000000
0.000020
0.000000
0.008200
0.007550
0.000000
0.000000
0.000000
0.000000
0.000000
0.000800
0.000000
0.000000
0.000000
0.000020
0.000000
0.000000
0.000000
0.000000
0.000000
0.000000
0.000000
0.000000
0.000000
0.000000
0.000000
0.000000
0.000000
0.000000
0.000000
0.000000
0.000000
0.000000
0.000000
0.000000
0.000000
0.000000
0.000000
0.000000
0.000000
0.000000
0.000000
0.000000
0.000000
0.000000
0.000000
0.000000
0.000000
0.000000
0.000000
0.000000
0.000000
0.000010
0.000000
0.000000
0.000000
0.000000
0.000000
0.000000
0.000000
0.000000
0.000000
0.000000
0.000000
0.000000
0.000000
0.000000
0.000000
0.000000
0.000000
0.000000
0.000000
0.000000
0.000000
0.000000
0.000000
0.000000
0.000000
0.000000
0.000000
0.000710
0.000000
0.000000
0.000000
0.000000
0.000000
0.000000
0.000100
0.000000
0.000000
0.000000
0.000000
0.000040
0.000000
0.006860
0.000810
0.000000
0.000000
0.000000
0.000000
0.000000
0.000010
0.000000
0.000000
0.000000
0.000230
0.000000
0.000000
0.000000
0.000000
0.000000
0.000000
0.000000
0.000000
0.000000
0.000000
0.000000
0.000000
0.000000
0.000000
0.000000
0.000000
0.000000
0.000000
0.000000
0.000000
0.000000
0.000000
0.000000
0.000000
0.000000
0.000000
0.000000
0.000000
0.000000
0.000000
0.000000
0.000000
0.000000
0.000000
0.000000
0.000000
0.000010
0.000000
0.000000
0.000000
0.000000
0.000000
0.000000
0.000000
0.000000
0.000000
0.000000
0.000000
0.000000
0.000000
0.000000
0.000000
0.000000
0.000000
0.000000
0.000000
0.000000
0.000000
0.000000
0.000000
0.000000
0.000000
0.000000
0.000000
0.004470
0.000000
0.000000
0.000000
0.000000
0.000000
0.000000
0.000210
0.000000
0.000000
0.000000
0.000000
0.016850
0.000000
0.001140
0.000030
0.000000
0.000000
0.000000
0.000000
0.000000
0.000020
0.000000
0.000000
0.000000
0.000170
0.000000
0.000000
0.000000
0.000050
0.000000
0.000000
0.000000
0.000000
0.000000
0.000000
0.000000
0.000000
0.000000
0.000000
0.000000
0.000000
0.000000
0.000000
0.000000
0.000000
0.000020
0.000000
0.000000
0.000000
0.000000
0.000000
0.000000
0.000000
0.000000
0.000000
0.000000
0.000000
0.000000
0.000000
0.000000
0.000000
0.000000
0.000000
0.000000
0.000000
0.000000
0.000000
0.000000
0.000000
0.000000
0.000000
0.000000
0.000000
0.000000
0.000000
0.000000
0.000000
0.000000
0.000000
0.000000
0.000010
0.000000
0.000000
0.000000
0.000000
0.000000
0.000000
0.000000
0.000000
0.000000
0.019310
0.000000
0.008610
0.000700
0.000000
0.000000
0.000190
0.000010
0.000000
0.018940
0.000000
0.001350
0.000000
0.000000
0.000000
0.001200
0.000100
0.000010
0.000000
0.000000
0.000000
0.001010
0.000160
0.000000
0.000030
0.000040
0.000000
0.000000
0.000010
0.000020
0.000010
0.000010
0.000040
0.000060
0.000030
0.000250
0.000050
0.000000
0.000250
0.000010
0.000000
0.000000
0.000000
0.000020
0.000000
0.000000
0.000000
0.000000
0.000000
0.000000
0.000000
0.000000
0.000000
0.000000
0.000000
0.000000
0.000000
0.000000
0.000010
0.000000
0.000000
0.000000
0.000000
0.000010
0.000000
0.000000
0.000000
0.000000
0.000000
0.000000
0.000000
0.000000
0.000000
0.000000
0.000000
0.000000
0.000000
0.000000
0.000010
0.000000
0.000000
0.000000
0.000000
0.000000
0.000000
0.000000
0.000000
0.021580
0.000000
0.006830
0.000000
0.000000
0.002160
0.000290
0.000000
0.000000
0.020490
0.000000
0.000980
0.000000
0.000000
0.000340
0.001550
0.000000
0.000000
0.000000
0.000120
0.000000
0.001300
0.000000
0.000000
0.000020
0.000000
0.000000
0.001090
0.000060
0.000000
0.000000
0.000000
0.000000
0.000000
0.000000
0.000000
0.000000
0.000000
0.000330
0.000000
0.000000
0.000000
0.000000
0.000000
0.000000
0.000000
0.000000
0.000000
0.000000
0.000000
0.000000
0.000000
0.000000
0.000000
0.000000
0.000000
0.000000
0.000000
0.000010
0.000000
0.000000
0.000000
0.000000
0.000010
0.000000
0.000000
0.000000
0.000000
0.000000
0.000000
0.000000
0.000000
0.000000
0.000000
0.000000
0.000000
0.000000
0.000000
0.000000
0.000000
0.000000
0.000000
0.000000
0.000000
0.000000
0.000000
0.000000
0.000000
0.000000
0.000000
0.000000
0.000000
0.000000
0.000220
0.000000
0.000000
0.000000
0.000000
0.000030
0.000000
0.000690
0.001030
0.000000
0.000000
0.000000
0.000000
0.000000
0.000910
0.000000
0.000000
0.000000
0.000040
0.000000
0.000000
0.000000
0.000150
0.000000
0.000000
0.000000
0.000000
0.000000
0.000000
0.000000
0.000000
0.000000
0.000000
0.000000
0.000000
0.000000
0.000010
0.000000
0.000000
0.000020
0.000000
0.000000
0.000000
0.000000
0.000000
0.000000
0.000000
0.000000
0.000000
0.000000
0.000000
0.000000
0.000000
0.000000
0.000000
0.000000
0.000010
0.000000
0.000000
0.000000
0.000000
0.000000
0.000000
0.000000
0.000000
0.000000
0.000000
0.000000
0.000000
0.000000
0.000000
0.000000
0.000000
0.000000
0.000000
0.000000
0.000000
0.000000
0.000000
0.000000
0.000000
0.000000
0.000000
0.005330
0.002330
0.000000
0.000000
0.003130
0.009520
0.000000
0.000000
0.000000
0.000820
0.000000
0.000000
0.000000
0.000000
0.000000
0.000340
0.000000
0.000000
0.000000
0.000000
0.000000
0.000000
0.001310
0.000000
0.000000
0.000000
0.000090
0.000000
0.004270
0.000120
0.000630
0.000910
0.000000
0.000000
0.000080
0.000000
0.000000
0.000000
0.000010
0.000000
0.000000
0.000000
0.000000
0.000000
0.000000
0.000000
0.000000
0.000000
0.000000
0.000000
0.000000
0.000000
0.000000
0.000000
0.000000
0.000000
0.000000
0.000000
0.000000
0.000000
0.000000
0.000000
0.000000
0.000000
0.000000
0.000000
0.000000
0.000000
0.000000
0.000000
0.000000
0.000000
0.000000
0.000000
0.000000
0.000000
0.000000
0.000000
0.000000
0.000000
0.000000
0.000000
0.000000
0.000000
0.000000
0.000970
0.000510
0.000000
0.000000
0.005220
0.003860
0.000000
0.000040
0.000000
0.000000
0.000000
0.000000
0.000000
0.000000
0.000240
0.000010
0.000000
0.000000
0.000000
0.000060
0.000080
0.000000
0.000060
0.008270
0.000000
0.000000
0.000000
0.004520
0.000060
0.000640
0.000970
0.000030
0.000100
0.000050
0.000000
0.000000
0.000000
0.000010
0.000000
0.000000
0.000000
0.000270
0.000000
0.000000
0.000000
0.000000
0.000000
0.000000
0.000000
0.000000
0.000000
0.000000
0.000000
0.000000
0.000000
0.000000
0.000000
0.000000
0.000000
0.000000
0.000000
0.000000
0.000000
0.000000
0.000000
0.000000
0.000000
0.000000
0.000000
0.000000
0.000000
0.000000
0.000000
0.000000
0.000000
0.000000
0.000000
0.000000
0.000000
0.000000
0.000000
0.000000
0.000000
0.000000
0.000000
0.000310
0.000000
0.000000
0.009160
0.000240
0.000000
0.000000
0.000000
0.000560
0.000000
0.000000
0.000000
0.000000
0.000000
0.000030
0.000000
0.000000
0.000000
0.000000
0.000000
0.000000
0.009730
0.000000
0.000000
0.000000
0.004490
0.000000
0.000610
0.000990
0.000100
0.000130
0.000000
0.000000
0.000000
0.000000
0.000000
0.000000
0.000000
0.000000
0.000330
0.000000
0.000000
0.000000
0.000000
0.000000
0.000000
0.000000
0.000000
0.000000
0.000000
0.000000
0.000000
0.000000
0.000000
0.000000
0.000000
0.000000
0.000000
0.000000
0.000000
0.000000
0.000000
0.000000
0.000000
0.000000
0.000000
0.000000
0.000000
0.000000
0.000000
0.000000
0.000000
0.000010
0.000000
0.000000
0.000000
0.000000
0.000000
0.000000
0.000000
0.000000
0.000000
0.000000
0.000000
0.000000
0.008440
0.000000
0.000000
0.000000
0.000000
0.000550
0.000000
0.001720
0.000010
0.000000
0.000000
0.000000
0.000000
0.000000
0.000010
0.000000
0.000000
0.000000
0.008130
0.000000
0.000000
0.000000
0.003510
0.000000
0.000000
0.000000
0.000000
0.000000
0.000000
0.000000
0.000000
0.000000
0.000000
0.000000
0.000000
0.000000
0.000320
0.000000
0.000000
0.000000
0.000000
0.000000
0.000000
0.000000
0.000000
0.000000
0.000000
0.000000
0.000000
0.000000
0.000000
0.000000
0.000000
0.000000
0.000000
0.000000
0.000000
0.000000
0.000000
0.000000
0.000000
0.000000
0.000000
0.000000
0.000000
0.000000
0.000000
0.000000
0.000000
0.000000
0.000000
0.000000
0.000000
0.000000
0.000000
0.000000
0.000000
0.000000
0.000000
0.000000
0.000000
0.000000
0.000000
0.000650
0.000120
0.000000
0.000000
0.000000
0.002280
0.000000
0.000000
0.000000
0.000000
0.000000
0.000000
0.000000
0.000000
0.000000
0.000000
0.000000
0.000000
0.002190
0.000000
0.000000
0.000000
0.001080
0.000000
0.000260
0.000030
0.000190
0.000090
0.000000
0.000000
0.000000
0.000000
0.000000
0.000000
0.000320
0.000000
0.000000
0.000000
0.000000
0.000000
0.000000
0.000000
0.000000
0.000000
0.000000
0.000000
0.000000
0.000000
0.000000
0.000000
0.000000
0.000000
0.000000
0.000000
0.000000
0.000000
0.000000
0.000000
0.000000
0.000000
0.000000
0.000000
0.000000
0.000000
0.000000
0.000000
0.000000
0.000000
0.000000
0.000000
0.000000
0.000000
0.000000
0.000000
0.000000
0.000000
0.000000
0.000000
0.000000
0.000000
0.000000
0.000000
0.000000
0.000340
0.000000
0.002650
0.000000
0.000010
0.000460
0.000140
0.000000
0.000000
0.000000
0.000090
0.015600
0.004480
0.000000
0.000000
0.001700
0.000000
0.000000
0.001230
0.001430
0.000000
0.000000
0.000000
0.000000
0.000000
0.000000
0.000000
0.000000
0.000000
0.000040
0.000000
0.000000
0.000000
0.000000
0.000000
0.000000
0.000000
0.000000
0.000000
0.000000
0.000000
0.000000
0.000000
0.000000
0.000000
0.000000
0.000000
0.000000
0.000010
0.000000
0.000000
0.000000
0.000000
0.000000
0.000000
0.000000
0.000000
0.000000
0.000000
0.000000
0.000000
0.000000
0.000000
0.000010
0.000000
0.000000
0.000000
0.000000
0.000000
0.000000
0.000000
0.000000
0.000000
0.000000
0.000000
0.000000
0.000000
0.000000
0.000000
0.000000
0.000500
0.000000
0.000030
0.000000
0.000680
0.000080
0.000010
0.000000
0.000000
0.000000
0.027540
0.000370
0.000890
0.000000
0.000000
0.000160
0.000000
0.000000
0.001700
0.000010
0.000000
0.000000
0.000000
0.000000
0.000000
0.000000
0.000000
0.000000
0.000000
0.001110
0.000000
0.000000
0.000000
0.000060
0.000000
0.000000
0.000000
0.000000
0.000000
0.000000
0.000000
0.000000
0.000000
0.000000
0.000000
0.000000
0.000000
0.000010
0.000000
0.000000
0.000000
0.000000
0.000000
0.000000
0.000000
0.000000
0.000000
0.000000
0.000000
0.000000
0.000000
0.000000
0.000010
0.000000
0.000000
0.000000
0.000000
0.000000
0.000000
0.000000
0.000000
0.000000
0.000000
0.000000
0.000000
0.000000
0.000000
0.000000
0.000000
0.000000
0.000000
0.000000
0.000740
0.000000
0.000000
0.000000
0.000000
0.000000
0.028050
0.000000
0.000000
0.000000
0.000000
0.000000
0.000000
0.001700
0.000000
0.000000
0.000000
0.000470
0.000000
0.000360
0.000120
0.000050
0.000010
0.000000
0.000000
0.001140
0.000000
0.000000
0.000000
0.000110
0.000000
0.000010
0.000000
0.000000
0.000000
0.000000
0.000000
0.000000
0.000000
0.000000
0.000000
0.000000
0.000000
0.000000
0.000000
0.000000
0.000000
0.000000
0.000000
0.000000
0.000000
0.000000
0.000000
0.000000
0.000000
0.000000
0.000000
0.000000
0.000000
0.000000
0.000000
0.000000
0.000000
0.000000
0.000000
0.000000
0.000000
0.000000
0.000000
0.000000
0.000000
0.000000
0.000000
0.000000
0.000000
0.000000
0.000010
0.000000
0.000050
0.000000
0.000000
0.000000
0.004230
0.023220
0.000060
0.000000
0.000000
0.000000
0.001950
0.000310
0.000000
0.000260
0.000040
0.000000
0.000000
0.000480
0.000140
0.000110
0.000030
0.000010
0.000000
0.000000
0.000980
0.000010
0.000000
0.000060
0.000120
0.000000
0.000000
0.000000
0.000000
0.000000
0.000000
0.000000
0.000000
0.000000
0.000000
0.000000
0.000000
0.000000
0.000000
0.000000
0.000000
0.000000
0.000000
0.000000
0.000000
0.000000
0.000000
0.000000
0.000000
0.000000
0.000000
0.000000
0.000000
0.000010
0.000000
0.000000
0.000000
0.000000
0.000000
0.000000
0.000000
0.000000
0.000000
0.000000
0.000000
0.000000
0.000000
0.000000
0.000030
0.000000
0.000000
0.000000
0.000070
0.000000
0.000060
0.000370
0.008770
0.000000
0.000000
0.000000
0.000070
0.009500
0.003240
0.000000
0.000000
0.000260
0.000000
0.000000
0.001390
0.001660
0.000000
0.000000
0.000000
0.000000
0.000000
0.000000
0.000000
0.000000
0.000000
0.000050
0.000000
0.000000
0.000000
0.000000
0.000000
0.000000
0.000010
0.000000
0.000000
0.000000
0.000000
0.000000
0.000000
0.000000
0.000000
0.000000
0.000000
0.000000
0.000000
0.000000
0.000000
0.000000
0.000000
0.000000
0.000000
0.000000
0.000000
0.000000
0.000000
0.000010
0.000000
0.000000
0.000000
0.000000
0.000000
0.000000
0.000000
0.000000
0.000000
0.000000
0.000000
0.000000
0.000000
0.000000
0.000040
0.000000
0.000000
0.000000
0.000000
0.000000
0.000540
0.006330
0.001890
0.000000
0.000000
0.000000
0.034510
0.000360
0.000630
0.000000
0.000000
0.000130
0.000000
0.000000
0.007600
0.000120
0.000000
0.000000
0.000000
0.000000
0.000000
0.000000
0.000000
0.000000
0.000000
0.002210
0.000000
0.000000
0.000000
0.000100
0.000000
0.000000
0.000000
0.000000
0.000000
0.000000
0.000000
0.000000
0.000000
0.000000
0.000000
0.000000
0.000000
0.000000
0.000000
0.000000
0.000000
0.000000
0.000000
0.000000
0.000000
0.000000
0.000000
0.000000
0.000010
0.000000
0.000000
0.000000
0.000000
0.000000
0.000000
0.000000
0.000000
0.000000
0.000000
0.000000
0.000000
0.000000
0.000000
0.000040
0.000000
0.000000
0.000000
0.000000
0.000000
0.000000
0.000000
0.000000
0.000000
0.000000
0.035080
0.000000
0.000000
0.000000
0.000000
0.000000
0.000000
0.021010
0.000000
0.000000
0.000000
0.001760
0.000000
0.000400
0.000310
0.000490
0.000200
0.000000
0.000000
0.002270
0.000000
0.000000
0.000000
0.000140
0.000000
0.000080
0.000000
0.000000
0.000000
0.000000
0.000000
0.000000
0.000000
0.000000
0.000000
0.000000
0.000000
0.000000
0.000000
0.000000
0.000000
0.000000
0.000000
0.000000
0.000000
0.000000
0.000000
0.000000
0.000000
0.000000
0.000000
0.000000
0.000000
0.000000
0.000000
0.000000
0.000000
0.000000
0.000000
0.000000
0.000000
0.000000
0.000000
0.000000
0.000000
0.000000
0.000000
0.000000
0.000000
0.000000
0.000180
0.000000
0.000000
0.000000
0.000000
0.000000
0.000280
0.000000
0.000000
0.000000
0.021340
0.000000
0.000000
0.000000
0.001780
0.000000
0.000000
0.000000
0.000000
0.000000
0.000000
0.000000
0.000000
0.000000
0.000000
0.000000
0.000000
0.000000
0.000090
0.000000
0.000000
0.000000
0.000000
0.000000
0.000000
0.000000
0.000000
0.000000
0.000000
0.000000
0.000000
0.000000
0.000000
0.000000
0.000000
0.000000
0.000000
0.000000
0.000000
0.000000
0.000000
0.000000
0.000000
0.000000
0.000000
0.000000
0.000000
0.000000
0.000000
0.000000
0.000000
0.000000
0.000000
0.000000
0.000000
0.000000
0.000000
0.000000
0.000000
0.000000
0.000000
0.000000
0.000000
0.000000
0.000000
0.001820
0.002640
0.000690
0.000000
0.000000
0.000000
0.011010
0.015940
0.000000
0.001750
0.000120
0.000000
0.000000
0.000410
0.000080
0.000080
0.000110
0.000200
0.000010
0.000120
0.000260
0.000110
0.000000
0.005900
0.000100
0.000070
0.000000
0.000000
0.000010
0.000000
0.000000
0.000000
0.000000
0.000000
0.000000
0.000000
0.000000
0.000000
0.000000
0.000000
0.000000
0.000000
0.000000
0.000000
0.000000
0.000000
0.000000
0.000000
0.000010
0.000000
0.000000
0.000000
0.000000
0.000000
0.000000
0.000000
0.000000
0.000000
0.000000
0.000000
0.000000
0.000000
0.000000
0.000000
0.000000
0.000000
0.000000
0.000000
0.000000
0.000000
0.000000
0.000000
0.000000
0.000000
0.000000
0.008110
0.000190
0.019100
0.000000
0.000000
0.004000
0.000000
0.000000
0.010980
0.000800
0.000000
0.000000
0.000000
0.000000
0.000000
0.000000
0.000000
0.000000
0.000000
0.009160
0.000000
0.000000
0.000000
0.000000
0.000000
0.000000
0.000000
0.000000
0.000000
0.000000
0.000000
0.000000
0.000000
0.000000
0.000000
0.000000
0.000000
0.000000
0.000000
0.000000
0.000000
0.000000
0.000000
0.000000
0.000010
0.000000
0.000000
0.000000
0.000000
0.000000
0.000000
0.000000
0.000000
0.000000
0.000000
0.000000
0.000000
0.000000
0.000000
0.000000
0.000000
0.000040
0.000010
0.000000
0.000000
0.000000
0.000000
0.000000
0.000000
0.000240
0.006810
0.000000
0.000000
0.000000
0.000830
0.004330
0.000000
0.000150
0.007620
0.000000
0.000000
0.000080
0.000250
0.003200
0.000180
0.000730
0.001130
0.004000
0.010680
0.006880
0.000000
0.000020
0.000090
0.000000
0.000000
0.000000
0.000000
0.000000
0.000000
0.000000
0.000000
0.000000
0.000000
0.000000
0.000000
0.000000
0.000000
0.000000
0.000000
0.000000
0.000000
0.000000
0.000000
0.000000
0.000000
0.000000
0.000000
0.000000
0.000000
0.000000
0.000000
0.000000
0.000000
0.000000
0.000000
0.000000
0.000000
0.000000
0.000000
0.000000
0.000000
0.000050
0.000000
0.000000
0.000000
0.000000
0.000000
0.000000
0.000000
0.000000
0.000180
0.000000
0.000000
0.000000
0.004000
0.000140
0.000000
0.003710
0.031680
0.000000
0.000000
0.000130
0.008880
0.000210
0.000880
0.002370
0.005860
0.015280
0.003900
0.000060
0.000000
0.000100
0.000030
0.000000
0.000000
0.000000
0.000040
0.000000
0.000000
0.000000
0.000000
0.000000
0.000000
0.000000
0.000000
0.000000
0.000000
0.000000
0.000000
0.000000
0.000000
0.000000
0.000000
0.000000
0.000000
0.000000
0.000000
0.000000
0.000000
0.000000
0.000000
0.000000
0.000000
0.000000
0.000000
0.000000
0.000000
0.000000
0.000000
0.000000
0.000060
0.000000
0.000000
0.000000
0.000000
0.000000
0.000000
0.000000
0.000000
0.000000
0.000000
0.000000
0.000000
0.000000
0.000000
0.000000
0.040970
0.000000
0.000000
0.000000
0.010430
0.000000
0.001050
0.002970
0.008230
0.017370
0.000000
0.000000
0.000260
0.000000
0.000000
0.000000
0.000010
0.000000
0.000090
0.000000
0.000000
0.000000
0.000000
0.000000
0.000000
0.000000
0.000000
0.000000
0.000000
0.000000
0.000000
0.000000
0.000000
0.000000
0.000000
0.000000
0.000000
0.000000
0.000000
0.000000
0.000000
0.000000
0.000000
0.000000
0.000000
0.000000
0.000000
0.000000
0.000000
0.000000
0.000000
0.000010
0.000060
0.000000
0.000000
0.000000
0.000000
0.000000
0.000000
0.000020
0.000000
0.000000
0.000000
0.000140
0.000000
0.000000
0.000000
0.036500
0.000000
0.000000
0.000000
0.005790
0.000000
0.000000
0.000000
0.000000
0.000000
0.000000
0.000000
0.000000
0.000000
0.000000
0.000000
0.000000
0.000000
0.000070
0.000000
0.000000
0.000000
0.000000
0.000000
0.000000
0.000000
0.000000
0.000000
0.000000
0.000000
0.000000
0.000000
0.000000
0.000000
0.000000
0.000000
0.000000
0.000000
0.000010
0.000000
0.000000
0.000000
0.000000
0.000000
0.000000
0.000000
0.000000
0.000000
0.000000
0.000000
0.000000
0.000000
0.000000
0.000000
0.000000
0.000000
0.000000
0.000000
0.000000
0.000000
0.000000
0.000000
0.000000
0.000000
0.000000
0.000000
0.000000
0.002140
0.000000
0.000000
0.000000
0.012390
0.000000
0.000000
0.000000
0.000000
0.000000
0.000000
0.000000
0.000000
0.000000
0.000000
0.000000
0.000000
0.000000
0.000000
0.000000
0.000000
0.000000
0.000000
0.000000
0.000000
0.000000
0.000000
0.000000
0.000000
0.000000
0.000000
0.000000
0.000000
0.000000
0.000000
0.000000
0.000000
0.000000
0.000000
0.000000
0.000000
0.000000
0.000000
0.000000
0.000000
0.000000
0.000000
0.000020
0.000000
0.000010
0.000000
0.000000
0.000000
0.000000
0.000000
0.000000
0.000010
0.000010
0.000000
0.000000
0.000000
0.000000
0.000000
0.000000
0.000000
0.000000
0.000270
0.000000
0.000000
0.020060
0.000180
0.000000
0.000000
0.000000
0.000000
0.000000
0.000000
0.000000
0.000000
0.000000
0.003440
0.000000
0.000000
0.000000
0.000010
0.000000
0.000000
0.000000
0.000000
0.000000
0.000000
0.000000
0.000000
0.000000
0.000000
0.000000
0.000000
0.000000
0.000000
0.000000
0.000000
0.000000
0.000000
0.000000
0.000000
0.000000
0.000000
0.000000
0.000000
0.000000
0.000000
0.000000
0.000030
0.000000
0.000010
0.000000
0.000000
0.000030
0.000000
0.000000
0.000000
0.000000
0.000010
0.000000
0.000010
0.000000
0.000000
0.000000
0.000000
0.000000
0.000000
0.000000
0.004120
0.000000
0.000000
0.000000
0.001250
0.000000
0.061150
0.001560
0.007020
0.001710
0.000000
0.000000
0.003430
0.000000
0.000000
0.000000
0.000010
0.000000
0.000000
0.000000
0.000000
0.000000
0.000000
0.000000
0.000000
0.000000
0.000000
0.000000
0.000000
0.000000
0.000000
0.000000
0.000000
0.000000
0.000000
0.000000
0.000000
0.000000
0.000000
0.000000
0.000000
0.000000
0.000000
0.000000
0.000000
0.000000
0.000000
0.000000
0.000000
0.000000
0.000000
0.000000
0.000000
0.000000
0.000000
0.000000
0.000000
0.000000
0.000000
0.000020
0.000000
0.000000
0.000000
0.000000
0.001270
0.005340
0.000000
0.000000
0.000100
0.068450
0.000990
0.007860
0.002280
0.000280
0.001250
0.002260
0.000030
0.000000
0.000010
0.000020
0.000000
0.000000
0.000000
0.000060
0.000000
0.000000
0.000000
0.000000
0.000000
0.000000
0.000000
0.000000
0.000000
0.000000
0.000000
0.000000
0.000000
0.000000
0.000000
0.000000
0.000000
0.000000
0.000000
0.000000
0.000000
0.000000
0.000000
0.000000
0.000000
0.000000
0.000000
0.000000
0.000000
0.000000
0.000000
0.000000
0.000000
0.000030
0.000000
0.000000
0.000000
0.000000
0.000000
0.000000
0.000000
0.000000
0.000000
0.005540
0.000000
0.000000
0.000000
0.068600
0.000000
0.008180
0.002400
0.000580
0.002020
0.000000
0.000000
0.000080
0.000000
0.000000
0.000000
0.000010
0.000000
0.000100
0.000000
0.000000
0.000000
0.000000
0.000000
0.000000
0.000000
0.000000
0.000000
0.000000
0.000000
0.000000
0.000000
0.000000
0.000000
0.000000
0.000000
0.000000
0.000000
0.000000
0.000000
0.000000
0.000000
0.000000
0.000000
0.000000
0.000000
0.000000
0.000000
0.000000
0.000000
0.000000
0.000010
0.000040
0.000000
0.000000
0.000000
0.000000
0.000000
0.000000
0.000150
0.000000
0.000000
0.000000
0.000000
0.000000
0.030770
0.000000
0.000000
0.000000
0.000000
0.000000
0.000000
0.000000
0.000000
0.000000
0.000000
0.000000
0.000000
0.000000
0.000090
0.000000
0.000000
0.000000
0.000000
0.000000
0.000000
0.000000
0.000000
0.000000
0.000000
0.000000
0.000000
0.000000
0.000000
0.000000
0.000000
0.000000
0.000000
0.000000
0.000000
0.000000
0.000000
0.000000
0.000000
0.000000
0.000000
0.000000
0.000000
0.000020
0.000000
0.000000
0.000000
0.000000
0.000000
0.000000
0.000000
0.000000
0.000010
0.000390
0.000000
0.000000
0.000000
0.000000
0.000000
0.000000
0.000000
0.004030
0.000000
0.000000
0.000000
0.000000
0.000000
0.000000
0.000000
0.000000
0.000000
0.000000
0.000000
0.000000
0.000000
0.000020
0.000000
0.000000
0.000050
0.000000
0.000000
0.000000
0.000000
0.000000
0.000000
0.000000
0.000000
0.000000
0.000000
0.000000
0.000000
0.000000
0.000000
0.000000
0.000000
0.000000
0.000000
0.000000
0.000000
0.000000
0.000000
0.000000
0.000000
0.000000
0.000010
0.000000
0.000000
0.000000
0.000000
0.000000
0.000000
0.000000
0.000000
0.000470
0.000020
0.000000
0.000000
0.000000
0.000000
0.000000
0.000000
0.000000
0.000500
0.000640
0.001680
0.000980
0.000500
0.000100
0.000230
0.000620
0.000140
0.000000
0.002130
0.000050
0.000020
0.000000
0.000000
0.000050
0.000000
0.000000
0.000000
0.000000
0.000000
0.000000
0.000000
0.000000
0.000000
0.000000
0.000010
0.000000
0.000000
0.000000
0.000000
0.000000
0.000000
0.000000
0.000000
0.000010
0.000000
0.000010
0.000000
0.000000
0.000150
0.000000
0.000000
0.000000
0.000000
0.000000
0.000000
0.000000
0.000010
0.000010
0.000440
0.000000
0.000000
0.000000
0.000000
0.000030
0.000000
0.000000
0.000000
0.000000
0.000000
0.000000
0.000000
0.000000
0.000000
0.000000
0.000000
0.000000
0.003270
0.000000
0.000000
0.000000
0.000000
0.000000
0.000000
0.000000
0.000000
0.000000
0.000000
0.000000
0.000000
0.000000
0.000000
0.000000
0.000000
0.000000
0.000000
0.000000
0.000000
0.000000
0.000000
0.000000
0.000000
0.000010
0.000000
0.000000
0.000000
0.000040
0.000130
0.000000
0.000000
0.000000
0.000000
0.000010
0.000040
0.000030
0.000000
0.000000
0.000000
0.000000
0.000050
0.000060
0.000120
0.000050
0.000000
0.000000
0.000000
0.000000
0.000000
0.000000
0.000000
0.000000
0.000000
0.000000
0.000000
0.000000
0.000000
0.000000
0.000000
0.000000
0.000120
0.000000
0.000000
0.000000
0.000000
0.000000
0.000000
0.000000
0.000000
0.000000
0.000000
0.000000
0.000000
0.000000
0.000000
0.000000
0.000000
0.000000
0.000000
0.000000
0.000010
0.000000
0.000000
0.000000
0.000000
0.000000
0.000000
0.000000
0.000000
0.000000
0.000000
0.000050
0.000000
0.000000
0.000000
0.000000
0.000000
0.000000
0.000110
0.000090
0.000000
0.000000
0.000000
0.000000
0.000000
0.000000
0.000430
0.003520
0.002360
0.005630
0.000000
0.000000
0.003080
0.000000
0.000000
0.000000
0.000150
0.000000
0.000010
0.000000
0.000000
0.000000
0.000000
0.000000
0.000000
0.000000
0.000000
0.000000
0.000000
0.000000
0.000000
0.000000
0.000000
0.000000
0.000000
0.000000
0.000000
0.000000
0.000000
0.000000
0.000250
0.000000
0.000000
0.000000
0.000000
0.000000
0.000000
0.000000
0.000000
0.000000
0.000000
0.000300
0.000420
0.000000
0.000000
0.000000
0.000000
0.000000
0.000000
0.000010
0.000000
0.000000
0.000000
0.001190
0.005200
0.000020
0.000040
0.003210
0.000110
0.000000
0.001010
0.000130
0.000000
0.000000
0.000000
0.000000
0.000000
0.000000
0.000000
0.000000
0.000000
0.000000
0.000000
0.000000
0.000000
0.000000
0.000000
0.000000
0.000000
0.000000
0.000000
0.000010
0.000000
0.000000
0.000000
0.000290
0.000000
0.000010
0.000000
0.000000
0.000000
0.000000
0.000000
0.000000
0.000000
0.000000
0.000000
0.000340
0.000000
0.000000
0.000020
0.000000
0.000000
0.000000
0.000000
0.000010
0.000000
0.000000
0.000000
0.000000
0.000000
0.000000
0.000000
0.000000
0.001670
0.000000
0.000000
0.000000
0.000000
0.000000
0.000000
0.000000
0.000000
0.000000
0.000000
0.000000
0.000000
0.000000
0.000000
0.000000
0.000000
0.000000
0.000000
0.000000
0.000000
0.000000
0.000000
0.000000
0.000000
0.000300
0.000000
0.000000
0.000000
0.000000
0.000000
0.000000
0.000010
0.000010
0.000110
0.000000
0.000540
0.000240
0.000000
0.000000
0.000000
0.000000
0.000000
0.000000
0.000030
0.000010
0.000000
0.000000
0.000000
0.000000
0.000000
0.000000
0.000000
0.000000
0.000000
0.000000
0.000000
0.000000
0.000000
0.000000
0.000000
0.000000
0.000000
0.000000
0.000000
0.000000
0.000000
0.000000
0.000000
0.000000
0.000000
0.000000
0.000000
0.000000
0.000000
0.000000
0.000000
0.000000
0.000260
0.000000
0.000000
0.000000
0.000000
0.000000
0.000000
0.000000
0.000000
0.000130
0.000000
0.000640
0.000000
0.000000
0.000000
0.000000
0.000000
0.000000
0.000010
0.000020
0.000000
0.000000
0.000000
0.000000
0.000000
0.000000
0.000000
0.000000
0.000000
0.000190
0.000000
0.000000
0.000000
0.000000
0.000000
0.000000
0.000000
0.000000
0.000000
0.000000
0.000000
0.000000
0.000000
0.000000
0.000000
0.000000
0.000000
0.000000
0.000000
0.000060
0.000000
0.000000
0.000140
0.000000
0.000010
0.000000
0.000000
0.000000
0.000000
0.000030
0.000000
0.000130
0.000000
0.000670
0.000100
0.000040
0.000310
0.000000
0.000000
0.000000
0.000000
0.000000
0.000000
0.000000
0.000020
0.000000
0.000000
0.000000
0.000000
0.000000
0.000000
0.000380
0.000000
0.000000
0.000000
0.000000
0.000000
0.000000
0.000010
0.000000
0.000000
0.000000
0.000000
0.000000
0.000000
0.000000
0.000000
0.000000
0.000000
0.000000
0.000050
0.000210
0.000000
0.000000
0.000000
0.000010
0.000000
0.000000
0.000000
0.000000
0.000030
0.000090
0.000000
0.000020
0.000590
0.000100
0.000030
0.000340
0.000000
0.000000
0.000000
0.000000
0.000000
0.000000
0.000000
0.000020
0.000000
0.000000
0.000000
0.000000
0.000000
0.000000
0.005760
0.000000
0.000000
0.000000
0.000010
0.000000
0.000000
0.000000
0.000000
0.000000
0.000000
0.000000
0.000000
0.000000
0.000000
0.000000
0.000000
0.000000
0.000050
0.000220
0.000040
0.000000
0.000000
0.000010
0.000000
0.000010
0.000000
0.000000
0.000000
0.000090
0.000190
0.000000
0.000520
0.000110
0.000030
0.000350
0.000010
0.000020
0.000000
0.000000
0.000000
0.000000
0.000000
0.000010
0.000000
0.000010
0.000000
0.000000
0.000000
0.000000
0.000260
0.000000
0.000000
0.000000
0.000000
0.000000
0.000000
0.000000
0.000000
0.000000
0.000000
0.000000
0.000000
0.000000
0.000000
0.000000
0.000000
0.000000
0.000200
0.000040
0.000000
0.000000
0.000000
0.000010
0.000010
0.000110
0.000000
0.000000
0.000000
0.000210
0.000060
0.000000
0.000110
0.000030
0.000350
0.000010
0.000020
0.000000
0.000000
0.000000
0.000000
0.000000
0.000000
0.000000
0.000010
0.000000
0.000000
0.000000
0.000000
0.000000
0.000000
0.000000
0.000000
0.000000
0.000000
0.000000
0.000010
0.000000
0.000000
0.000000
0.000000
0.000000
0.000000
0.000000
0.000000
0.000000
0.000000
0.000000
0.000000
0.000000
0.000000
0.000000
0.000000
0.000120
0.000000
0.000000
0.000000
0.000000
0.000000
0.000000
0.000000
0.000000
0.000240
0.000000
0.000020
0.000000
0.000000
0.000000
0.000000
0.000000
0.000000
0.000000
0.000010
0.000000
0.000000
0.000000
0.000000
0.000000
0.000000
0.000000
0.000000
0.000000
0.000000
0.000000
0.000040
0.000000
0.000000
0.000000
0.000000
0.000000
0.000000
0.000000
0.000000
0.000000
0.000000
0.000000
0.000000
0.000000
0.000000
0.000000
0.000120
0.000000
0.000000
0.000000
0.000000
0.000000
0.000000
0.000000
0.000000
0.000000
0.000060
0.000000
0.000030
0.000000
0.000000
0.000000
0.000000
0.000000
0.000000
0.000010
0.000000
0.000000
0.000000
0.000000
0.000000
0.000000
0.000000
0.000000
0.000030
0.000000
0.000000
0.000010
0.000000
0.000000
0.000000
0.000000
0.000000
0.000000
0.000000
0.000000
0.000000
0.000000
0.000010
0.000000
0.000010
0.000000
0.000000
0.000000
0.000000
0.000080
0.000000
0.000000
0.000000
0.000120
0.000170
0.000000
0.000120
0.000000
0.000040
0.000000
0.000010
0.000010
0.000000
0.000000
0.000000
0.000000
0.000000
0.000000
0.000000
0.000000
0.000000
0.000000
0.000000
0.000000
0.000000
0.000040
0.000000
0.000000
0.000000
0.000000
0.000000
0.000000
0.000000
0.000000
0.000000
0.000000
0.000000
0.000000
0.000000
0.000000
0.000000
0.000000
0.000000
0.000000
0.000000
0.000000
0.000000
0.000370
0.000000
0.000000
0.000000
0.000000
0.000000
0.000000
0.000000
0.000000
0.000000
0.000000
0.000000
0.000000
0.000000
0.000000
0.000000
0.000000
0.000000
0.000000
0.000000
0.000000
0.000000
0.000000
0.000000
0.000000
0.000020
0.000000
0.000000
0.000000
0.000000
0.000000
0.000000
0.000000
0.000000
0.000000
0.000000
0.000000
0.000000
0.000000
0.000000
0.000000
0.000010
0.000110
0.000000
0.000000
0.000000
0.000000
0.000000
0.000000
0.000000
0.000000
0.000000
0.000000
0.000010
0.000000
0.000000
0.000000
0.000000
0.000000
0.000000
0.000000
0.000010
0.000000
0.000000
0.000000
0.000000
0.000000
0.000000
0.000000
0.000340
0.000000
0.000000
0.000000
0.000000
0.000000
0.000000
0.000000
0.000000
0.000000
0.000000
0.000000
0.000000
0.000000
0.000000
0.000000
0.000140
0.000080
0.000000
0.000000
0.000000
0.000000
0.000000
0.000000
0.000000
0.000000
0.000100
0.000000
0.000000
0.000000
0.000000
0.000000
0.000000
0.000000
0.000000
0.000000
0.000000
0.000000
0.000000
0.000000
0.000000
0.000000
0.000000
0.000030
0.000000
0.000000
0.000000
0.000000
0.000000
0.000000
0.000000
0.000000
0.000000
0.000000
0.000150
0.000030
0.000000
0.000000
0.000000
0.000100
0.000000
0.000090
0.000000
0.000000
0.000000
0.000080
0.000020
0.000000
0.000150
0.000000
0.000000
0.000000
0.000000
0.000000
0.000000
0.000000
0.000000
0.000000
0.000000
0.000000
0.000000
0.000000
0.000000
0.000000
0.000000
0.000000
0.000000
0.000000
0.000000
0.000000
0.000000
0.000000
0.000000
0.000000
0.000010
0.000160
0.000000
0.000000
0.000000
0.000220
0.000120
0.000000
0.000000
0.000000
0.000470
0.000010
0.000010
0.000000
0.000000
0.000160
0.000000
0.000000
0.000000
0.000000
0.000000
0.000000
0.000000
0.000000
0.000000
0.000000
0.000000
0.000000
0.000000
0.000000
0.000000
0.000000
0.000000
0.000000
0.000000
0.000000
0.000000
0.000000
0.000000
0.000000
0.000000
0.000000
0.000000
0.000100
0.000150
0.000200
0.000000
0.000000
0.000010
0.000180
0.000660
0.000000
0.000000
0.000000
0.000020
0.000140
0.000000
0.000000
0.000000
0.000010
0.000000
0.000000
0.000000
0.000000
0.000000
0.000000
0.000000
0.000000
0.000010
0.000000
0.000000
0.000000
0.000000
0.000000
0.000000
0.000000
0.000000
0.000000
0.000000
0.000000
0.000000
0.000000
0.000000
0.000000
0.000000
0.000000
0.000000
0.000000
0.000440
0.000570
0.000000
0.000000
0.000000
0.000000
0.000000
0.000000
0.000000
0.000000
0.000010
0.000000
0.000010
0.000000
0.000000
0.000000
0.000000
0.000000
0.000000
0.000010
0.000000
0.000000
0.000000
0.000000
0.000000
0.000000
0.000000
0.000000
0.000000
0.000000
0.000000
0.000000
0.000120
0.000510
0.000000
0.000000
0.000000
0.000130
0.000400
0.000000
0.000000
0.000000
0.000010
0.000000
0.000050
0.000000
0.000000
0.000000
0.000000
0.000000
0.000000
0.000000
0.000000
0.000000
0.000000
0.000000
0.000000
0.000010
0.000000
0.000000
0.000000
0.000000
0.000000
0.000000
0.000000
0.000000
0.000000
0.000000
0.000000
0.000000
0.000000
0.000000
0.000000
0.000000
0.000000
0.000000
0.000000
0.000000
0.000000
0.000000
0.000000
0.000000
0.000000
0.000000
0.000000
0.000000
0.000000
0.000000
0.000000
0.000000
0.000000
0.000000
0.000000
0.000000
0.000000
0.000000
0.000000
0.000000
0.000000
0.000000
0.000000
0.000000
0.000000
0.000000
0.000000
0.000000
0.000000
0.000000
0.000000
0.000000
0.000000
0.000000
0.000000
0.000000
0.000000
0.000000
0.000000
0.000000
0.000000
0.000000
0.000000
0.000000
0.000000
0.000000
0.000000
0.000000
0.000000
0.000000
0.000000
0.000000
0.000000
0.000000
0.000000
0.000000
0.000000
0.000000
0.000000
0.000000
0.000000
0.000000
0.000000
0.000000
0.000000
0.000000
0.000000
0.000000
0.000000
0.000000
0.000000
0.000000
0.000000
0.000000
0.000000
0.000000
0.000000
0.000000
0.000000
0.000000
0.000000
0.000000
0.000000
0.000000
0.000000
0.000000
0.000000
0.000000
0.000000
0.000000
0.000000
0.000000
0.000000
0.000000
0.000000
0.000000
0.000000
0.000000
0.000000
0.000000
0.000000
0.000000
0.000000
0.000000
0.000000
0.000000
0.000000
0.000000
0.000000
0.000000
0.000000
0.000000
0.000000
0.000000
0.000000
0.000000
0.000000
0.000000
0.000000
0.000000
0.000000
0.000000
0.000000
0.000000
0.000000
0.000000
0.000000
0.000000
0.000000
0.000000
0.000000
0.000000
0.000000
0.000000
0.000000
0.000000
0.000000
0.000000
0.000000
0.000000
0.000000
0.000000
0.000000
0.000000
0.000000
0.000000
0.000000
0.000000
0.000000
0.000000
0.000000
0.000000
0.000000
0.000000
0.000000
0.000000
0.000000
0.000000
0.000000
0.000000
0.000000
0.000000
0.000000
0.000000
0.000000
0.000000
0.000000
0.000000
0.000000
0.000000
0.000000
0.000000
0.000000
0.000000
0.000000
0.000000
0.000000
0.000000
0.000000
0.000000
0.000000
0.000000
0.000000
0.000000
0.000000
0.000000
0.000000
0.000000
0.000000
0.000000
0.000000
0.000000
0.000000
0.000000
0.000000
0.000000
0.000000
0.000000
0.000000
0.000000
0.000000
0.000000
0.000000
0.000000
0.000000
0.000000
0.000000
0.000000
0.000000
0.000000
0.000000
0.000000
0.000000
0.000000
0.000000
0.000000
0.000000
0.000000
0.000000
0.000000
0.000000
0.000000
0.000000
0.000000
0.000000
0.000000
0.000000
0.000000
0.000000
0.000000
0.000000
0.000000
0.000000
0.000000
0.000000
0.000000
0.000000
0.000000
0.000000
0.000000
0.000000
0.000000
0.000000
0.000000
0.000000
0.000000
0.000000
0.000000
0.000000
0.000000
0.000000
0.000000
0.000000
0.000000
0.000000
0.000000
0.000000
0.000000
0.000000
0.000000
0.000000
0.000000
0.000000
0.000000
0.000000
0.000000
0.000000
0.000720
0.001990
0.000000
0.000000
0.000000
0.000000
0.000000
0.000000
0.000000
0.000000
0.000020
0.000000
0.000010
0.000000
0.000000
0.000000
0.000000
0.000000
0.000000
0.000370
0.001200
0.000000
0.000000
0.000000
0.000000
0.000000
0.000000
0.000000
0.000000
0.002650
0.000520
0.000000
0.000000
0.000000
0.000000
0.000000
0.000000
0.000000
0.000000
0.000140
0.000000
0.000010
0.000000
0.000000
0.000000
0.000000
0.000000
0.000000
0.002970
0.000120
0.000000
0.000000
0.000000
0.000000
0.000000
0.000000
0.000000
0.000000
0.000000
0.000000
0.000000
0.002450
0.000000
0.000000
0.000000
0.000000
0.000000
0.000000
0.000000
0.000000
0.000000
0.000000
0.000230
0.005940
0.000000
0.000000
0.000000
0.000000
0.000000
0.000000
0.000550
0.000000
0.000000
0.000000
0.000000
0.000000
0.000000
0.000000
0.003070
0.000000
0.000000
0.000000
0.000000
0.000000
0.000000
0.000000
0.000000
0.000000
0.000000
0.005710
0.014410
0.000000
0.000000
0.000000
0.000000
0.000000
0.000000
0.000580
0.000000
0.000000
0.000000
0.000000
0.000000
0.000000
0.002790
0.000000
0.000000
0.000000
0.000000
0.000000
0.000000
0.000000
0.000000
0.000000
0.000000
0.014700
0.001360
0.000000
0.000000
0.000000
0.000000
0.000000
0.000000
0.001060
0.000000
0.000000
0.000000
0.000000
0.000000
0.000000
0.000000
0.000000
0.000000
0.000000
0.000000
0.000150
0.000000
0.000230
0.000000
0.000000
0.000000
0.000000
0.000000
0.000000
0.001800
0.062290
0.000000
0.000000
0.000000
0.000000
0.000000
0.000000
0.000000
0.000000
0.000000
0.000000
0.000000
0.000000
0.000000
0.000830
0.000000
0.000620
0.000000
0.000000
0.000000
0.000000
0.000000
0.000000
0.119270
0.000700
0.000000
0.000000
0.000000
0.000000
0.000000
0.000000
0.000150
0.000590
0.000000
0.000000
0.001830
0.000000
0.000000
0.000000
0.000000
0.000000
0.000000
0.000910
0.000460
0.012050
0.128020
0.000000
0.000000
0.000000
0.000000
0.000070
0.000000
0.000000
0.000000
0.000060
0.000000
0.000000
0.000410
0.000000
0.000000
0.000000
0.000000
0.000000
0.000000
0.000690
0.015730
0.127350
0.000290
0.000000
0.000000
0.000000
0.000000
0.000070
0.000000
0.000000
0.000000
0.000000
0.000000
0.000000
0.000000
0.000000
0.000000
0.000000
0.000000
0.000000
0.021630
0.122430
0.000000
0.000000
0.000000
0.000000
0.000000
0.000000
0.001340
0.000000
0.000000
0.000000
0.000000
0.000000
0.000000
0.009720
0.000000
0.071570
0.000000
0.000000
0.000000
0.000000
0.000000
0.000000
0.001900
0.000420
0.000000
0.000000
0.000000
0.000000
0.000000
0.000000
0.000000
0.012720
0.000090
0.099350
0.000870
0.033730
0.025500
0.000000
0.000000
0.000000
0.000000
0.000460
0.000470
0.005010
0.001780
0.000000
0.000000
0.000000
0.000000
0.000000
0.097390
0.000000
0.034910
0.000000
0.000000
0.000000
0.000000
0.000000
0.000000
0.001080
0.004530
0.000000
0.000000
0.000000
0.000000
0.000000
0.000000
0.000000
0.000000
0.000000
0.000000
0.000000
0.003310
0.028010
0.000000
0.000000
0.000000
0.000000
0.000000
0.000000
0.000090
0.000000
0.000000
0.000000
0.000000
0.000000
0.000000
0.000000
0.027950
0.000590
0.000000
0.000000
0.000000
0.000000
0.000000
0.000000
0.000100
0.000000
0.000000
0.000000
0.000230
0.000000
0.000000
0.000000
0.000000
0.000000
0.000000
0.000700
0.000100
0.000000
0.000000
0.000000
0.000000
0.000000
0.000000
0.000000
0.000000
0.001560
0.005980
0.000000
0.000000
0.000000
0.000000
0.000000
0.000000
0.000130
0.000000
0.000000
0.000000
0.000000
0.004240
0.000230
0.005210
0.000140
0.000000
0.000000
0.000000
0.000000
0.000010
0.000000
0.000000
0.000000
0.000560
0.006790
0.000000
0.000000
0.000000
0.000000
0.000000
0.000000
0.000220
0.000000
0.000000
0.000000
0.000030
0.000160
0.000050
0.000000
0.000000
0.000000
0.000000
0.000050
0.000000
0.000000
0.000000
0.000000
0.000000
0.000000
0.000000
0.000000
0.000000
0.001210
0.000000
0.000000
0.000000
0.000000
0.000000
0.000000
0.000000
0.000000
0.079840
0.000000
0.000000
0.000000
0.000200
0.000270
0.005130
0.219060
0.000000
0.000000
0.000000
0.000000
0.003600
0.186600
0.022440
0.000000
0.000000
0.000000
0.000000
0.000000
0.000000
0.000000
0.000000
0.000000
0.000000
0.000000
0.000000
0.000000
0.000000
0.000000
0.000280
0.000000
0.000000
0.000000
0.000000
0.000000
0.000000
